{
  "initialHPosition": 0.28441516781515652, 
  "initialXPosition": -0.29543758424815503, 
  "initialYPosition": -0.63044431608447771, 
  "trueH": 0.17681726060589131, 
  "trueX": -0.26000872928500174, 
  "trueY": -0.64815236344265215
}