{
  "covariance": {
    "row_0": [
      0.0025200400000000007, 
      0.0, 
      0.0
    ], 
    "row_1": [
      0.0, 
      0.0025200400000000007, 
      0.0
    ], 
    "row_2": [
      0.0, 
      0.0, 
      0.010040040000000002
    ]
  }, 
  "h": 0.28432819086738409, 
  "t": 0.02, 
  "x": -0.29542437979078584, 
  "y": -0.63044452962349584
}