{
  "covariance": {
    "row_0": [
      0.002601000000000003, 
      0.0, 
      0.0
    ], 
    "row_1": [
      0.0, 
      0.002601000000000003, 
      0.0
    ], 
    "row_2": [
      0.0, 
      0.0, 
      0.010201000000000007
    ]
  }, 
  "h": 0.28417689156365139, 
  "t": 0.099999999999999992, 
  "x": -0.2954188405878988, 
  "y": -0.63044477207565053
}