{
  "t": 0.14999999999999999, 
  "vh": -0.010212439130160676, 
  "vx": -0.00094131672137148, 
  "vy": 0.00031345717155265067
}