{
  "covariance": {
    "row_0": [
      0.0025502500000000017, 
      0.0, 
      0.0
    ], 
    "row_1": [
      0.0, 
      0.0025502500000000017, 
      0.0
    ], 
    "row_2": [
      0.0, 
      0.0, 
      0.010100250000000003
    ]
  }, 
  "h": 0.28422101543078149, 
  "t": 0.050000000000000003, 
  "x": -0.29542755055262077, 
  "y": -0.6304297369983286
}