{
  "covariance": {
    "row_0": [
      1.974776861486373e-05, 
      4.1711650318983308e-06, 
      -2.0956003556220619e-06
    ], 
    "row_1": [
      4.1711650318983291e-06, 
      2.7228810638242368e-05, 
      -1.3279290902846559e-06
    ], 
    "row_2": [
      -2.0956003556220619e-06, 
      -1.3279290902846567e-06, 
      0.0006501828963101574
    ]
  }, 
  "h": 0.17667221810991876, 
  "t": 0.27000000000000007, 
  "x": -0.2631656554358538, 
  "y": -0.642296746361675
}