{
  "t": 0.45000000000000023, 
  "vh": 4.3584456784418695e-05, 
  "vx": -0.00024750367005222848, 
  "vy": 0.00074232768797118185
}