{
  "covariance": {
    "row_0": [
      2.5558115604324404e-05, 
      6.3328222299687421e-06, 
      -6.0174541555066115e-06
    ], 
    "row_1": [
      6.3328222299687421e-06, 
      3.8589977878664165e-05, 
      -4.4660418420915228e-06
    ], 
    "row_2": [
      -6.0174541555066115e-06, 
      -4.4660418420915228e-06, 
      0.001143931691153482
    ]
  }, 
  "h": 0.1793777144668533, 
  "t": 0.12999999999999998, 
  "x": -0.26199075061610977, 
  "y": -0.64247930987633117
}