{
  "t": 0.43000000000000022, 
  "vh": -0.00092527589238975186, 
  "vx": -0.00062543758081123565, 
  "vy": 0.00076150134349545814
}