{
  "t": 0.040000000000000001, 
  "vh": 0.00075412921127460326, 
  "vx": 0.00066139460012991412, 
  "vy": 0.0012418592540303184
}