{
  "t": 0.50000000000000022, 
  "vh": 0.019406591306211831, 
  "vx": -0.00029075327285520234, 
  "vy": 0.00097166218281604971
}