{
  "t": 0.089999999999999997, 
  "vh": 0.0060548092547169675, 
  "vx": 0.0017696485681342263, 
  "vy": -0.00044826260914262409
}