{
  "t": 0.19000000000000003, 
  "vh": 0.0017350554914247443, 
  "vx": -0.00046393828511135396, 
  "vy": -0.0002420335872687127
}