{
  "t": 0.12999999999999998, 
  "vh": -0.0019637259939639376, 
  "vx": 0.00066296201973708925, 
  "vy": -2.0725210570042382e-05
}