{
  "t": 0.47000000000000025, 
  "vh": 0.0074375009326600487, 
  "vx": -4.8578387617848844e-05, 
  "vy": 0.00041088006559181065
}