{
  "covariance": {
    "row_0": [
      2.657244607820048e-05, 
      6.4455366520717055e-06, 
      -6.0481198116521312e-06
    ], 
    "row_1": [
      6.4455366520717055e-06, 
      3.9837077395161574e-05, 
      -4.4879361445112975e-06
    ], 
    "row_2": [
      -6.0481198116521312e-06, 
      -4.4879361445112975e-06, 
      0.0011507059980583466
    ]
  }, 
  "h": 0.17924276081609408, 
  "t": 0.13999999999999999, 
  "x": -0.26199313338821995, 
  "y": -0.64247349900909012
}