{
  "covariance": {
    "row_0": [
      1.25259440348708e-05, 
      2.9265742484099549e-06, 
      -1.195919519776657e-06
    ], 
    "row_1": [
      2.9265742484099532e-06, 
      1.7310621293209007e-05, 
      -7.0297895095053547e-07
    ], 
    "row_2": [
      -1.1959195197766568e-06, 
      -7.0297895095053547e-07, 
      0.00044159101222340482
    ]
  }, 
  "h": 0.17576145665146323, 
  "t": 0.31000000000000011, 
  "x": -0.26329342860391636, 
  "y": -0.64445632785405016
}