{
  "covariance": {
    "row_0": [
      0.0025908100000000029, 
      0.0, 
      0.0
    ], 
    "row_1": [
      0.0, 
      0.0025908100000000029, 
      0.0
    ], 
    "row_2": [
      0.0, 
      0.0, 
      0.010180810000000007
    ]
  }, 
  "h": 0.28414972531432131, 
  "t": 0.089999999999999997, 
  "x": -0.29541271400059299, 
  "y": -0.6304436626920461
}