{
  "t": 0.38000000000000017, 
  "vh": -0.02880422037711346, 
  "vx": 0.00081440319551503049, 
  "vy": -0.00062551014029010594
}