{
  "covariance": {
    "row_0": [
      1.5575632123974352e-05, 
      3.7379705661028757e-06, 
      -2.0261739513325877e-06
    ], 
    "row_1": [
      3.7379705661028741e-06, 
      2.2278871618362032e-05, 
      -1.2856516427198865e-06
    ], 
    "row_2": [
      -2.0261739513325877e-06, 
      -1.2856516427198873e-06, 
      0.00062493434166676742
    ]
  }, 
  "h": 0.17657768975613777, 
  "t": 0.22000000000000006, 
  "x": -0.26315374241120182, 
  "y": -0.64228423800109091
}