{
  "covariance": {
    "row_0": [
      1.6294155937569315e-05, 
      3.308403652201704e-06, 
      -1.2442449683664702e-06
    ], 
    "row_1": [
      3.3084036522017028e-06, 
      2.1703577629204791e-05, 
      -7.3018919978225082e-07
    ], 
    "row_2": [
      -1.24424496836647e-06, 
      -7.3018919978225082e-07, 
      0.00046285500604839608
    ]
  }, 
  "h": 0.17605747428562274, 
  "t": 0.36000000000000015, 
  "x": -0.26330205304033005, 
  "y": -0.64442712989657969
}