{
  "covariance": {
    "row_0": [
      1.8645569218313894e-05, 
      3.2618463118039196e-06, 
      -9.5704520094954719e-07
    ], 
    "row_1": [
      3.2618463118039179e-06, 
      2.3684024071093106e-05, 
      -5.3421558501583486e-07
    ], 
    "row_2": [
      -9.5704520094954719e-07, 
      -5.3421558501583486e-07, 
      0.00038756736122895464
    ]
  }, 
  "h": 0.1758002788336307, 
  "t": 0.50000000000000022, 
  "x": -0.26116326929815775, 
  "y": -0.64263236338129659
}