{
  "t": 0.33000000000000013, 
  "vh": 0.0061901140374049732, 
  "vx": -0.00057093097419979525, 
  "vy": -0.0012312506808050178
}