{
  "covariance": {
    "row_0": [
      0.0025300900000000013, 
      0.0, 
      0.0
    ], 
    "row_1": [
      0.0, 
      0.0025300900000000013, 
      0.0
    ], 
    "row_2": [
      0.0, 
      0.0, 
      0.010060090000000002
    ]
  }, 
  "h": 0.28424720446637086, 
  "t": 0.029999999999999999, 
  "x": -0.29542854528215684, 
  "y": -0.63044195366615496
}