{
  "covariance": {
    "row_0": [
      1.4039508683458866e-05, 
      3.5638466968436525e-06, 
      -1.9982677911709149e-06
    ], 
    "row_1": [
      3.5638466968436508e-06, 
      2.0430108020685664e-05, 
      -1.2686580905542008e-06
    ], 
    "row_2": [
      -1.9982677911709149e-06, 
      -1.2686580905542016e-06, 
      0.00061492648608604599
    ]
  }, 
  "h": 0.17660051323528583, 
  "t": 0.19990234374999627, 
  "x": -0.26312193367989439, 
  "y": -0.64227138870627087
}