{
  "covariance": {
    "row_0": [
      1.0714382643615621e-05, 
      2.4106670511623924e-06, 
      -7.2423787584067686e-07
    ], 
    "row_1": [
      2.4106670511623903e-06, 
      1.4316937808741152e-05, 
      -3.9575279323011593e-07
    ], 
    "row_2": [
      -7.2423787584067665e-07, 
      -3.9575279323011604e-07, 
      0.00029760947053917235
    ]
  }, 
  "h": 0.17540219632211543, 
  "t": 0.4999023437500153, 
  "x": -0.25931331558270465, 
  "y": -0.64323302867656151
}