{
  "t": 0.39000000000000018, 
  "vh": 0.012071801430439245, 
  "vx": 0.00073474584854699328, 
  "vy": 0.00049643450061715333
}