{
  "covariance": {
    "row_0": [
      1.966872545972813e-05, 
      3.6138671752351049e-06, 
      -1.282905327238321e-06
    ], 
    "row_1": [
      3.6138671752351036e-06, 
      2.5577942698001423e-05, 
      -7.5195739884762291e-07
    ], 
    "row_2": [
      -1.2829053272383207e-06, 
      -7.5195739884762291e-07, 
      0.00048022620110838916
    ]
  }, 
  "h": 0.17588439189218386, 
  "t": 0.40000000000000019, 
  "x": -0.26327245902397922, 
  "y": -0.64442201707764313
}