{
  "covariance": {
    "row_0": [
      3.1944098447580862e-05, 
      7.0091087625865294e-06, 
      -6.2014480923797274e-06
    ], 
    "row_1": [
      7.0091087625865294e-06, 
      4.6372574977648625e-05, 
      -4.5974076566101679e-06
    ], 
    "row_2": [
      -6.2014480923797274e-06, 
      -4.5974076566101679e-06, 
      0.0011848775325826689
    ]
  }, 
  "h": 0.17895306507259676, 
  "t": 0.19000000000000003, 
  "x": -0.26198293635008302, 
  "y": -0.6424695763513868
}