{
  "t": 0.32000000000000012, 
  "vh": 0.01209421488368004, 
  "vx": -0.00050155308218772208, 
  "vy": -0.00081145989608028316
}