{
  "t": 0.02, 
  "vh": -0.011940282062076184, 
  "vx": 0.00090267870391991657, 
  "vy": 0.00036208600008613359
}