{
  "covariance": {
    "row_0": [
      1.5363042583330113e-05, 
      2.9769391305049122e-06, 
      -9.2538189107163963e-07
    ], 
    "row_1": [
      2.9769391305049105e-06, 
      1.9961200896104552e-05, 
      -5.1725989819259964e-07
    ], 
    "row_2": [
      -9.2538189107163974e-07, 
      -5.1725989819259964e-07, 
      0.00037197801771482621
    ]
  }, 
  "h": 0.1755896279850373, 
  "t": 0.46000000000000024, 
  "x": -0.26114032516968683, 
  "y": -0.6426136717875004
}