{
  "covariance": {
    "row_0": [
      1.615367424207606e-05, 
      3.0481659258296652e-06, 
      -9.3329771854111663e-07
    ], 
    "row_1": [
      3.0481659258296635e-06, 
      2.0861906689851693e-05, 
      -5.2149881989840842e-07
    ], 
    "row_2": [
      -9.3329771854111673e-07, 
      -5.2149881989840842e-07, 
      0.00037584535359335835
    ]
  }, 
  "h": 0.17566400299436391, 
  "t": 0.47000000000000025, 
  "x": -0.26114081095356301, 
  "y": -0.64260956298684446
}