{
  "covariance": {
    "row_0": [
      1.1825626412882699e-05, 
      2.8494626070972931e-06, 
      -1.1861600444169135e-06
    ], 
    "row_1": [
      2.8494626070972915e-06, 
      1.6484134580590118e-05, 
      -6.9748375616694081e-07
    ], 
    "row_2": [
      -1.1861600444169133e-06, 
      -6.9748375616694081e-07, 
      0.0004373573667678898
    ]
  }, 
  "h": 0.17588695811691432, 
  "t": 0.2999023437499963, 
  "x": -0.26328151195109489, 
  "y": -0.64447922693078896
}