{
  "t": 0.01, 
  "vh": 0.003242587284834046, 
  "vx": 0.00041776703299878642, 
  "vy": -0.00038343990189331243
}