{
  "covariance": {
    "row_0": [
      1.2400515948346335e-05, 
      2.692031949205909e-06, 
      -8.9371858119373208e-07
    ], 
    "row_1": [
      2.6920319492059073e-06, 
      1.6558377721115998e-05, 
      -5.0030421136936389e-07
    ], 
    "row_2": [
      -8.9371858119373218e-07, 
      -5.0030421136936389e-07, 
      0.00035670867420069778
    ]
  }, 
  "h": 0.17542370366965149, 
  "t": 0.42000000000000021, 
  "x": -0.26109544753767422, 
  "y": -0.64263013957933046
}