{
  "covariance": {
    "row_0": [
      1.6370059422152231e-05, 
      3.8246094592619664e-06, 
      -2.0400592321904826e-06
    ], 
    "row_1": [
      3.8246094592619647e-06, 
      2.3228859422338103e-05, 
      -1.2941071322328405e-06
    ], 
    "row_2": [
      -2.0400592321904826e-06, 
      -1.2941071322328414e-06, 
      0.00062994405259544537
    ]
  }, 
  "h": 0.17659585473652062, 
  "t": 0.23000000000000007, 
  "x": -0.26314898068972753, 
  "y": -0.64227180483438784
}