{
  "covariance": {
    "row_0": [
      3.3078428921456943e-05, 
      7.1218231846894911e-06, 
      -6.2321137485252455e-06
    ], 
    "row_1": [
      7.1218231846894911e-06, 
      4.7739674494146033e-05, 
      -4.6193019590299426e-06
    ], 
    "row_2": [
      -6.2321137485252455e-06, 
      -4.6193019590299426e-06, 
      0.0011917718394875332
    ]
  }, 
  "h": 0.17899232376842614, 
  "t": 0.20000000000000004, 
  "x": -0.2619923181714004, 
  "y": -0.64246980852923252
}