{
  "covariance": {
    "row_0": [
      1.5500513557029612e-05, 
      3.2320377714433561e-06, 
      -1.2345798786485076e-06
    ], 
    "row_1": [
      3.2320377714433545e-06, 
      2.0784986362005636e-05, 
      -7.2474715001590756e-07
    ], 
    "row_2": [
      -1.2345798786485073e-06, 
      -7.2474715001590756e-07, 
      0.00045856220728339784
    ]
  }, 
  "h": 0.17598768017300997, 
  "t": 0.35000000000000014, 
  "x": -0.26328968221788857, 
  "y": -0.64443442635593584
}