{
  "covariance": {
    "row_0": [
      0.0025401600000000014, 
      0.0, 
      0.0
    ], 
    "row_1": [
      0.0, 
      0.0025401600000000014, 
      0.0
    ], 
    "row_2": [
      0.0, 
      0.0, 
      0.010080160000000003
    ]
  }, 
  "h": 0.28425474575848358, 
  "t": 0.040000000000000001, 
  "x": -0.29542193133615552, 
  "y": -0.63042953507361466
}