{
  "covariance": {
    "row_0": [
      1.7107798318109021e-05, 
      3.3847695329600523e-06, 
      -1.2539100580844327e-06
    ], 
    "row_1": [
      3.3847695329600511e-06, 
      2.2642168896403951e-05, 
      -7.3563124954859387e-07
    ], 
    "row_2": [
      -1.2539100580844325e-06, 
      -7.3563124954859387e-07, 
      0.00046716780481339431
    ]
  }, 
  "h": 0.17614245810959456, 
  "t": 0.37000000000000016, 
  "x": -0.26329943635502373, 
  "y": -0.64442383154225713
}