{
  "t": 0.42000000000000021, 
  "vh": -0.012096694943445147, 
  "vx": -0.00083787533744295473, 
  "vy": 0.0019757445954847255
}