{
  "covariance": {
    "row_0": [
      1.7794937559567952e-05, 
      3.1906195164791683e-06, 
      -9.4912937348007041e-07
    ], 
    "row_1": [
      3.1906195164791666e-06, 
      2.2723318277345972e-05, 
      -5.2997666331002608e-07
    ], 
    "row_2": [
      -9.4912937348007051e-07, 
      -5.2997666331002608e-07, 
      0.00038364002535042259
    ]
  }, 
  "h": 0.17560621292056858, 
  "t": 0.49000000000000027, 
  "x": -0.26116036176542923, 
  "y": -0.64264208000312473
}