{
  "covariance": {
    "row_0": [
      0.0025704900000000025, 
      0.0, 
      0.0
    ], 
    "row_1": [
      0.0, 
      0.0025704900000000025, 
      0.0
    ], 
    "row_2": [
      0.0, 
      0.0, 
      0.010140490000000005
    ]
  }, 
  "h": 0.28408610141307489, 
  "t": 0.070000000000000007, 
  "x": -0.29542909573139403, 
  "y": -0.63044092625130244
}