{
  "t": 0.029999999999999999, 
  "vh": -0.0080986401013206505, 
  "vx": -0.00041654913709755997, 
  "vy": 0.00025759573408488175
}