{
  "t": 0.4100000000000002, 
  "vh": 0.012062626126665211, 
  "vx": -0.00061716882026639905, 
  "vy": -0.0014842659242038174
}