{
  "t": 0.37000000000000016, 
  "vh": 0.0084983823971828444, 
  "vx": 0.00026166853063222897, 
  "vy": 0.0003298354322517452
}