{
  "t": 0.18000000000000002, 
  "vh": 0.0029115030450563456, 
  "vx": 0.0015912139931703233, 
  "vy": 0.00021117939100228527
}