{
  "t": 0.40000000000000019, 
  "vh": -0.0090742027943957835, 
  "vx": 0.0011485840603888112, 
  "vy": 0.00031052210107872024
}