{
  "covariance": {
    "row_0": [
      1.4592410924584169e-05, 
      2.9057123351801622e-06, 
      -9.1746606360216296e-07
    ], 
    "row_1": [
      2.9057123351801605e-06, 
      1.9080495102357414e-05, 
      -5.1302097648679075e-07
    ], 
    "row_2": [
      -9.1746606360216306e-07, 
      -5.1302097648679075e-07, 
      0.00036813068183629417
    ]
  }, 
  "h": 0.17541972330289779, 
  "t": 0.45000000000000023, 
  "x": -0.26113182869676782, 
  "y": -0.64261869574984443
}