{
  "covariance": {
    "row_0": [
      2.8661107025952634e-05, 
      6.6709654962776357e-06, 
      -6.1094511239431682e-06
    ], 
    "row_1": [
      6.6709654962776357e-06, 
      4.2391276428156394e-05, 
      -4.5317247493508453e-06
    ], 
    "row_2": [
      -6.1094511239431682e-06, 
      -4.5317247493508453e-06, 
      0.0011643146118680754
    ]
  }, 
  "h": 0.17896244297123701, 
  "t": 0.16, 
  "x": -0.2620097361498423, 
  "y": -0.64246573595457868
}