{
  "covariance": {
    "row_0": [
      1.3239586415410502e-05, 
      3.0029401291683057e-06, 
      -1.2055846094946197e-06
    ], 
    "row_1": [
      3.002940129168304e-06, 
      1.8149212560408164e-05, 
      -7.0842100071687851e-07
    ], 
    "row_2": [
      -1.2055846094946195e-06, 
      -7.0842100071687851e-07, 
      0.0004458038109884031
    ]
  }, 
  "h": 0.17588239880030002, 
  "t": 0.32000000000000012, 
  "x": -0.26329844413473824, 
  "y": -0.64446444245301093
}