{
  "t": 0.23000000000000007, 
  "vh": 0.0018164980382857528, 
  "vx": 0.00047617214743002665, 
  "vy": 0.0012433166703072272
}