{
  "covariance": {
    "row_0": [
      1.7184486720330106e-05, 
      3.9112483524210584e-06, 
      -2.0539445130483774e-06
    ], 
    "row_1": [
      3.9112483524210567e-06, 
      2.4198847226314171e-05, 
      -1.3025626217457944e-06
    ], 
    "row_2": [
      -2.0539445130483774e-06, 
      -1.3025626217457952e-06, 
      0.00063497376352412342
    ]
  }, 
  "h": 0.17659036395646488, 
  "t": 0.24000000000000007, 
  "x": -0.26315141917252549, 
  "y": -0.64227557214928832
}