{
  "covariance": {
    "row_0": [
      1.1709884289600391e-05, 
      2.6208051538811577e-06, 
      -8.8580275372425508e-07
    ], 
    "row_1": [
      2.620805153881156e-06, 
      1.5757671927368863e-05, 
      -4.9606528966355479e-07
    ], 
    "row_2": [
      -8.8580275372425519e-07, 
      -4.9606528966355479e-07, 
      0.00035294133832216565
    ]
  }, 
  "h": 0.17554467061908594, 
  "t": 0.4100000000000002, 
  "x": -0.26108706878429977, 
  "y": -0.6426498970252853
}