{
  "t": 0.36000000000000015, 
  "vh": 0.0069794112612763083, 
  "vx": -0.0012370822441477277, 
  "vy": 0.00072964593561168536
}