{
  "covariance": {
    "row_0": [
      1.1032802103487319e-05, 
      2.5488827843834197e-06, 
      -8.7780962325215859e-07
    ], 
    "row_1": [
      2.548882784383418e-06, 
      1.4969440663530141e-05, 
      -4.9178497223796926e-07
    ], 
    "row_2": [
      -8.778096232521587e-07, 
      -4.9178497223796926e-07, 
      0.00034915750597662475
    ]
  }, 
  "h": 0.17542286636698678, 
  "t": 0.39990234375001527, 
  "x": -0.26108083682570449, 
  "y": -0.64263490941819912
}