{
  "t": 0.3000000000000001, 
  "vh": -0.010711305175704408, 
  "vx": -0.0013005036350528332, 
  "vy": -0.00073351601410848578
}