{
  "t": 0.20000000000000004, 
  "vh": 0.0039258695829387088, 
  "vx": -0.00093818213173944094, 
  "vy": -2.3217784575444839e-05
}