{
  "t": 0.10999999999999999, 
  "vh": -0.0021515883252704458, 
  "vx": -0.0003022759361808966, 
  "vy": -0.00092002137098613529
}