{
  "covariance": {
    "row_0": [
      1.3111147607092278e-05, 
      2.7632587445306599e-06, 
      -9.0163440866320918e-07
    ], 
    "row_1": [
      2.7632587445306582e-06, 
      1.7379083514863137e-05, 
      -5.0454313307517288e-07
    ], 
    "row_2": [
      -9.0163440866320928e-07, 
      -5.0454313307517288e-07, 
      0.00036049601007922996
    ]
  }, 
  "h": 0.17541445091072758, 
  "t": 0.43000000000000022, 
  "x": -0.26110170191348231, 
  "y": -0.64262252456589553
}