{
  "t": 0.29000000000000009, 
  "vh": 0.001982065338505601, 
  "vx": 0.00023906667432783499, 
  "vy": 0.00019545348090971632
}