{
  "covariance": {
    "row_0": [
      0.002560360000000002, 
      0.0, 
      0.0
    ], 
    "row_1": [
      0.0, 
      0.002560360000000002, 
      0.0
    ], 
    "row_2": [
      0.0, 
      0.0, 
      0.010120360000000005
    ]
  }, 
  "h": 0.28421314681364984, 
  "t": 0.060000000000000005, 
  "x": -0.29542931004628403, 
  "y": -0.63043814478515314
}