{
  "t": 0.24000000000000007, 
  "vh": -0.00054907800557304186, 
  "vx": -0.0002438482797967652, 
  "vy": -0.00037673149004345844
}