{
  "t": 0.17000000000000001, 
  "vh": -0.0055843484005048197, 
  "vx": 0.0015527042678705491, 
  "vy": -0.00035318548454410715
}