{
  "covariance": {
    "row_0": [
      2.0642195913041605e-05, 
      4.2578039250574228e-06, 
      -2.1094856364799567e-06
    ], 
    "row_1": [
      4.2578039250574211e-06, 
      2.8278798442218435e-05, 
      -1.3363845797976099e-06
    ], 
    "row_2": [
      -2.1094856364799567e-06, 
      -1.3363845797976108e-06, 
      0.00065529260723883541
    ]
  }, 
  "h": 0.17699933324740552, 
  "t": 0.28000000000000008, 
  "x": -0.2631742095866289, 
  "y": -0.64229934877692718
}