{
  "covariance": {
    "row_0": [
      2.4563785130448331e-05, 
      6.2201078078657786e-06, 
      -5.9867884993610909e-06
    ], 
    "row_1": [
      6.2201078078657786e-06, 
      3.7362878362166759e-05, 
      -4.4441475396717481e-06
    ], 
    "row_2": [
      -5.9867884993610909e-06, 
      -4.4441475396717481e-06, 
      0.0011371773842486174
    ]
  }, 
  "h": 0.17939735172679294, 
  "t": 0.11999999999999998, 
  "x": -0.26199738023630714, 
  "y": -0.64247910262422547
}