{
  "covariance": {
    "row_0": [
      2.9735437499828709e-05, 
      6.7836799183806017e-06, 
      -6.1401167800886888e-06
    ], 
    "row_1": [
      6.7836799183806017e-06, 
      4.3698375944653806e-05, 
      -4.5536190517706209e-06
    ], 
    "row_2": [
      -6.1401167800886888e-06, 
      -4.5536190517706209e-06, 
      0.00117114891877294
    ]
  }, 
  "h": 0.17890659948723195, 
  "t": 0.17000000000000001, 
  "x": -0.26199420910716359, 
  "y": -0.64246926780942415
}