{
  "covariance": {
    "row_0": [
      2.7606776552076558e-05, 
      6.5582510741746706e-06, 
      -6.0787854677976501e-06
    ], 
    "row_1": [
      6.5582510741746706e-06, 
      4.1104176911658986e-05, 
      -4.5098304469310714e-06
    ], 
    "row_2": [
      -6.0787854677976501e-06, 
      -4.5098304469310714e-06, 
      0.001157500304963211
    ]
  }, 
  "h": 0.17914063642479247, 
  "t": 0.14999999999999999, 
  "x": -0.26200254655543365, 
  "y": -0.6424703644373746
}