{
  "covariance": {
    "row_0": [
      1.4726871176489909e-05, 
      3.1556718906850061e-06, 
      -1.2249147889305449e-06
    ], 
    "row_1": [
      3.1556718906850045e-06, 
      1.988639509480648e-05, 
      -7.193051002495644e-07
    ], 
    "row_2": [
      -1.2249147889305447e-06, 
      -7.193051002495644e-07, 
      0.00045428940851839958
    ]
  }, 
  "h": 0.17601979332350717, 
  "t": 0.34000000000000014, 
  "x": -0.26329630923536468, 
  "y": -0.64445693820025618
}