{
  "t": 0.21000000000000005, 
  "vh": -0.0038721625110111051, 
  "vx": -0.0020521857126858498, 
  "vy": 0.00014455376180717996
}