{
  "t": 0.25000000000000006, 
  "vh": -0.0059898768619649516, 
  "vx": -0.00063321423775924664, 
  "vy": -0.001820101299715621
}