{
  "covariance": {
    "row_0": [
      2.2491050509397356e-05, 
      4.4310817113756041e-06, 
      -2.1372561981957463e-06
    ], 
    "row_1": [
      4.4310817113756033e-06, 
      3.0438774050170574e-05, 
      -1.3532955588235174e-06
    ], 
    "row_2": [
      -2.1372561981957463e-06, 
      -1.3532955588235183e-06, 
      0.0006655720290961914
    ]
  }, 
  "h": 0.17691204084903353, 
  "t": 0.3000000000000001, 
  "x": -0.26318482395623616, 
  "y": -0.64230472940225913
}