{
  "t": 0.48000000000000026, 
  "vh": 0.011752791048546745, 
  "vx": -0.0020278357983788127, 
  "vy": -0.0014876785770029269
}