{
  "covariance": {
    "row_0": [
      1.8795083079188425e-05, 
      3.5375012944767544e-06, 
      -1.2732402375203583e-06
    ], 
    "row_1": [
      3.5375012944767532e-06, 
      2.4579351430802265e-05, 
      -7.4651534908127996e-07
    ], 
    "row_2": [
      -1.2732402375203581e-06, 
      -7.4651534908127996e-07, 
      0.0004758534023433909
    ]
  }, 
  "h": 0.17597513392012781, 
  "t": 0.39000000000000018, 
  "x": -0.26328394486458312, 
  "y": -0.6444251222986539
}