{
  "t": 0.070000000000000007, 
  "vh": -0.012704540057495195, 
  "vx": 2.1431488999959017e-05, 
  "vy": -0.00027814661492590133
}