{
  "t": 0.22000000000000006, 
  "vh": 0.0016276286832294735, 
  "vx": -0.0011086465419516316, 
  "vy": -0.0014308949016431098
}