{
  "covariance": {
    "row_0": [
      1.6964305900822002e-05, 
      3.1193927211544182e-06, 
      -9.4121354601059341e-07
    ], 
    "row_1": [
      3.1193927211544165e-06, 
      2.1782612483598831e-05, 
      -5.2573774160421698e-07
    ], 
    "row_2": [
      -9.4121354601059352e-07, 
      -5.2573774160421698e-07, 
      0.00037973268947189042
    ]
  }, 
  "h": 0.17578153090484938, 
  "t": 0.48000000000000026, 
  "x": -0.2611610893115468, 
  "y": -0.64262443977261452
}