{
  "t": 0.35000000000000014, 
  "vh": -0.0032113150497195186, 
  "vx": 0.00066270174761141995, 
  "vy": 0.0022511844320330537
}