{
  "t": 0.27000000000000007, 
  "vh": 0.0050825762778842955, 
  "vx": -0.0013245663522650924, 
  "vy": -0.00023643081297382157
}