{
  "t": 0.46000000000000024, 
  "vh": 0.016990468213950914, 
  "vx": -0.00084964729190206787, 
  "vy": 0.00050239623439854583
}