{
  "covariance": {
    "row_0": [
      2.1556623211219479e-05, 
      4.3444428182165147e-06, 
      -2.1233709173378515e-06
    ], 
    "row_1": [
      4.344442818216513e-06, 
      2.9348786246194505e-05, 
      -1.3448400693105636e-06
    ], 
    "row_2": [
      -2.1233709173378515e-06, 
      -1.3448400693105644e-06, 
      0.00066042231816751341
    ]
  }, 
  "h": 0.17701915390079057, 
  "t": 0.29000000000000009, 
  "x": -0.26317181891988561, 
  "y": -0.64229739424211807
}