{
  "covariance": {
    "row_0": [
      2.3589454656572259e-05, 
      6.107393385762811e-06, 
      -5.9561228432155711e-06
    ], 
    "row_1": [
      6.107393385762811e-06, 
      3.6155778845669343e-05, 
      -4.4222532372519725e-06
    ], 
    "row_2": [
      -5.9561228432155711e-06, 
      -4.4222532372519725e-06, 
      0.0011304430773437528
    ]
  }, 
  "h": 0.17942446126436104, 
  "t": 0.10999999999999999, 
  "x": -0.26197918163980438, 
  "y": -0.64247599881249373
}