{
  "t": 0.11999999999999998, 
  "vh": -0.0027109537568109862, 
  "vx": -0.0018198596502741625, 
  "vy": -0.00031038117316896445
}