{
  "t": 0.31000000000000011, 
  "vh": -0.012428771820296811, 
  "vx": -0.0011801404728434323, 
  "vy": 0.0022677615648421922
}