{
  "covariance": {
    "row_0": [
      1.8018914018507978e-05, 
      3.9978872455801495e-06, 
      -2.0678297939062722e-06
    ], 
    "row_1": [
      3.9978872455801478e-06, 
      2.5188835030290231e-05, 
      -1.311018111258748e-06
    ], 
    "row_2": [
      -2.0678297939062722e-06, 
      -1.3110181112587488e-06, 
      0.00064002347445280135
    ]
  }, 
  "h": 0.17653046518784524, 
  "t": 0.25000000000000006, 
  "x": -0.2631577513149031, 
  "y": -0.64229377316228553
}