{
  "t": 0.080000000000000002, 
  "vh": 0.00030758086992429688, 
  "vx": -0.0001314754880316215, 
  "vy": 0.00017461853477134131
}