{
  "t": 0.16, 
  "vh": -0.017819345355545572, 
  "vx": -0.00071895944086764916, 
  "vy": 0.00046284827959682629
}