{
  "covariance": {
    "row_0": [
      0.0025806400000000025, 
      0.0, 
      0.0
    ], 
    "row_1": [
      0.0, 
      0.0025806400000000025, 
      0.0
    ], 
    "row_2": [
      0.0, 
      0.0, 
      0.010160640000000006
    ]
  }, 
  "h": 0.28408917722177413, 
  "t": 0.080000000000000002, 
  "x": -0.29543041048627433, 
  "y": -0.63043918006595467
}