{
  "covariance": {
    "row_0": [
      1.4801204825796473e-05, 
      3.6513316729437846e-06, 
      -2.0122886704746929e-06
    ], 
    "row_1": [
      3.651331672943783e-06, 
      2.1348883814385961e-05, 
      -1.2771961532069328e-06
    ], 
    "row_2": [
      -2.0122886704746929e-06, 
      -1.2771961532069337e-06, 
      0.00061994463073808946
    ]
  }, 
  "h": 0.17656141346930548, 
  "t": 0.21000000000000005, 
  "x": -0.26314265594578229, 
  "y": -0.64226992905207447
}