{
  "t": 0.26000000000000006, 
  "vh": 0.009092715929468996, 
  "vx": 0.0005341542571978636, 
  "vy": -6.0889125974074331e-05
}