{
  "t": 0.49000000000000027, 
  "vh": -0.017531798428079479, 
  "vx": 7.2754611757502296e-05, 
  "vy": -0.0017640230510243659
}