{
  "covariance": {
    "row_0": [
      1.8873341316685856e-05, 
      4.0845261387392406e-06, 
      -2.081715074764167e-06
    ], 
    "row_1": [
      4.0845261387392389e-06, 
      2.6198822834266301e-05, 
      -1.3194736007717023e-06
    ], 
    "row_2": [
      -2.081715074764167e-06, 
      -1.3194736007717031e-06, 
      0.00064509318538147938
    ]
  }, 
  "h": 0.17662139234713992, 
  "t": 0.26000000000000006, 
  "x": -0.26315240977233112, 
  "y": -0.64229438205354528
}