{
  "covariance": {
    "row_0": [
      1.7941440698648723e-05, 
      3.4611354137184028e-06, 
      -1.2635751478023956e-06
    ], 
    "row_1": [
      3.4611354137184015e-06, 
      2.3600760163603106e-05, 
      -7.4107329931493681e-07
    ], 
    "row_2": [
      -1.2635751478023954e-06, 
      -7.4107329931493681e-07, 
      0.00047150060357839264
    ]
  }, 
  "h": 0.17585441590582343, 
  "t": 0.38000000000000017, 
  "x": -0.26329129232306858, 
  "y": -0.64443008664366008
}