{
  "t": 0.060000000000000005, 
  "vh": -0.00078686171316240091, 
  "vx": -0.00017594936632517991, 
  "vy": -0.00084077868245565116
}