{
  "covariance": {
    "row_0": [
      2.262590315908665e-05, 
      5.993578236881508e-06, 
      -5.9251577177717591e-06
    ], 
    "row_1": [
      5.993578236881508e-06, 
      3.4957185170380573e-05, 
      -4.4001451232851315e-06
    ], 
    "row_2": [
      -5.9251577177717591e-06, 
      -4.4001451232851315e-06, 
      0.0011236632996454456
    ]
  }, 
  "h": 0.17944618726366113, 
  "t": 0.099902343750000927, 
  "x": -0.26197612936130821, 
  "y": -0.64246670875294687
}