{
  "t": 0.13999999999999999, 
  "vh": -0.013495365075921898, 
  "vx": -0.00023827721101865007, 
  "vy": 0.00058108672409987075
}