{
  "t": 0.44000000000000022, 
  "vh": 0.00048365476023525255, 
  "vx": -0.0027651746584968595, 
  "vy": -0.00035944608286622975
}