{
  "t": 0.099999999999999992, 
  "vh": 0.0027166249330082045, 
  "vx": -0.00061265873057894616, 
  "vy": -0.00011093836044168872
}