{
  "covariance": {
    "row_0": [
      1.3841779265838222e-05, 
      2.8344855398554108e-06, 
      -9.0955023613268607e-07
    ], 
    "row_1": [
      2.8344855398554091e-06, 
      1.8219789308610276e-05, 
      -5.0878205478098187e-07
    ], 
    "row_2": [
      -9.0955023613268617e-07, 
      -5.0878205478098187e-07, 
      0.00036430334595776207
    ]
  }, 
  "h": 0.17541928745832994, 
  "t": 0.44000000000000022, 
  "x": -0.26112935366006729, 
  "y": -0.64262611902672417
}