{
  "covariance": {
    "row_0": [
      1.3973228795950205e-05, 
      3.079306009926657e-06, 
      -1.2152496992125822e-06
    ], 
    "row_1": [
      3.0793060099266553e-06, 
      1.9007803827607323e-05, 
      -7.1386305048322135e-07
    ], 
    "row_2": [
      -1.215249699212582e-06, 
      -7.1386305048322135e-07, 
      0.00045003660975340132
    ]
  }, 
  "h": 0.17594429994067406, 
  "t": 0.33000000000000013, 
  "x": -0.26330415344448022, 
  "y": -0.64447675495981893
}