{
  "t": 0.34000000000000014, 
  "vh": 0.0075493382833102893, 
  "vx": 0.00078442091155493275, 
  "vy": 0.0019816759562770936
}