{
  "covariance": {
    "row_0": [
      3.082976797370479e-05, 
      6.8963943404835643e-06, 
      -6.1707824362342085e-06
    ], 
    "row_1": [
      6.8963943404835643e-06, 
      4.5025475461151214e-05, 
      -4.5755133541903957e-06
    ], 
    "row_2": [
      -6.1707824362342085e-06, 
      -4.5755133541903957e-06, 
      0.0011780032256778045
    ]
  }, 
  "h": 0.1789357145176825, 
  "t": 0.18000000000000002, 
  "x": -0.26197829696723191, 
  "y": -0.64246715601551407
}