{
  "t": 0.050000000000000003, 
  "vh": -0.003373032770210681, 
  "vx": -0.00056192164652590373, 
  "vy": -2.0192471394501273e-05
}