{
  "t": 0.28000000000000008, 
  "vh": 0.032711513748677382, 
  "vx": -0.00085541507750875006, 
  "vy": -0.00026024152522217844
}