{
  "estimInitialHPosition": 3.4215161078208562, 
  "estimInitialXPosition": -0.18815918444326926, 
  "estimInitialYPosition": -0.58545721778525017, 
  "trueInitialHPosition": 3.4203168638546466, 
  "trueInitialXPosition": -0.19301307592673345, 
  "trueInitialYPosition": -0.59196752282816301
}