{
  "covariance": {
    "row_0": [
      5.9397692581123515e-05, 
      0.0, 
      0.0
    ], 
    "row_1": [
      0.0, 
      4.556287940347547e-05, 
      0.0
    ], 
    "row_2": [
      0.0, 
      0.0, 
      1.0596974028428109e-05
    ]
  }, 
  "h": 3.3476216657996489, 
  "t": 0.030078000000000001, 
  "x": -0.10001930437684126, 
  "y": -0.64374941701645216
}