{
  "covariance": {
    "row_0": [
      0.0001624308654863958, 
      -2.239034527691334e-05, 
      5.0761256083355802e-06
    ], 
    "row_1": [
      -2.239034527691334e-05, 
      8.7980219774815312e-05, 
      2.6100222614697588e-05
    ], 
    "row_2": [
      5.0761256083355802e-06, 
      2.6100222614697588e-05, 
      0.00039626231847697237
    ]
  }, 
  "h": 2.8174343809986637, 
  "t": 0.17002, 
  "x": 0.31523865327175715, 
  "y": -0.80469137287744019
}