{
  "sigmaH": 0.16167932613174754, 
  "sigmaX": 0.090000000000003411, 
  "sigmaY": 0.001, 
  "t": 0.210059, 
  "vh": -5.3530661741503485, 
  "vx": 3.0489317307839934, 
  "vy": 6.7715970534235902e-05
}