{
  "covariance": {
    "row_0": [
      0.00010272066441741222, 
      -1.0496145219374719e-05, 
      2.3397787492530951e-06
    ], 
    "row_1": [
      -1.0496145219374719e-05, 
      6.7811227396887946e-05, 
      1.1993238874436231e-05
    ], 
    "row_2": [
      2.3397787492530946e-06, 
      1.199323887443623e-05, 
      0.00020943490653349631
    ]
  }, 
  "h": 3.003999998053581, 
  "t": 0.130078, 
  "x": 0.19686019268999405, 
  "y": -0.80467192505013962
}