{
  "covariance": {
    "row_0": [
      0.00011391338067993344, 
      1.2119380016908485e-05, 
      7.2279196582600508e-06
    ], 
    "row_1": [
      1.2119380016908492e-05, 
      0.00019439213695668324, 
      4.0597884756722914e-05
    ], 
    "row_2": [
      7.2279196582600499e-06, 
      4.0597884756722914e-05, 
      0.00097365444275838216
    ]
  }, 
  "h": 2.2580929874649418, 
  "t": 0.27001999999999998, 
  "x": 0.61139840833117864, 
  "y": -0.80441573841029268
}