{
  "h": 2.953684736243265, 
  "t": 0.14003906250000001, 
  "x": 0.22710262777399604, 
  "y": -0.80000000000000004
}