{
  "covariance": {
    "row_0": [
      0.00018631173465708594, 
      -2.4104134887348481e-05, 
      6.6525917102418451e-06
    ], 
    "row_1": [
      -2.4104134887348481e-05, 
      0.00010641517504073411, 
      3.5320437055794741e-05
    ], 
    "row_2": [
      6.6525917102418451e-06, 
      3.5320437055794741e-05, 
      0.00052462067592031012
    ]
  }, 
  "h": 2.7164343677841845, 
  "t": 0.19003900000000001, 
  "x": 0.37452775435292163, 
  "y": -0.80469230297099392
}