{
  "sigmaH": 0.11146100414850434, 
  "sigmaX": 0.08999999999999915, 
  "sigmaY": 0.045318499581969714, 
  "t": 0.10000000000000001, 
  "vh": -3.7665564941610237, 
  "vx": 3.0433361326732249, 
  "vy": -1.5263337794098744
}