{
  "sigmaH": 0.17535902874830162, 
  "sigmaX": 0.089999999999987548, 
  "sigmaY": 0.001, 
  "t": 0.240039, 
  "vh": -6.0144243481107509, 
  "vx": 2.9603991487641546, 
  "vy": -0.0018472977109106623
}