{
  "h": 2.1281473566383244, 
  "t": 0.2900390625, 
  "x": 0.67710262777397956, 
  "y": -0.80000000000000004
}