{
  "h": 2.5533538326867156, 
  "t": 0.22001953125000001, 
  "x": 0.46704403402400513, 
  "y": -0.80000000000000004
}