{
  "sigmaH": 0.1297303138318516, 
  "sigmaX": 0.090000000000003411, 
  "sigmaY": 0.001, 
  "t": 0.140039, 
  "vh": -4.4808507945107241, 
  "vx": 3.0780220574727482, 
  "vy": 0.00044740874599579226
}