{
  "sigmaH": 0.070421896298857062, 
  "sigmaX": 0.089997002897772724, 
  "sigmaY": 0.056175278335135657, 
  "t": 0.010059, 
  "vh": -2.3324099066572819, 
  "vx": 2.8758244185686128, 
  "vy": -1.8627894864628238
}