{
  "covariance": {
    "row_0": [
      0.00019599915586107224, 
      0.0, 
      0.0
    ], 
    "row_1": [
      0.0, 
      0.00012616441323964626, 
      0.0
    ], 
    "row_2": [
      0.0, 
      0.0, 
      0.00010186475665533658
    ]
  }, 
  "h": 3.1224241637978376, 
  "t": 0.10000000000000001, 
  "x": 0.11166432864326796, 
  "y": -0.79503710780978432
}