{
  "covariance": {
    "row_0": [
      7.127112860950277e-05, 
      -2.0223833580738429e-06, 
      1.1742301952315793e-06
    ], 
    "row_1": [
      -2.0223833580738429e-06, 
      6.4698676700067546e-05, 
      6.7090437552035277e-06
    ], 
    "row_2": [
      1.1742301952315793e-06, 
      6.709043755203526e-06, 
      0.00014455637245462606
    ]
  }, 
  "h": 3.0860788422291714, 
  "t": 0.110059, 
  "x": 0.13572496167901454, 
  "y": -0.80466320987567996
}