{
  "sigmaH": 0.1479996235151948, 
  "sigmaX": 0.090000000000003411, 
  "sigmaY": 0.001, 
  "t": 0.18007799999999999, 
  "vh": -5.0071507266324931, 
  "vx": 2.9843165439275272, 
  "vy": 0.0011865498403098222
}