{
  "covariance": {
    "row_0": [
      0.00011268182528351513, 
      5.157629204933305e-06, 
      7.0984282367069058e-06
    ], 
    "row_1": [
      5.1576292049333109e-06, 
      0.0001466926522363619, 
      4.0270317392622024e-05
    ], 
    "row_2": [
      7.0984282367069049e-06, 
      4.0270317392622024e-05, 
      0.00091846662407486454
    ]
  }, 
  "h": 2.3201192706425031, 
  "t": 0.26005899999999998, 
  "x": 0.58074435650291611, 
  "y": -0.8044119563818195
}