{
  "h": 2.3163994122398184, 
  "t": 0.26005859375000001, 
  "x": 0.58716122152399319, 
  "y": -0.80000000000000004
}