{
  "h": 3.2879454084133237, 
  "t": 0.050000000000000003, 
  "x": -0.043014559726006929, 
  "y": -0.69219832641785672
}