{
  "sigmaH": 0.10691595637363206, 
  "sigmaX": 0.08999999999999915, 
  "sigmaY": 0.072243911639587169, 
  "t": 0.090038999999999994, 
  "vh": -3.4090966738917343, 
  "vx": 3.0947854742090084, 
  "vy": -2.4695310365010665
}