{
  "sigmaH": 0.18817705617347016, 
  "sigmaX": 0.089999999999986355, 
  "sigmaY": 0.001, 
  "t": 0.27001999999999998, 
  "vh": -6.2269132795463733, 
  "vx": 3.0774070704008185, 
  "vy": -0.00037968361341021256
}