{
  "covariance": {
    "row_0": [
      0.0001082698488015319, 
      0.0, 
      0.0
    ], 
    "row_1": [
      0.0, 
      7.5259014114313863e-05, 
      0.0
    ], 
    "row_2": [
      0.0, 
      0.0, 
      3.4974309336734404e-05
    ]
  }, 
  "h": 3.2580594877094771, 
  "t": 0.060059000000000001, 
  "x": -0.01024240625728649, 
  "y": -0.70804735564842491
}