{
  "h": 3.0386652385267952, 
  "t": 0.12001953125000001, 
  "x": 0.16704403402399376, 
  "y": -0.80000000000000004
}