{
  "h": 3.2567219054207732, 
  "t": 0.06005859375, 
  "x": -0.012838778476006996, 
  "y": -0.71438476013793883
}