{
  "sigmaH": 0.097781301531962517, 
  "sigmaX": 0.090000000000000066, 
  "sigmaY": 0.068221848358253165, 
  "t": 0.070019999999999999, 
  "vh": -3.0388004037130458, 
  "vx": 2.9748301682933103, 
  "vy": -2.3248952318961735
}