{
  "sigmaH": 0.12518526605697389, 
  "sigmaX": 0.090000000000003411, 
  "sigmaY": 0.001, 
  "t": 0.130078, 
  "vh": -4.0410954744913141, 
  "vx": 2.9614414714317396, 
  "vy": -0.0010430255036897934
}