{
  "h": 2.9091307102395638, 
  "t": 0.15000000000000002, 
  "x": 0.25698544027399717, 
  "y": -0.80000000000000004
}