{
  "h": 2.7654365808701247, 
  "t": 0.18007812500000001, 
  "x": 0.34721981527400059, 
  "y": -0.80000000000000004
}