{
  "covariance": {
    "row_0": [
      4.8963754092229685e-05, 
      3.9559117804675974e-06, 
      3.5696148965995163e-06
    ], 
    "row_1": [
      3.9559117804676033e-06, 
      7.5161252640606129e-05, 
      2.0170151402252414e-05
    ], 
    "row_2": [
      3.5696148965995154e-06, 
      2.0170151402252414e-05, 
      0.0004619589953620823
    ]
  }, 
  "h": 2.6672994828262055, 
  "t": 0.19999999999999624, 
  "x": 0.40148328361203045, 
  "y": -0.80439526282374219
}