{
  "h": 2.253933781244942, 
  "t": 0.27001953125, 
  "x": 0.61704403402398866, 
  "y": -0.80000000000000004
}