{
  "h": 3.1545289702538639, 
  "t": 0.090039062500000003, 
  "x": 0.077102627773992627, 
  "y": -0.7845327015104826
}