{
  "covariance": {
    "row_0": [
      0.00014901060125046151, 
      0.0, 
      0.0
    ], 
    "row_1": [
      0.0, 
      0.00010122883491809255, 
      0.0
    ], 
    "row_2": [
      0.0, 
      0.0, 
      6.2687665625153538e-05
    ]
  }, 
  "h": 3.1939008450048112, 
  "t": 0.080077999999999996, 
  "x": 0.050522499317114007, 
  "y": -0.75523429837849543
}