{
  "sigmaH": 0.16622437390663072, 
  "sigmaX": 0.090000000000003411, 
  "sigmaY": 0.001, 
  "t": 0.22001999999999999, 
  "vh": -5.3508402641218344, 
  "vx": 2.9843065077141668, 
  "vy": 0.001580094609492535
}