{
  "h": 2.1907337727840561, 
  "t": 0.28007812500000001, 
  "x": 0.64721981527398409, 
  "y": -0.80000000000000004
}