{
  "sigmaH": 0.18849555921538011, 
  "sigmaX": 0.089999999999986355, 
  "sigmaY": 0.001, 
  "t": 0.29999999999999999, 
  "vh": -6.3299333957417234, 
  "vx": 2.8548125561957449, 
  "vy": -0.00070402720413551532
}