{
  "covariance": {
    "row_0": [
      9.0249427191734443e-05, 
      0.0, 
      0.0
    ], 
    "row_1": [
      0.0, 
      6.4145395324482707e-05, 
      0.0
    ], 
    "row_2": [
      0.0, 
      0.0, 
      2.4761020365146515e-05
    ]
  }, 
  "h": 3.2892585976400674, 
  "t": 0.050000000000000003, 
  "x": -0.041045324383231177, 
  "y": -0.68639296710784037
}