{
  "covariance": {
    "row_0": [
      0.00012189587991053366, 
      -1.1477705358262891e-05, 
      3.2938099921302592e-06
    ], 
    "row_1": [
      -1.1477705358262889e-05, 
      8.3878209109958257e-05, 
      1.7584863002516108e-05
    ], 
    "row_2": [
      3.2938099921302588e-06, 
      1.7584863002516108e-05, 
      0.00029217473672847979
    ]
  }, 
  "h": 2.9134003156827655, 
  "t": 0.14999999999999999, 
  "x": 0.25710072270246842, 
  "y": -0.80466652439467246
}