{
  "sigmaH": 0.11605061121530162, 
  "sigmaX": 0.090000000000000926, 
  "sigmaY": 0.001, 
  "t": 0.110059, 
  "vh": -4.0934220957004541, 
  "vx": 2.9945587925124535, 
  "vy": 0.00058161087185011834
}