{
  "h": 2.8150215001552752, 
  "t": 0.17001953125000002, 
  "x": 0.31704403402399944, 
  "y": -0.80000000000000004
}