{
  "covariance": {
    "row_0": [
      3.4872330132193319e-05, 
      0.0, 
      0.0
    ], 
    "row_1": [
      0.0, 
      3.0969972103230663e-05, 
      0.0
    ], 
    "row_2": [
      0.0, 
      0.0, 
      2.9185412280040778e-06
    ]
  }, 
  "h": 3.3980543965697905, 
  "t": 0.010059, 
  "x": -0.15923126661688758, 
  "y": -0.60419501722957969
}