{
  "sigmaH": 0.13886496867352391, 
  "sigmaX": 0.090000000000003411, 
  "sigmaY": 0.001, 
  "t": 0.16005900000000001, 
  "vh": -4.7979742171802586, 
  "vx": 2.8627152942693046, 
  "vy": -0.0017107826612453604
}