{
  "sigmaH": 0.15254467129007523, 
  "sigmaX": 0.090000000000003411, 
  "sigmaY": 0.001, 
  "t": 0.19003900000000001, 
  "vh": -5.083635298264177, 
  "vx": 2.9387456362153781, 
  "vy": -0.0012914779487543965
}