{
  "covariance": {
    "row_0": [
      0.00014150744231638792, 
      -1.6756690027343658e-05, 
      4.1439856589678045e-06
    ], 
    "row_1": [
      -1.6756690027343658e-05, 
      8.5862780119209831e-05, 
      2.1631092253386855e-05
    ], 
    "row_2": [
      4.1439856589678045e-06, 
      2.1631092253386855e-05, 
      0.00034165388282431417
    ]
  }, 
  "h": 2.8651374930321492, 
  "t": 0.16005900000000001, 
  "x": 0.28589677584752338, 
  "y": -0.80468373315746189
}