{
  "covariance": {
    "row_0": [
      4.6264073121599348e-05, 
      0.0, 
      0.0
    ], 
    "row_1": [
      0.0, 
      3.7755657434005842e-05, 
      0.0
    ], 
    "row_2": [
      0.0, 
      0.0, 
      6.0276121756127177e-06
    ]
  }, 
  "h": 3.3733063423310674, 
  "t": 0.02002, 
  "x": -0.12974638173347627, 
  "y": -0.62347760159012477
}