{
  "h": 2.6085159291806166, 
  "t": 0.21005859375000002, 
  "x": 0.437161221524004, 
  "y": -0.80000000000000004
}