{
  "sigmaH": 0.18449368358997389, 
  "sigmaX": 0.089999999999986355, 
  "sigmaY": 0.001, 
  "t": 0.26005899999999998, 
  "vh": -6.3955269572025371, 
  "vx": 3.0181729513368407, 
  "vy": -0.00036271688362686917
}