{
  "h": 3.3173492751674249, 
  "t": 0.0400390625, 
  "x": -0.072897372226006646, 
  "y": -0.67089502031634185
}