{
  "covariance": {
    "row_0": [
      5.7748343194006969e-05, 
      1.6165028690813919e-06, 
      6.9155696460038111e-07
    ], 
    "row_1": [
      1.6165028690813919e-06, 
      6.3348434253068729e-05, 
      4.5483667082070778e-06
    ], 
    "row_2": [
      6.9155696460038122e-07, 
      4.548366708207077e-06, 
      0.00011797899531563651
    ]
  }, 
  "h": 3.1272545750898182, 
  "t": 0.10000000000000095, 
  "x": 0.10560269478513461, 
  "y": -0.80466906029943985
}