{
  "sigmaH": 0.13427536160673481, 
  "sigmaX": 0.090000000000003411, 
  "sigmaY": 0.001, 
  "t": 0.14999999999999999, 
  "vh": -4.6145896603447634, 
  "vx": 2.9696167350655878, 
  "vy": 9.4771302912255681e-05
}