{
  "covariance": {
    "row_0": [
      8.6164769025369505e-05, 
      -6.0339053717560354e-06, 
      1.7185346630125568e-06
    ], 
    "row_1": [
      -6.0339053717560354e-06, 
      6.6175854910408439e-05, 
      9.1651789594354066e-06
    ], 
    "row_2": [
      1.7185346630125566e-06, 
      9.165178959435405e-06, 
      0.00017473088025718279
    ]
  }, 
  "h": 3.0446453363360146, 
  "t": 0.12002, 
  "x": 0.16707401437033362, 
  "y": -0.80466143429962356
}