{
  "h": 3.1899988187387618, 
  "t": 0.080078125, 
  "x": 0.04721981527399291, 
  "y": -0.76055849401120701
}