{
  "covariance": {
    "row_0": [
      0.00015589591532730654, 
      1.4366876684972619e-05, 
      9.5872917637113963e-06
    ], 
    "row_1": [
      1.4366876684972626e-05, 
      0.00025123877956853162, 
      5.395130938605589e-05
    ], 
    "row_2": [
      9.5872917637113963e-06, 
      5.395130938605589e-05, 
      0.0012865112476603685
    ]
  }, 
  "h": 2.0745796704223944, 
  "t": 0.29999999999999999, 
  "x": 0.70015982769038065, 
  "y": -0.80442999306913532
}