{
  "sigmaH": 0.074966944073730696, 
  "sigmaX": 0.090000000000003411, 
  "sigmaY": 0.058176500065360411, 
  "t": 0.02002, 
  "vh": -2.484494954193655, 
  "vx": 2.9600326155417425, 
  "vy": -1.9358080875961305
}