{
  "h": 3.3718809279787161, 
  "t": 0.02001953125, 
  "x": -0.13295596597600645, 
  "y": -0.63008927454641639
}