{
  "sigmaH": 0.12059565899017798, 
  "sigmaX": 0.090000000000003411, 
  "sigmaY": 0.001, 
  "t": 0.12002, 
  "vh": -4.1595729237181933, 
  "vx": 3.1471792682781934, 
  "vy": 0.00017825279152581489
}