{
  "covariance": {
    "row_0": [
      9.4718463099604763e-05, 
      7.7023874124884151e-06, 
      6.1341743241140133e-06
    ], 
    "row_1": [
      7.7023874124884219e-06, 
      0.00014577486669451497, 
      3.4607620998880183e-05
    ], 
    "row_2": [
      6.1341743241140124e-06, 
      3.4607620998880183e-05, 
      0.00080959625904196257
    ]
  }, 
  "h": 2.3844518763050035, 
  "t": 0.25, 
  "x": 0.55038455478541892, 
  "y": -0.80440830781268713
}