{
  "sigmaH": 0.14341001644840434, 
  "sigmaX": 0.090000000000003411, 
  "sigmaY": 0.001, 
  "t": 0.17002, 
  "vh": -4.7889882575530116, 
  "vx": 2.9456758783489376, 
  "vy": -0.00076696315412641937
}