{
  "covariance": {
    "row_0": [
      4.9748521978062362e-05, 
      8.3529214363737968e-06, 
      3.6961395341134852e-06
    ], 
    "row_1": [
      8.3529214363738036e-06, 
      0.000105292298347278, 
      2.0632775263950095e-05
    ], 
    "row_2": [
      3.6961395341134843e-06, 
      2.0632775263950095e-05, 
      0.00050171500482962261
    ]
  }, 
  "h": 2.6134529901804071, 
  "t": 0.210059, 
  "x": 0.43215248789199812, 
  "y": -0.80439458166879463
}