{
  "sigmaH": 0.10237090859874479, 
  "sigmaX": 0.089999999999999622, 
  "sigmaY": 0.070242689909362416, 
  "t": 0.080077999999999996, 
  "vh": -3.3693728259375755, 
  "vx": 3.0953094320969226, 
  "vy": -2.3890098752388829
}