{
  "sigmaH": 0.18849555921538011, 
  "sigmaX": 0.089999999999986355, 
  "sigmaY": 0.001, 
  "t": 0.29003899999999999, 
  "vh": -6.2851530473453776, 
  "vx": 2.990529677047788, 
  "vy": -9.5202126647681709e-05
}