{
  "covariance": {
    "row_0": [
      0.00012773000179093749, 
      0.0, 
      0.0
    ], 
    "row_1": [
      0.0, 
      8.7511406821074993e-05, 
      0.0
    ], 
    "row_2": [
      0.0, 
      0.0, 
      4.7443272094423266e-05
    ]
  }, 
  "h": 3.2277899968880912, 
  "t": 0.070019999999999999, 
  "x": 0.019389877049083168, 
  "y": -0.73120563705334274
}