{
  "covariance": {
    "row_0": [
      0.00016387344272497767, 
      -1.8074080753579649e-05, 
      5.5377813692067533e-06
    ], 
    "row_1": [
      -1.8074080753579649e-05, 
      0.00010408120449501072, 
      2.9825000819138214e-05
    ], 
    "row_2": [
      5.5377813692067533e-06, 
      2.9825000819138214e-05, 
      0.00045759391261597228
    ]
  }, 
  "h": 2.7670724589901941, 
  "t": 0.18007799999999999, 
  "x": 0.34525490907058015, 
  "y": -0.80467943855914636
}