{
  "covariance": {
    "row_0": [
      0.00010397824342174299, 
      -6.656660359097131e-06, 
      2.5372544080800391e-06
    ], 
    "row_1": [
      -6.6566603590971301e-06, 
      8.2062689182284566e-05, 
      1.4010437492975525e-05
    ], 
    "row_2": [
      2.5372544080800387e-06, 
      1.4010437492975523e-05, 
      0.00024842858943947935
    ]
  }, 
  "h": 2.9593662432894599, 
  "t": 0.140039, 
  "x": 0.22752037040448009, 
  "y": -0.80466746841162073
}