{
  "h": 3.1175500238749647, 
  "t": 0.10000000000000001, 
  "x": 0.10698544027399234, 
  "y": -0.80000000000000004
}