{
  "sigmaH": 0.17990407652317664, 
  "sigmaX": 0.089999999999986355, 
  "sigmaY": 0.001, 
  "t": 0.25, 
  "vh": -6.1341977662151406, 
  "vx": 2.9176142085180752, 
  "vy": -0.00086782625420074556
}