{
  "sigmaH": 0.084101598915400241, 
  "sigmaX": 0.08999999999999915, 
  "sigmaY": 0.062198563346694755, 
  "t": 0.040038999999999998, 
  "vh": -2.8281972307277763, 
  "vx": 2.8062546200969245, 
  "vy": -2.0804690209266874
}