{
  "covariance": {
    "row_0": [
      0.00015447740403695307, 
      6.3761701774274439e-06, 
      9.4367580989657025e-06
    ], 
    "row_1": [
      6.3761701774274507e-06, 
      0.00019648443223191231, 
      5.3564447821303583e-05
    ], 
    "row_2": [
      9.4367580989657025e-06, 
      5.3564447821303583e-05, 
      0.0012229535243085334
    ]
  }, 
  "h": 2.1376321369773779, 
  "t": 0.29003899999999999, 
  "x": 0.67172303981811488, 
  "y": -0.80442298025415493
}