{
  "covariance": {
    "row_0": [
      7.7520177203199288e-05, 
      4.4210867859825046e-06, 
      5.1311838459797586e-06
    ], 
    "row_1": [
      4.4210867859825113e-06, 
      0.00010673055830489292, 
      2.9068816104206763e-05
    ], 
    "row_2": [
      5.1311838459797578e-06, 
      2.9068816104206763e-05, 
      0.00066395173603309436
    ]
  }, 
  "h": 2.5054643011858038, 
  "t": 0.230078, 
  "x": 0.49183366373353071, 
  "y": -0.80438126246287067
}