{
  "h": 3.34524404402752, 
  "t": 0.030078125000000001, 
  "x": -0.10278018472600636, 
  "y": -0.65025618236744065
}