{
  "h": 2.6626874675071237, 
  "t": 0.20000000000000001, 
  "x": 0.40698544027400285, 
  "y": -0.80000000000000004
}