{
  "h": 2.4379244809309473, 
  "t": 0.24003906250000001, 
  "x": 0.5271026277740023, 
  "y": -0.80000000000000004
}