{
  "covariance": {
    "row_0": [
      0.00017170118423566689, 
      0.0, 
      0.0
    ], 
    "row_1": [
      0.0, 
      0.00011622728185604824, 
      0.0
    ], 
    "row_2": [
      0.0, 
      0.0, 
      8.0686098721592322e-05
    ]
  }, 
  "h": 3.1599428330361756, 
  "t": 0.090038999999999994, 
  "x": 0.081349657425709931, 
  "y": -0.77983329703308257
}