{
  "covariance": {
    "row_0": [
      7.8512191348228044e-05, 
      9.9949506509480708e-06, 
      5.2608648106276251e-06
    ], 
    "row_1": [
      9.9949506509480776e-06, 
      0.000144925165409482, 
      2.9479728623356037e-05
    ], 
    "row_2": [
      5.2608648106276242e-06, 
      2.9479728623356037e-05, 
      0.00071098730681390398
    ]
  }, 
  "h": 2.4455546202542724, 
  "t": 0.240039, 
  "x": 0.52132219965437043, 
  "y": -0.80439966339536906
}