{
  "h": 2.0655609404925928, 
  "t": 0.30000000000000004, 
  "x": 0.70698544027397503, 
  "y": -0.80000000000000004
}