{
  "sigmaH": 0.17081398097341843, 
  "sigmaX": 0.090000000000003411, 
  "sigmaY": 0.001, 
  "t": 0.230078, 
  "vh": -5.4373602230747462, 
  "vx": 2.9781764484183468, 
  "vy": -0.00024061607488932228
}