{
  "h": 3.0786771757710936, 
  "t": 0.11005859375, 
  "x": 0.13716122152399263, 
  "y": -0.80000000000000004
}