{
  "covariance": {
    "row_0": [
      6.2772289659573482e-05, 
      6.5110998486638194e-06, 
      4.3754255130009912e-06
    ], 
    "row_1": [
      6.5110998486638262e-06, 
      0.00010598007923213259, 
      2.4624874852997991e-05
    ], 
    "row_2": [
      4.3754255130009904e-06, 
      2.4624874852997991e-05, 
      0.00057849905737702447
    ]
  }, 
  "h": 2.5601532703094896, 
  "t": 0.22001999999999999, 
  "x": 0.46187916501533893, 
  "y": -0.80437884234638946
}