{
  "h": 2.4961195682902475, 
  "t": 0.23007812500000002, 
  "x": 0.49721981527400627, 
  "y": -0.80000000000000004
}