{
  "covariance": {
    "row_0": [
      0.00021024582012479402, 
      -3.0536938079783293e-05, 
      7.8736297768511969e-06
    ], 
    "row_1": [
      -3.0536938079783293e-05, 
      0.00010890892229539923, 
      4.1376067609440526e-05
    ], 
    "row_2": [
      7.8736297768511969e-06, 
      4.1376067609440526e-05, 
      0.00059843673603079354
    ]
  }, 
  "h": 2.6646202480278838, 
  "t": 0.20000000000000001, 
  "x": 0.40410242195446094, 
  "y": -0.80470985590162458
}