{
  "h": 3.3967427059734123, 
  "t": 0.010058593750000001, 
  "x": -0.16283877847600758, 
  "y": -0.61078588729639594
}