{
  "covariance": {
    "row_0": [
      7.401986556632899e-05, 
      0.0, 
      0.0
    ], 
    "row_1": [
      0.0, 
      5.4310827192451682e-05, 
      0.0
    ], 
    "row_2": [
      0.0, 
      0.0, 
      1.6752938809854185e-05
    ]
  }, 
  "h": 3.3194499931843695, 
  "t": 0.040038999999999998, 
  "x": -0.072066202106055799, 
  "y": -0.66447296893390284
}