{
  "sigmaH": 0.15708971906495706, 
  "sigmaX": 0.090000000000003411, 
  "sigmaY": 0.001, 
  "t": 0.20000000000000001, 
  "vh": -5.2016986001707251, 
  "vx": 2.9690460397087959, 
  "vy": -0.0017621655085538316
}