{
  "h": 2.9967296643529626, 
  "t": 0.13007812500000002, 
  "x": 0.1972198152739949, 
  "y": -0.80000000000000004
}