{
  "sigmaH": 0.093236253757072521, 
  "sigmaX": 0.08999999999999983, 
  "sigmaY": 0.066220626628028745, 
  "t": 0.060059000000000001, 
  "vh": -3.1016114852957761, 
  "vx": 3.0622246869415144, 
  "vy": -2.1527377016189022
}