{
  "h": 2.8626085170243751, 
  "t": 0.16005859375000001, 
  "x": 0.28716122152399831, 
  "y": -0.80000000000000004
}