{
  "covariance": {
    "row_0": [
      3.5904987136201347e-05, 
      9.7548842884370217e-07, 
      -1.0224319280978339e-06
    ], 
    "row_1": [
      9.7548842884371573e-07, 
      5.3189561962361704e-05, 
      1.4250783044472551e-05
    ], 
    "row_2": [
      -1.0224319280978339e-06, 
      1.4250783044472553e-05, 
      0.00075961597587931068
    ]
  }, 
  "h": 2.073276068604021, 
  "t": 0.29999999999999616, 
  "x": 0.70233458859204156, 
  "y": -0.79579631910458526
}