{
  "sigmaH": 0.088646646690290251, 
  "sigmaX": 0.08999999999999915, 
  "sigmaY": 0.064199785076919508, 
  "t": 0.050000000000000003, 
  "vh": -3.0309602995986586, 
  "vx": 3.1142332820825831, 
  "vy": -2.2005820875351412
}