{
  "sigmaH": 0.079556551140527967, 
  "sigmaX": 0.090000000000000135, 
  "sigmaY": 0.060197341616470001, 
  "t": 0.030078000000000001, 
  "vh": -2.553656445756447, 
  "vx": 2.9555654560185931, 
  "vy": -2.0154916908259501
}