{
  "h": 2.3782202956776453, 
  "t": 0.25, 
  "x": 0.55698544027399777, 
  "y": -0.80000000000000004
}