{
  "h": 3.2242850478012737, 
  "t": 0.070019531250000003, 
  "x": 0.017044034023993029, 
  "y": -0.73702351693833401
}