{
  "h": 2.714816573135626, 
  "t": 0.19003906250000002, 
  "x": 0.37710262777400172, 
  "y": -0.80000000000000004
}