{
  "covariance": {
    "row_0": [
      0.00013349892171644814, 
      9.3486170663861433e-06, 
      8.3065001890708549e-06
    ], 
    "row_1": [
      9.3486170663861501e-06, 
      0.00019541655130595769, 
      4.6927490220354503e-05
    ], 
    "row_2": [
      8.3065001890708549e-06, 
      4.6927490220354503e-05, 
      0.0010953581584661608
    ]
  }, 
  "h": 2.2002385464819851, 
  "t": 0.28007799999999999, 
  "x": 0.64193437370504192, 
  "y": -0.80442203194577144
}