{
  "sigmaH": 0.18849555921538011, 
  "sigmaX": 0.089999999999986355, 
  "sigmaY": 0.001, 
  "t": 0.28007799999999999, 
  "vh": -5.7520820225647666, 
  "vx": 3.0359878080993514, 
  "vy": -0.00062572434666282629
}