{
  "h": 4.5198121595733314, 
  "x": 0.76924735877610817, 
  "y": -0.65611296373614147
}