{
  "estimInitialHPosition": 2.7320581841914429, 
  "estimInitialXPosition": -0.8503802135406181, 
  "estimInitialYPosition": 0.1228354090702662, 
  "trueInitialHPosition": 2.7309523701493332, 
  "trueInitialXPosition": -0.85222999978514535, 
  "trueInitialYPosition": 0.11906094457334271
}