{
  "covariance": {
    "row_0": [
      1.6783301169965833e-05, 
      -4.0910301943729727e-06, 
      2.8810819989141912e-08
    ], 
    "row_1": [
      -4.0910301943729727e-06, 
      4.5609770435816933e-05, 
      4.1515656922858117e-07
    ], 
    "row_2": [
      2.8810819989141926e-08, 
      4.1515656922858117e-07, 
      2.9167095822543026e-05
    ]
  }, 
  "h": 2.9764508355057675, 
  "t": 0.29999999999999616, 
  "x": 0.22661350880214834, 
  "y": -0.15438230138064335
}