{
  "sigmaH": 0.18849555921538752, 
  "sigmaX": 0.021430654730653531, 
  "sigmaY": 0.001, 
  "t": 0.48000000000000004, 
  "vh": -5.9236332389936752, 
  "vx": 0.73210795446051935, 
  "vy": 0.0011139289490028936
}