{
  "sigmaH": 0.12436678320920969, 
  "sigmaX": 0.0016815148733054786, 
  "sigmaY": 0.07684979135455057, 
  "t": 0.060000000000000005, 
  "vh": -4.1049964831030215, 
  "vx": 0.053790302309035962, 
  "vy": -2.5370352170432842
}