{
  "h": 3.1114167736056708, 
  "t": 0.40000000000000002, 
  "x": 0.15299349699394052, 
  "y": -0.35366508549637987
}