{
  "sigmaH": 0.18849555921536254, 
  "sigmaX": 0.010615649570676511, 
  "sigmaY": 0.068632467870782518, 
  "t": 0.25, 
  "vh": -6.3363333490479548, 
  "vx": 0.36611749178832931, 
  "vy": -2.3786221448463452
}