{
  "covariance": {
    "row_0": [
      2.0148274458646766e-05, 
      -5.7808697496666381e-06, 
      3.4304883318733351e-08
    ], 
    "row_1": [
      -5.7808697496666381e-06, 
      6.088254991946478e-05, 
      6.0146101817841111e-07
    ], 
    "row_2": [
      3.4304883318733377e-08, 
      6.0146101817841111e-07, 
      3.6997977606980386e-05
    ]
  }, 
  "h": 2.9994773453055275, 
  "t": 0.32002000000000003, 
  "x": 0.21447010394471863, 
  "y": -0.18947005276422874
}