{
  "sigmaH": 0.01, 
  "sigmaX": 0.018168631516510797, 
  "sigmaY": 0.013581245310998781, 
  "t": 0.060059000000000001, 
  "vh": -0.070761386421733297, 
  "vx": 0.57704883861128053, 
  "vy": -0.4663346978821446
}