{
  "covariance": {
    "row_0": [
      5.7749251792410935e-05, 
      -9.1239954986838569e-06, 
      0.0
    ], 
    "row_1": [
      -9.1239954986838739e-06, 
      5.7005059664392913e-05, 
      0.0
    ], 
    "row_2": [
      0.0, 
      0.0, 
      0.0047174477099161732
    ]
  }, 
  "h": -0.74125177859472768, 
  "t": 0.59999999999999998, 
  "x": -0.58420076938057397, 
  "y": -0.80504465920817181
}