{
  "covariance": {
    "row_0": [
      1.857033342550171e-05, 
      4.9542420118812132e-06, 
      -4.8425361485833567e-06
    ], 
    "row_1": [
      4.9542420118812005e-06, 
      1.8965860104182249e-05, 
      -2.8817776368195551e-06
    ], 
    "row_2": [
      -4.8425361485833542e-06, 
      -2.8817776368195567e-06, 
      0.0010650978758164847
    ]
  }, 
  "h": 0.50869552728130363, 
  "t": 0.3999023437500151, 
  "x": -0.73500910438342926, 
  "y": -0.80500253340257244
}