{
  "covariance": {
    "row_0": [
      2.8644871818869439e-05, 
      1.0602691582414526e-06, 
      -7.8467894186843144e-08
    ], 
    "row_1": [
      1.0602691582414493e-06, 
      0.00010044289202951559, 
      5.4554566373538686e-07
    ], 
    "row_2": [
      -7.8467894186843038e-08, 
      5.4554566373538686e-07, 
      0.00012958012054029955
    ]
  }, 
  "h": 3.1577741344713344, 
  "t": 0.43007800000000002, 
  "x": 0.11322841354455244, 
  "y": -0.42346198372765226
}