{
  "covariance": {
    "row_0": [
      4.3292143643386937e-05, 
      3.7930532209517875e-05, 
      -7.1226206769107885e-06
    ], 
    "row_1": [
      3.7930532209517861e-05, 
      7.1230847501725192e-05, 
      -3.7773227171755581e-06
    ], 
    "row_2": [
      -7.122620676910786e-06, 
      -3.7773227171755556e-06, 
      0.0016465644499659995
    ]
  }, 
  "h": 0.89329134089257267, 
  "t": 0.34000000000000002, 
  "x": -0.77038196317163343, 
  "y": -0.69664518143117671
}