{
  "covariance": {
    "row_0": [
      3.7293952974534771e-05, 
      9.0910987929468456e-06, 
      -1.0457435883247182e-05
    ], 
    "row_1": [
      9.091098792946832e-06, 
      3.801470691855642e-05, 
      -6.2283453510345496e-06
    ], 
    "row_2": [
      -1.045743588324718e-05, 
      -6.2283453510345513e-06, 
      0.0022963037226381429
    ]
  }, 
  "h": -0.05201845016234663, 
  "t": 0.49000000000000005, 
  "x": -0.67477248282390756, 
  "y": -0.8049992548867434
}