{
  "covariance": {
    "row_0": [
      2.314524313151614e-05, 
      -2.7917422502470618e-06, 
      -1.1596494294068685e-09
    ], 
    "row_1": [
      -2.7917422502470584e-06, 
      4.1050480453196699e-05, 
      3.9691807696214652e-08
    ], 
    "row_2": [
      -1.1596494294068701e-09, 
      3.9691807696214652e-08, 
      7.6032601205353366e-06
    ]
  }, 
  "h": 2.8769848699484939, 
  "t": 0.17002, 
  "x": 0.26586903409616547, 
  "y": 0.025037479130846193
}