{
  "h": 3.2517926617651542, 
  "t": 0.48007812500000002, 
  "x": 0.053553924535210386, 
  "y": -0.54824797912644885
}