{
  "h": 2.8941535033996186, 
  "t": 0.20000000000000001, 
  "x": 0.26687395640673667, 
  "y": -0.011606911599864624
}