{
  "sigmaH": 0.1339558917738124, 
  "sigmaX": 0.002621950104607973, 
  "sigmaY": 0.075984809935206579, 
  "t": 0.080000000000000002, 
  "vh": -4.5475447266550049, 
  "vx": 0.087182740578896939, 
  "vy": -2.4768206600646141
}