{
  "sigmaH": 0.056187947267534122, 
  "sigmaX": 0.040882621635342349, 
  "sigmaY": 0.076781550293863965, 
  "t": 0.47001999999999999, 
  "vh": 1.8368131114965975, 
  "vx": -1.4142014915399326, 
  "vy": -2.6714312416524781
}