{
  "h": 3.2138367465033983, 
  "t": 0.46005859375000002, 
  "x": 0.081300270408398392, 
  "y": -0.4965129953744119
}