{
  "covariance": {
    "row_0": [
      7.1542547071111123e-05, 
      7.7294863824461623e-05, 
      -8.6445142925583918e-06
    ], 
    "row_1": [
      7.7294863824461623e-05, 
      0.00013147917149220278, 
      1.477909362500269e-06
    ], 
    "row_2": [
      -8.6445142925583918e-06, 
      1.4779093625002699e-06, 
      0.0018331227307742239
    ]
  }, 
  "h": 1.27137288965641, 
  "t": 0.28000000000000003, 
  "x": -0.79774738988096394, 
  "y": -0.56745396417961436
}