{
  "h": 0.50267926416476572, 
  "t": 0.40000000000000002, 
  "x": -0.73896375813061055, 
  "y": -0.80000000000000004
}