{
  "covariance": {
    "row_0": [
      1.8823066583485615e-05, 
      6.5387769715633696e-07, 
      -5.83259311666334e-08
    ], 
    "row_1": [
      6.5387769715633358e-07, 
      6.312008483408563e-05, 
      6.5577898850235538e-07
    ], 
    "row_2": [
      -5.8325931166633295e-08, 
      6.5577898850235538e-07, 
      9.8164108261292459e-05
    ]
  }, 
  "h": 3.107810805612842, 
  "t": 0.40000000000001512, 
  "x": 0.14733153235893112, 
  "y": -0.35380173850567437
}