{
  "h": -0.50263038498399004, 
  "t": 0.56000000000000005, 
  "x": -0.62343809753155643, 
  "y": -0.80000000000000004
}