{
  "h": 2.9005326490509495, 
  "t": 0.21005859375000002, 
  "x": 0.265733185236397, 
  "y": -0.023901153244261456
}