{
  "covariance": {
    "row_0": [
      2.9665331751126314e-05, 
      -1.0227362617940314e-05, 
      4.6495495250109827e-08
    ], 
    "row_1": [
      -1.0227362617940314e-05, 
      0.00010173301168636028, 
      1.0969277161481276e-06
    ], 
    "row_2": [
      4.6495495250109853e-08, 
      1.0969277161481272e-06, 
      5.8036558145971313e-05
    ]
  }, 
  "h": 3.0502540914405443, 
  "t": 0.36005900000000002, 
  "x": 0.18359442460738626, 
  "y": -0.26515423650475889
}