{
  "sigmaH": 0.01, 
  "sigmaX": 0.015284994809476444, 
  "sigmaY": 0.016667491742987452, 
  "t": 0.080077999999999996, 
  "vh": 0.024394566116728158, 
  "vx": 0.51595296312538674, 
  "vy": -0.57385869502003228
}