{
  "sigmaH": 0.10039401179770291, 
  "sigmaX": 0.001, 
  "sigmaY": 0.079012244902910547, 
  "t": 0.01, 
  "vh": -3.1876133195946941, 
  "vx": -0.021185068345293, 
  "vy": -2.7182268301871093
}