{
  "h": 3.0667154726531343, 
  "t": 0.37001953125000003, 
  "x": 0.18230137893766507, 
  "y": -0.28929303940781148
}