{
  "h": 2.9485533339429204, 
  "t": 0.27001953125, 
  "x": 0.24885373100084451, 
  "y": -0.10797646435292568
}