{
  "covariance": {
    "row_0": [
      1.9346540447434087e-05, 
      4.3082680123863304e-06, 
      -5.4340317889513329e-06
    ], 
    "row_1": [
      4.3082680123863177e-06, 
      1.968657062460239e-05, 
      -3.2377898594568912e-06
    ], 
    "row_2": [
      -5.4340317889513303e-06, 
      -3.2377898594568929e-06, 
      0.0011929544258304798
    ]
  }, 
  "h": 0.44739707201984602, 
  "t": 0.41000000000000003, 
  "x": -0.72870789806241587, 
  "y": -0.80498723340269551
}