{
  "sigmaH": 0.053328796185378904, 
  "sigmaX": 0.037998984928308541, 
  "sigmaY": 0.073695303861876546, 
  "t": 0.45000000000000001, 
  "vh": 1.8391611254567939, 
  "vx": -1.2207395621982429, 
  "vy": -2.4337217948794634
}