{
  "h": 0.56551111723656433, 
  "t": 0.39000000000000001, 
  "x": -0.74485182867370625, 
  "y": -0.80000000000000004
}