{
  "covariance": {
    "row_0": [
      3.6911998294323149e-05, 
      -2.2588584992772021e-06, 
      -1.0159340198186348e-09
    ], 
    "row_1": [
      -2.2588584992772034e-06, 
      5.344152675189804e-05, 
      1.2634810198831035e-07
    ], 
    "row_2": [
      -1.0159340198186348e-09, 
      1.2634810198831035e-07, 
      2.4671863196649157e-05
    ]
  }, 
  "h": 2.9568101362145858, 
  "t": 0.28007799999999999, 
  "x": 0.23890153775861142, 
  "y": -0.11854531245368305
}