{
  "h": 0.12568814573397952, 
  "t": 0.46000000000000002, 
  "x": -0.70034381156247771, 
  "y": -0.80000000000000004
}