{
  "covariance": {
    "row_0": [
      2.6865670857247633e-05, 
      0.0, 
      0.0
    ], 
    "row_1": [
      0.0, 
      0.0001614577768503118, 
      0.0
    ], 
    "row_2": [
      0.0, 
      0.0, 
      0.00017415950531847428
    ]
  }, 
  "h": 2.3249708129703901, 
  "t": 0.10000000000000001, 
  "x": -0.845619463964847, 
  "y": -0.13369433164360833
}