{
  "covariance": {
    "row_0": [
      3.2716158967814576e-05, 
      0.0, 
      0.0
    ], 
    "row_1": [
      0.0, 
      2.7279628115697218e-05, 
      0.0
    ], 
    "row_2": [
      0.0, 
      0.0, 
      1.6920286084000002e-06
    ]
  }, 
  "h": 2.8596131487784917, 
  "t": 0.030078000000000001, 
  "x": 0.21381253855492516, 
  "y": 0.11381755144988147
}