{
  "covariance": {
    "row_0": [
      4.2635491803812058e-05, 
      4.1630535715988259e-05, 
      -5.2584289591843441e-06
    ], 
    "row_1": [
      4.1630535715988253e-05, 
      7.4914401553500176e-05, 
      8.7588856710421457e-07
    ], 
    "row_2": [
      -5.2584289591843432e-06, 
      8.7588856710421542e-07, 
      0.0011149131776546362
    ]
  }, 
  "h": 1.5749647670216318, 
  "t": 0.23000000000000001, 
  "x": -0.81599300136456643, 
  "y": -0.44991068114250243
}