{
  "covariance": {
    "row_0": [
      7.1640813981214448e-05, 
      6.8067197170975114e-05, 
      -1.0762650009690249e-05
    ], 
    "row_1": [
      6.8067197170975101e-05, 
      0.0001217874534834754, 
      -5.6544555147476904e-06
    ], 
    "row_2": [
      -1.0762650009690248e-05, 
      -5.6544555147476879e-06, 
      0.0025002544873715324
    ]
  }, 
  "h": 0.57184724625741579, 
  "t": 0.39000000000000001, 
  "x": -0.74331801369726924, 
  "y": -0.79849921764536302
}