{
  "h": 2.8585215586752435, 
  "t": 0.11005859375, 
  "x": 0.25548233524880676, 
  "y": 0.075215882695224667
}