{
  "h": 3.2324836391377891, 
  "t": 0.47001953125000001, 
  "x": 0.067735303492322846, 
  "y": -0.52199687212702517
}