{
  "covariance": {
    "row_0": [
      2.9014237763620113e-05, 
      2.4675487379653e-05, 
      -3.6225358816874207e-06
    ], 
    "row_1": [
      2.4675487379652997e-05, 
      4.8144606221247984e-05, 
      5.8621975584852476e-07
    ], 
    "row_2": [
      -3.6225358816874198e-06, 
      5.862197558485255e-07, 
      0.00076823807961809334
    ]
  }, 
  "h": 1.7649094601741522, 
  "t": 0.19990234374999621, 
  "x": -0.82525439936700207, 
  "y": -0.37811108223384721
}