{
  "covariance": {
    "row_0": [
      1.8373405759418014e-05, 
      -4.8994388742997796e-06, 
      3.1538213900031222e-08
    ], 
    "row_1": [
      -4.8994388742997796e-06, 
      5.289648340491163e-05, 
      5.0405428120715412e-07
    ], 
    "row_2": [
      3.1538213900031242e-08, 
      5.0405428120715412e-07, 
      3.2903704259315212e-05
    ]
  }, 
  "h": 2.9880575313738156, 
  "t": 0.31005899999999997, 
  "x": 0.22088995883483756, 
  "y": -0.17188794077429004
}