{
  "sigmaH": 0.18849555921536254, 
  "sigmaX": 0.011085867186327423, 
  "sigmaY": 0.068199977161110856, 
  "t": 0.26000000000000001, 
  "vh": -6.0859734274756923, 
  "vx": 0.36084420067364165, 
  "vy": -2.3409982722588913
}