{
  "sigmaH": 0.18849555921538752, 
  "sigmaX": 0.020960437115002284, 
  "sigmaY": 0.001, 
  "t": 0.47000000000000003, 
  "vh": -6.6565102544400654, 
  "vx": 0.68198126496707556, 
  "vy": -0.0004883270617642094
}