{
  "h": 1.8843537042226854, 
  "t": 0.18000000000000002, 
  "x": -0.83229455367357652, 
  "y": -0.33298144809342922
}