{
  "h": 2.866119908099023, 
  "t": 0.14003906250000001, 
  "x": 0.26359515262921435, 
  "y": 0.050893784469328532
}