{
  "sigmaH": 0.1051885660800056, 
  "sigmaX": 0.001, 
  "sigmaY": 0.078579754193238552, 
  "t": 0.02, 
  "vh": -3.4924718232776604, 
  "vx": -0.0069354564373407786, 
  "vy": -2.4954085905590926
}