{
  "h": 2.8591851451033916, 
  "t": 0.030078125000000001, 
  "x": 0.21272596661137641, 
  "y": 0.11750437369817232
}