{
  "h": 2.9582853627015995, 
  "t": 0.28007812500000001, 
  "x": 0.24433136280225287, 
  "y": -0.12388990037690806
}