{
  "sigmaH": 0.026201728601017292, 
  "sigmaX": 0.01063960251278894, 
  "sigmaY": 0.044413599909595793, 
  "t": 0.26005899999999998, 
  "vh": 0.89653031697855179, 
  "vx": -0.33823404167105608, 
  "vy": -1.4915593622577068
}