{
  "covariance": {
    "row_0": [
      3.5159038391827932e-05, 
      0.0, 
      0.0
    ], 
    "row_1": [
      0.0, 
      2.8382586834355368e-05, 
      0.0
    ], 
    "row_2": [
      0.0, 
      0.0, 
      1.9610921521000004e-06
    ]
  }, 
  "h": 2.8578750459778774, 
  "t": 0.040038999999999998, 
  "x": 0.22071429225967812, 
  "y": 0.11033842516671827
}