{
  "sigmaH": 0.18849555921539585, 
  "sigmaX": 0.025662613271514756, 
  "sigmaY": 0.001, 
  "t": 0.57000000000000006, 
  "vh": -6.2085112723200506, 
  "vx": 0.86371610898546713, 
  "vy": 0.00094513865001303156
}