{
  "h": 3.0812359983461559, 
  "t": 0.38007812500000004, 
  "x": 0.17294950535981254, 
  "y": -0.31037531091951431
}