{
  "h": -0.69112594419938589, 
  "t": 0.59000000000000008, 
  "x": -0.59730996882054699, 
  "y": -0.80000000000000004
}