{
  "covariance": {
    "row_0": [
      3.9132464624087384e-05, 
      7.4236695060346681e-06, 
      0.0
    ], 
    "row_1": [
      7.4236695060346545e-06, 
      3.9737970885921344e-05, 
      0.0
    ], 
    "row_2": [
      0.0, 
      0.0, 
      0.0024816054547156306
    ]
  }, 
  "h": -0.11403266312624458, 
  "t": 0.49990234375001508, 
  "x": -0.66789792379689239, 
  "y": -0.80500275507665509
}