{
  "h": -0.12563926655320387, 
  "t": 0.5, 
  "x": -0.67146239641271421, 
  "y": -0.80000000000000004
}