{
  "sigmaH": 0.030483481685027524, 
  "sigmaX": 0.014958024313079478, 
  "sigmaY": 0.049035442127256489, 
  "t": 0.29003899999999999, 
  "vh": 1.0837241528115054, 
  "vx": -0.49488232107591529, 
  "vy": -1.5310275056678817
}