{
  "sigmaH": 0.033342632767182745, 
  "sigmaX": 0.017841661020113832, 
  "sigmaY": 0.052121688559244851, 
  "t": 0.31005899999999997, 
  "vh": 1.1538618021715752, 
  "vx": -0.56899790906736314, 
  "vy": -1.7402961918321951
}