{
  "h": 2.8695914532071316, 
  "t": 0.15000000000000002, 
  "x": 0.26533549414608187, 
  "y": 0.041790595834059197
}