{
  "h": 2.9901497672010988, 
  "t": 0.31005859375, 
  "x": 0.22797031184182129, 
  "y": -0.17440544684807555
}