{
  "h": 3.2914574503703582, 
  "t": 0.5, 
  "x": 0.02403268221429963, 
  "y": -0.60177505894112959
}