{
  "h": -0.18847111962499971, 
  "t": 0.51000000000000001, 
  "x": -0.6638501946122306, 
  "y": -0.80000000000000004
}