{
  "sigmaH": 0.054765345265681838, 
  "sigmaX": 0.039447836542086508, 
  "sigmaY": 0.0752459545081927, 
  "t": 0.460059, 
  "vh": 1.95038231536053, 
  "vx": -1.2916754938082067, 
  "vy": -2.3944004576694859
}