{
  "h": 2.9306170605357167, 
  "t": 0.25, 
  "x": 0.25640898782185001, 
  "y": -0.077851233449870411
}