{
  "h": 2.856930909958256, 
  "t": 0.10000000000000001, 
  "x": 0.25179360103988557, 
  "y": 0.082341288851901007
}