{
  "covariance": {
    "row_0": [
      2.039521620744865e-05, 
      -3.1651308244471728e-06, 
      -1.8933323698357589e-09
    ], 
    "row_1": [
      -3.1651308244471694e-06, 
      4.0695244708506973e-05, 
      4.0070776732704778e-08
    ], 
    "row_2": [
      -1.8933323698357605e-09, 
      4.0070776732704778e-08, 
      6.8879824551505486e-06
    ]
  }, 
  "h": 2.8726271538086339, 
  "t": 0.16005900000000001, 
  "x": 0.26512769005261622, 
  "y": 0.035297281061449783
}