{
  "covariance": {
    "row_0": [
      1.9983385898484999e-05, 
      -2.6706794932842475e-06, 
      -1.2721875717879749e-09
    ], 
    "row_1": [
      -2.6706794932842441e-06, 
      3.7112172843209647e-05, 
      3.6583259854268532e-08
    ], 
    "row_2": [
      -1.2721875717879766e-09, 
      3.6583259854268532e-08, 
      6.2729898549945375e-06
    ]
  }, 
  "h": 2.8687192370417227, 
  "t": 0.14999999999999999, 
  "x": 0.26389370793272093, 
  "y": 0.044950925923184337
}