{
  "covariance": {
    "row_0": [
      2.6883587203631392e-05, 
      -3.6329093798838291e-06, 
      -2.0517464681181987e-09
    ], 
    "row_1": [
      -3.6329093798838257e-06, 
      5.0183779587646876e-05, 
      4.7027285443610884e-08
    ], 
    "row_2": [
      -2.0517464681182004e-09, 
      4.7027285443610884e-08, 
      1.0516978923339112e-05
    ]
  }, 
  "h": 2.8929111762099238, 
  "t": 0.20000000000000001, 
  "x": 0.26535970791337893, 
  "y": -0.007623723986177432
}