{
  "covariance": {
    "row_0": [
      3.1422202614395793e-05, 
      -2.7303863036771174e-06, 
      -5.0859570332480031e-09
    ], 
    "row_1": [
      -2.7303863036771187e-06, 
      5.1402431208821532e-05, 
      1.2946687390525949e-07
    ], 
    "row_2": [
      -5.085957033248004e-09, 
      1.2946687390525949e-07, 
      2.1853645671165299e-05
    ]
  }, 
  "h": 2.9468747847800834, 
  "t": 0.27001999999999998, 
  "x": 0.24341641229992611, 
  "y": -0.10284051089820648
}