{
  "covariance": {
    "row_0": [
      6.5697743141810585e-05, 
      6.1927792389825757e-05, 
      -9.9721759332539124e-06
    ], 
    "row_1": [
      6.1927792389825743e-05, 
      0.00011132045141803832, 
      -5.244807327245411e-06
    ], 
    "row_2": [
      -9.9721759332539107e-06, 
      -5.2448073272454085e-06, 
      0.0023153046165310287
    ]
  }, 
  "h": 0.6318822690017516, 
  "t": 0.38, 
  "x": -0.74909145177292524, 
  "y": -0.77980246611787774
}