{
  "sigmaH": 0.01, 
  "sigmaX": 0.019617483130289146, 
  "sigmaY": 0.012030594664682481, 
  "t": 0.050000000000000003, 
  "vh": -0.12869606520494206, 
  "vx": 0.63190601997133811, 
  "vy": -0.39550478873111683
}