{
  "covariance": {
    "row_0": [
      3.7149551708137284e-05, 
      1.3960512309432925e-06, 
      -9.4308257207066633e-08
    ], 
    "row_1": [
      1.3960512309432891e-06, 
      0.0001316688558275975, 
      4.2868466226028631e-07
    ], 
    "row_2": [
      -9.4308257207066527e-08, 
      4.2868466226028615e-07, 
      0.00015454710549436633
    ]
  }, 
  "h": 3.1933696735105852, 
  "t": 0.45000000000000001, 
  "x": 0.088888406510293644, 
  "y": -0.47130336619762936
}