{
  "h": 2.9683975694980482, 
  "t": 0.2900390625, 
  "x": 0.23937417234083494, 
  "y": -0.14016120215232739
}