{
  "sigmaH": 0.057624496347838429, 
  "sigmaX": 0.042331473249120267, 
  "sigmaY": 0.07833220094018202, 
  "t": 0.480078, 
  "vh": 2.0058622760937848, 
  "vx": -1.3943580278617471, 
  "vy": -2.602762843343049
}