{
  "h": 3.0016836498262225, 
  "t": 0.32001953125000004, 
  "x": 0.2215792703920256, 
  "y": -0.19221134467232759
}