{
  "covariance": {
    "row_0": [
      3.9876836028430745e-05, 
      -1.4631924652706376e-05, 
      5.7257931017633204e-08
    ], 
    "row_1": [
      -1.4631924652706374e-05, 
      0.00014298259823323082, 
      1.5907599439073241e-06
    ], 
    "row_2": [
      5.7257931017633231e-08, 
      1.5907599439073238e-06, 
      7.9527834607422072e-05
    ]
  }, 
  "h": 3.0939587582747214, 
  "t": 0.39003900000000002, 
  "x": 0.15637541689538245, 
  "y": -0.32877883265461949
}