{
  "sigmaH": 0.047624441099515025, 
  "sigmaX": 0.032245778034763188, 
  "sigmaY": 0.067537865858543503, 
  "t": 0.41005900000000001, 
  "vh": 1.563421495112477, 
  "vx": -1.0856158822902513, 
  "vy": -2.220074708662886
}