{
  "covariance": {
    "row_0": [
      2.761716667420463e-05, 
      0.0, 
      0.0
    ], 
    "row_1": [
      0.0, 
      2.5594271048439087e-05, 
      0.0
    ], 
    "row_2": [
      0.0, 
      0.0, 
      1.2112983481000002e-06
    ]
  }, 
  "h": 2.8644273117111236, 
  "t": 0.010059, 
  "x": 0.19850553222165573, 
  "y": 0.119332370807161
}