{
  "covariance": {
    "row_0": [
      5.3259774278062251e-05, 
      3.8597043178132216e-05, 
      -6.6904445062741743e-08
    ], 
    "row_1": [
      3.8597043178132216e-05, 
      6.528942291038765e-05, 
      4.69754037177521e-06
    ], 
    "row_2": [
      -6.690444506274128e-08, 
      4.6975403717752108e-06, 
      0.00062434784533864536
    ]
  }, 
  "h": 1.9471104936326442, 
  "t": 0.17000000000000001, 
  "x": -0.83480126226288753, 
  "y": -0.30762889814440852
}