{
  "sigmaH": 0.051906194183525253, 
  "sigmaX": 0.036564199835052699, 
  "sigmaY": 0.072159708076204074, 
  "t": 0.44003900000000001, 
  "vh": 1.7343293914843601, 
  "vx": -1.2227909100694812, 
  "vy": -2.3691476429256886
}