{
  "sigmaH": 0.02048342643670412, 
  "sigmaX": 0.0048723290987200581, 
  "sigmaY": 0.038241107045618866, 
  "t": 0.22001999999999999, 
  "vh": 0.68673816939425547, 
  "vx": -0.16172287462709414, 
  "vy": -1.2029888087872032
}