{
  "sigmaH": 0.034765234769037756, 
  "sigmaX": 0.019276446113370101, 
  "sigmaY": 0.053657284344917316, 
  "t": 0.32002000000000003, 
  "vh": 1.1464525581479696, 
  "vx": -0.64449903524936047, 
  "vy": -1.7650950697659475
}