{
  "h": 2.8605714279546777, 
  "t": 0.12001953125000001, 
  "x": 0.25865652775405201, 
  "y": 0.067647290108788005
}