{
  "covariance": {
    "row_0": [
      2.333563833119256e-05, 
      -3.4116339498466148e-06, 
      -1.9941834366979689e-09
    ], 
    "row_1": [
      -3.4116339498466114e-06, 
      4.5216649777199842e-05, 
      4.3588598582544294e-08
    ], 
    "row_2": [
      -1.9941834366979705e-09, 
      4.3588598582544294e-08, 
      8.4451220416875414e-06
    ]
  }, 
  "h": 2.8817161349115836, 
  "t": 0.18007799999999999, 
  "x": 0.26618157112839863, 
  "y": 0.01438477718906953
}