{
  "sigmaH": 0.02191997551700706, 
  "sigmaX": 0.0063211807124984032, 
  "sigmaY": 0.039791757691935048, 
  "t": 0.230078, 
  "vh": 0.73940459910993328, 
  "vx": -0.21437720834844926, 
  "vy": -1.2896915292166609
}