{
  "sigmaH": 0.18849555921539585, 
  "sigmaX": 0.016728478574141059, 
  "sigmaY": 0.063010088645046758, 
  "t": 0.38, 
  "vh": -6.4888692922556999, 
  "vx": 0.56575334615848094, 
  "vy": -2.0202431153055338
}