{
  "h": 2.3723795199970774, 
  "t": 0.090000000000000011, 
  "x": -0.84861021454065066, 
  "y": -0.1127988763406152
}