{
  "h": -0.56546223805578866, 
  "t": 0.57000000000000006, 
  "x": -0.61488546049977033, 
  "y": -0.80000000000000004
}