{
  "h": 2.9073245250032289, 
  "t": 0.22001953125000001, 
  "x": 0.26412476076412184, 
  "y": -0.036588398449605791
}