{
  "covariance": {
    "row_0": [
      5.8538264924393079e-05, 
      -9.8801308364326967e-06, 
      0.0
    ], 
    "row_1": [
      -9.8801308364327103e-06, 
      5.7732399161600293e-05, 
      0.0
    ], 
    "row_2": [
      0.0, 
      0.0, 
      0.0047210382216118204
    ]
  }, 
  "h": -0.74455427284210063, 
  "t": 0.60000234375001515, 
  "x": -0.58464122360717474, 
  "y": -0.80503959022943461
}