{
  "h": 0.94250223566735603, 
  "t": 0.33000000000000002, 
  "x": -0.77688872862272174, 
  "y": -0.674002958434466
}