{
  "h": 3.0262931371849437, 
  "t": 0.34003906250000004, 
  "x": 0.20729365055362531, 
  "y": -0.22953982652504337
}