{
  "sigmaH": 0.041906138935201849, 
  "sigmaX": 0.026478504620694905, 
  "sigmaY": 0.061365372994566264, 
  "t": 0.37002000000000002, 
  "vh": 1.341909835110322, 
  "vx": -0.87086504201041881, 
  "vy": -2.0803460577713691
}