{
  "sigmaH": 0.01, 
  "sigmaX": 0.012415424622964081, 
  "sigmaY": 0.019738683314332064, 
  "t": 0.10000000000000001, 
  "vh": 0.10701415566527729, 
  "vx": 0.38466813850235287, 
  "vy": -0.65118939139799004
}