{
  "h": 3.0392486956387423, 
  "t": 0.35000000000000003, 
  "x": 0.19946875811545192, 
  "y": -0.24888032039812807
}