{
  "sigmaH": 0.15792866318531784, 
  "sigmaX": 0.0049730381828638759, 
  "sigmaY": 0.073822356386846644, 
  "t": 0.13, 
  "vh": -5.1834692842317622, 
  "vx": 0.17182883744784191, 
  "vy": -2.417051991318242
}