{
  "covariance": {
    "row_0": [
      3.6144817482581029e-05, 
      -1.3057173891155634e-05, 
      5.3493118851459971e-08
    ], 
    "row_1": [
      -1.3057173891155633e-05, 
      0.00012815361104749534, 
      1.4140093665474071e-06
    ], 
    "row_2": [
      5.3493118851459997e-08, 
      1.4140093665474069e-06, 
      7.1771408352528103e-05
    ]
  }, 
  "h": 3.0777234806450418, 
  "t": 0.38007800000000003, 
  "x": 0.16580865632942943, 
  "y": -0.30625468095184899
}