{
  "sigmaH": 0.18849555921539585, 
  "sigmaX": 0.016258260958489812, 
  "sigmaY": 0.063442579354718753, 
  "t": 0.37, 
  "vh": -6.5994525645729833, 
  "vx": 0.54277421483482413, 
  "vy": -2.1155954271641564
}