{
  "covariance": {
    "row_0": [
      3.7514589826516222e-05, 
      0.0, 
      0.0
    ], 
    "row_1": [
      0.0, 
      2.9673815726036847e-05, 
      0.0
    ], 
    "row_2": [
      0.0, 
      0.0, 
      2.2500000000000001e-06
    ]
  }, 
  "h": 2.8565931044723709, 
  "t": 0.050000000000000003, 
  "x": 0.22700870812461263, 
  "y": 0.10639880196616761
}