{
  "sigmaH": 0.18849555921538755, 
  "sigmaX": 0.021900872346304778, 
  "sigmaY": 0.001, 
  "t": 0.49000000000000005, 
  "vh": -6.4390379112863183, 
  "vx": 0.74522514322210842, 
  "vy": -0.00059815737853393346
}