{
  "h": 2.856171873652992, 
  "t": 0.050000000000000003, 
  "x": 0.22624827708814768, 
  "y": 0.11004516745366077
}