{
  "h": 2.8779972230071476, 
  "t": 0.17001953125000002, 
  "x": 0.26739235968185759, 
  "y": 0.021952853037632104
}