{
  "sigmaH": 0.013342522270537302, 
  "sigmaX": 0.0023297294086047486, 
  "sigmaY": 0.030533018395969683, 
  "t": 0.17002, 
  "vh": 0.43747777731755233, 
  "vx": 0.074424660530995876, 
  "vy": -1.0299971820704339
}