{
  "covariance": {
    "row_0": [
      5.3210281336604113e-05, 
      -5.032713291078183e-06, 
      0.0
    ], 
    "row_1": [
      -5.0327132910781974e-06, 
      5.279979169811926e-05, 
      0.0
    ], 
    "row_2": [
      0.0, 
      0.0, 
      0.0042137972037732353
    ]
  }, 
  "h": -0.62226857387914192, 
  "t": 0.58000000000000007, 
  "x": -0.60214388182492806, 
  "y": -0.80503096727616086
}