{
  "sigmaH": 0.01, 
  "sigmaX": 0.016733846423254536, 
  "sigmaY": 0.015116841096671321, 
  "t": 0.070019999999999999, 
  "vh": -0.028676936190663575, 
  "vx": 0.5727820957647296, 
  "vy": -0.48871735762223922
}