{
  "h": 0.4398474110929671, 
  "t": 0.41000000000000003, 
  "x": -0.73291894838229776, 
  "y": -0.80000000000000004
}