{
  "covariance": {
    "row_0": [
      2.570704105752987e-05, 
      1.8912403404662269e-05, 
      -4.7508544887273046e-06
    ], 
    "row_1": [
      1.8912403404662256e-05, 
      3.9631512423507835e-05, 
      -2.5511591498505068e-06
    ], 
    "row_2": [
      -4.7508544887273021e-06, 
      -2.5511591498505043e-06, 
      0.0010915485626292471
    ]
  }, 
  "h": 1.1420536269756958, 
  "t": 0.30000234374999624, 
  "x": -0.78977535223215767, 
  "y": -0.60955666173187006
}