{
  "sigmaH": 0.060469700351544364, 
  "sigmaX": 0.045201043435631832, 
  "sigmaY": 0.081403392511526243, 
  "t": 0.5, 
  "vh": 1.9320071681748769, 
  "vx": -1.4954215375147071, 
  "vy": -2.7776067769399013
}