{
  "sigmaH": 0.18849555921539352, 
  "sigmaX": 0.014377390495885156, 
  "sigmaY": 0.065172542193406735, 
  "t": 0.33000000000000002, 
  "vh": -6.2741406420605044, 
  "vx": 0.50758138852080914, 
  "vy": -2.2647261355392692
}