{
  "covariance": {
    "row_0": [
      5.965331383202602e-05, 
      5.5496275900544665e-05, 
      -9.2148799922498712e-06
    ], 
    "row_1": [
      5.5496275900544651e-05, 
      0.00010053649235053006, 
      -4.8550772393700751e-06
    ], 
    "row_2": [
      -9.2148799922498695e-06, 
      -4.8550772393700725e-06, 
      0.0021374606615833431
    ]
  }, 
  "h": 0.69677096192430865, 
  "t": 0.37, 
  "x": -0.75474898523451006, 
  "y": -0.75960003496482242
}