{
  "sigmaH": 0.18849555921539585, 
  "sigmaX": 0.018139131421094801, 
  "sigmaY": 0.001, 
  "t": 0.41000000000000003, 
  "vh": -6.0705626874106615, 
  "vx": 0.62402662212063387, 
  "vy": 0.0015152030825904099
}