{
  "h": 1.3823252071698788, 
  "t": 0.26000000000000001, 
  "x": -0.80713347805919722, 
  "y": -0.51889616689892071
}