{
  "covariance": {
    "row_0": [
      4.2145588567098335e-05, 
      1.5873457581499509e-06, 
      -1.0311598960716596e-07
    ], 
    "row_1": [
      1.5873457581499475e-06, 
      0.00014960876931338963, 
      3.5514968467696146e-07
    ], 
    "row_2": [
      -1.0311598960716585e-07, 
      3.5514968467696135e-07, 
      0.00016854916831084358
    ]
  }, 
  "h": 3.2129885692207969, 
  "t": 0.460059, 
  "x": 0.075895442718076911, 
  "y": -0.49538864040132669
}