{
  "covariance": {
    "row_0": [
      1.5578577417393866e-05, 
      -1.974729599654863e-06, 
      -7.958758219254085e-10
    ], 
    "row_1": [
      -1.9747295996548596e-06, 
      2.824378707826209e-05, 
      2.8283750005262335e-08
    ], 
    "row_2": [
      -7.9587582192541026e-10, 
      2.8283750005262335e-08, 
      4.4115466420402557e-06
    ]
  }, 
  "h": 2.8576738024727515, 
  "t": 0.110059, 
  "x": 0.25385543242053737, 
  "y": 0.078647119182890982
}