{
  "h": 2.8631207113118413, 
  "t": 0.13007812500000002, 
  "x": 0.2613784176243516, 
  "y": 0.059487107316386373
}