{
  "covariance": {
    "row_0": [
      1.7074993752622373e-05, 
      -2.5498220359473718e-06, 
      -1.3985290789430147e-09
    ], 
    "row_1": [
      -2.5498220359473684e-06, 
      3.3428647282428902e-05, 
      3.3360748354703672e-08
    ], 
    "row_2": [
      -1.3985290789430164e-09, 
      3.3360748354703672e-08, 
      5.29257088403505e-06
    ]
  }, 
  "h": 2.8622017484432081, 
  "t": 0.130078, 
  "x": 0.25987953174420564, 
  "y": 0.06292940839962094
}