{
  "sigmaH": 0.046187892019213451, 
  "sigmaX": 0.030796926420985356, 
  "sigmaY": 0.065987215212227349, 
  "t": 0.40000000000000002, 
  "vh": 1.5303878678184699, 
  "vx": -1.0541760462739256, 
  "vy": -2.1205838537829056
}