{
  "covariance": {
    "row_0": [
      4.7215494122160975e-05, 
      3.2448840768974296e-07, 
      0.0
    ], 
    "row_1": [
      3.2448840768972835e-07, 
      4.7241960785660589e-05, 
      0.0
    ], 
    "row_2": [
      0.0, 
      0.0, 
      0.003511617308324712
    ]
  }, 
  "h": -0.43510651282816892, 
  "t": 0.55000000000000004, 
  "x": -0.62790258705605229, 
  "y": -0.80503790507632256
}