{
  "covariance": {
    "row_0": [
      2.0578061100415599e-05, 
      -2.2747476044099533e-06, 
      -4.802890438687568e-09
    ], 
    "row_1": [
      -2.2747476044099545e-06, 
      3.7224082085212781e-05, 
      1.0445198973396601e-07
    ], 
    "row_2": [
      -4.8028904386875663e-09, 
      1.0445198973396603e-07, 
      1.3372622416970417e-05
    ]
  }, 
  "h": 2.9123326610819364, 
  "t": 0.230078, 
  "x": 0.25641241662692632, 
  "y": -0.044737540349643896
}