{
  "covariance": {
    "row_0": [
      5.5422941221078689e-05, 
      -7.023895279648641e-06, 
      0.0
    ], 
    "row_1": [
      -7.0238952796486563e-06, 
      5.4850042256377147e-05, 
      0.0
    ], 
    "row_2": [
      0.0, 
      0.0, 
      0.0044620693992603122
    ]
  }, 
  "h": -0.68287953146225933, 
  "t": 0.59000000000000008, 
  "x": -0.59344972799167228, 
  "y": -0.80503201231735122
}