{
  "h": 2.873576350391291, 
  "t": 0.16005859375000001, 
  "x": 0.26660947566537258, 
  "y": 0.032080771933522614
}