{
  "covariance": {
    "row_0": [
      2.6180260182368221e-05, 
      0.0, 
      0.0
    ], 
    "row_1": [
      0.0, 
      0.00012543736114883133, 
      0.0
    ], 
    "row_2": [
      0.0, 
      0.0, 
      0.00010761979597208657
    ]
  }, 
  "h": 2.421640508771759, 
  "t": 0.080000000000000002, 
  "x": -0.84781757096757837, 
  "y": -0.082063229935397108
}