{
  "covariance": {
    "row_0": [
      4.577954114195254e-05, 
      0.0, 
      0.0
    ], 
    "row_1": [
      0.0, 
      3.7009251691890526e-05, 
      0.0
    ], 
    "row_2": [
      0.0, 
      0.0, 
      3.6114821521000004e-06
    ]
  }, 
  "h": 2.8565232791160216, 
  "t": 0.090038999999999994, 
  "x": 0.24808991814132716, 
  "y": 0.084670816962354192
}