{
  "sigmaH": 0.016201673352693888, 
  "sigmaX": 0.001, 
  "sigmaY": 0.033619264827958129, 
  "t": 0.19003900000000001, 
  "vh": 0.53580048826601545, 
  "vx": -0.016896975416599243, 
  "vy": -1.1129585510915383
}