{
  "h": 2.8574423352177276, 
  "t": 0.0400390625, 
  "x": 0.21972531859375966, 
  "y": 0.11402970347002232
}