{
  "sigmaH": 0.01, 
  "sigmaX": 0.02105226822354524, 
  "sigmaY": 0.010494998879010025, 
  "t": 0.040038999999999998, 
  "vh": -0.17449079415863841, 
  "vx": 0.69287759308834052, 
  "vy": -0.34927480003646194
}