{
  "covariance": {
    "row_0": [
      2.6574972935275832e-05, 
      -2.9388165334352211e-06, 
      -1.1075051201301718e-09
    ], 
    "row_1": [
      -2.9388165334352177e-06, 
      4.5423490149914087e-05, 
      4.2747661936306628e-08
    ], 
    "row_2": [
      -1.1075051201301734e-09, 
      4.2747661936306628e-08, 
      9.4091480884362764e-06
    ]
  }, 
  "h": 2.8870532435752012, 
  "t": 0.19003900000000001, 
  "x": 0.26601326035627387, 
  "y": 0.0032985970616466898
}