{
  "h": 2.8558303681865693, 
  "t": 0.090039062500000003, 
  "x": 0.24766195103425778, 
  "y": 0.088885151177716518
}