{
  "sigmaH": 0.031906083686879805, 
  "sigmaX": 0.016392809406335487, 
  "sigmaY": 0.050571037912928857, 
  "t": 0.29999999999999999, 
  "vh": 0.99044007239475584, 
  "vx": -0.54002611931228262, 
  "vy": -1.6680919733288928
}