{
  "h": 2.9393904546542191, 
  "t": 0.26005859375000001, 
  "x": 0.25285346396187991, 
  "y": -0.092729892838127492
}