{
  "sigmaH": 0.18849555921536254, 
  "sigmaX": 0.011556084801978674, 
  "sigmaY": 0.067767486451438708, 
  "t": 0.27000000000000002, 
  "vh": -6.1997546338011222, 
  "vx": 0.38664243946408966, 
  "vy": -2.3293621775662547
}