{
  "sigmaH": 0.03762438585119298, 
  "sigmaX": 0.022160082820404367, 
  "sigmaY": 0.056743530776905686, 
  "t": 0.34003899999999998, 
  "vh": 1.203762390993568, 
  "vx": -0.76370510816433701, 
  "vy": -1.918187396263078
}