{
  "sigmaH": 0.010483371188380716, 
  "sigmaX": 0.0052133661156391889, 
  "sigmaY": 0.02744677196398122, 
  "t": 0.14999999999999999, 
  "vh": 0.34436070146216402, 
  "vx": 0.17706040857263317, 
  "vy": -0.96227533919489483
}