{
  "h": 2.8883109549550872, 
  "t": 0.19003906250000002, 
  "x": 0.26752492337862932, 
  "y": 5.5603344858551373e-05
}