{
  "covariance": {
    "row_0": [
      4.3980623171182756e-05, 
      -1.6323648826579841e-05, 
      6.1231218313950073e-08
    ], 
    "row_1": [
      -1.6323648826579841e-05, 
      0.00015900765175266526, 
      1.7808043103974898e-06
    ], 
    "row_2": [
      6.1231218313950086e-08, 
      1.7808043103974896e-06, 
      8.7947750603692865e-05
    ]
  }, 
  "h": 3.1092029518260613, 
  "t": 0.40000000000000002, 
  "x": 0.14587476929844789, 
  "y": -0.34990196842215099
}