{
  "sigmaH": 0.027624330602869576, 
  "sigmaX": 0.012074387606045036, 
  "sigmaY": 0.045949195695268119, 
  "t": 0.27001999999999998, 
  "vh": 0.90801528684867261, 
  "vx": -0.38746161413310248, 
  "vy": -1.5097299008369967
}