{
  "h": 3.1605635765838498, 
  "t": 0.43007812500000003, 
  "x": 0.11925343037028083, 
  "y": -0.4228882378149405
}