{
  "h": 3.0960902118154494, 
  "t": 0.39003906250000003, 
  "x": 0.16320969792087409, 
  "y": -0.33176526531384132
}