{
  "h": 3.1777887933895657, 
  "t": 0.44003906250000002, 
  "x": 0.1071223144425827, 
  "y": -0.44683751851872133
}