{
  "h": 3.1436488024236566, 
  "t": 0.42001953125000002, 
  "x": 0.13102005663776345, 
  "y": -0.39922154855937741
}