{
  "covariance": {
    "row_0": [
      4.1330488137677129e-05, 
      2.6040046397284003e-05, 
      -2.9144580755336395e-08
    ], 
    "row_1": [
      2.6040046397284003e-05, 
      4.9448925231213257e-05, 
      3.467129185293835e-06
    ], 
    "row_2": [
      -2.9144580755335959e-08, 
      3.4671291852938358e-06, 
      0.00046194361801046467
    ]
  }, 
  "h": 2.0684480710985156, 
  "t": 0.14999999999999999, 
  "x": -0.83919281935452306, 
  "y": -0.25857960328848539
}