{
  "h": 2.8829407548314832, 
  "t": 0.18007812500000001, 
  "x": 0.26769949686252675, 
  "y": 0.011208252501370222
}