{
  "covariance": {
    "row_0": [
      6.7430614397355972e-05, 
      2.5030683241174607e-06, 
      -1.4384485892307897e-07
    ], 
    "row_1": [
      2.5030683241174573e-06, 
      0.00023685316636269386, 
      -4.2942724598732274e-08
    ], 
    "row_2": [
      -1.4384485892307887e-07, 
      -4.2942724598732287e-08, 
      0.00023447916121791356
    ]
  }, 
  "h": 3.2902980958443595, 
  "t": 0.5, 
  "x": 0.017861819599899818, 
  "y": -0.60177418995248433
}