{
  "sigmaH": 0.017624275354547532, 
  "sigmaX": 0.0019886923916856178, 
  "sigmaY": 0.035154860613630427, 
  "t": 0.20000000000000001, 
  "vh": 0.58808680200005126, 
  "vx": -0.06561112768747826, 
  "vy": -1.0965084878851645
}