{
  "covariance": {
    "row_0": [
      1.6369037140620374e-05, 
      -2.232218217116314e-06, 
      -1.0535279117101734e-09
    ], 
    "row_1": [
      -2.2322182171163107e-06, 
      3.0685689470733763e-05, 
      3.0660643684972596e-08
    ], 
    "row_2": [
      -1.0535279117101752e-09, 
      3.0660643684972596e-08, 
      4.8399053601884267e-06
    ]
  }, 
  "h": 2.8597821008119055, 
  "t": 0.12002, 
  "x": 0.25715869917271655, 
  "y": 0.071002640310187756
}