{
  "h": 2.914662305294736, 
  "t": 0.23007812500000002, 
  "x": 0.26201714525516062, 
  "y": -0.049917416729727916
}