{
  "h": 1.5079889133134539, 
  "t": 0.24000000000000002, 
  "x": -0.81436418219409423, 
  "y": -0.47328246861689183
}