{
  "covariance": {
    "row_0": [
      2.6628822808041071e-05, 
      3.7504030371554373e-06, 
      5.8097895733594342e-08
    ], 
    "row_1": [
      3.7504030371554238e-06, 
      8.3217672177931655e-05, 
      2.7576632832193923e-06
    ], 
    "row_2": [
      5.809789573359372e-08, 
      2.7576632832193927e-06, 
      0.00021730158135672227
    ]
  }, 
  "h": 3.2897552062319182, 
  "t": 0.5000000000000151, 
  "x": 0.015474901002282247, 
  "y": -0.5994463998877394
}