{
  "h": 3.271388881907292, 
  "t": 0.49003906250000001, 
  "x": 0.039031500118752553, 
  "y": -0.57475658613968317
}