{
  "h": -0.37696667884039287, 
  "t": 0.54000000000000004, 
  "x": -0.64007315397947739, 
  "y": -0.80000000000000004
}