{
  "h": 2.4439590387836073e-05, 
  "t": 0.48000000000000004, 
  "x": -0.68621658239803018, 
  "y": -0.80000000000000004
}