{
  "sigmaH": 0.18849555921539585, 
  "sigmaX": 0.02660304850281725, 
  "sigmaY": 0.001, 
  "t": 0.59000000000000008, 
  "vh": -6.0610957583117333, 
  "vx": 0.86941538332557555, 
  "vy": -0.00010450411903317977
}