{
  "covariance": {
    "row_0": [
      7.8232329138150578e-05, 
      8.5463520289705015e-05, 
      -9.4219764873720055e-06
    ], 
    "row_1": [
      8.5463520289705015e-05, 
      0.0001445037449429432, 
      1.6160503145090478e-06
    ], 
    "row_2": [
      -9.4219764873720055e-06, 
      1.6160503145090486e-06, 
      0.0019980824863601739
    ]
  }, 
  "h": 1.2074646602784029, 
  "t": 0.29000000000000004, 
  "x": -0.793740520548886, 
  "y": -0.59057154727893524
}