{
  "covariance": {
    "row_0": [
      1.4696829126814006e-05, 
      -1.7674989320791778e-06, 
      -6.1353484978078581e-10
    ], 
    "row_1": [
      -1.7674989320791745e-06, 
      2.6032933618750402e-05, 
      2.6157601422433675e-08
    ], 
    "row_2": [
      -6.1353484978078757e-10, 
      2.6157601422433675e-08, 
      3.9991120080619544e-06
    ]
  }, 
  "h": 2.8560912295391772, 
  "t": 0.10000000000000095, 
  "x": 0.25023840230107486, 
  "y": 0.085602445919416681
}