{
  "covariance": {
    "row_0": [
      3.4842130704527377e-05, 
      1.1169850648048651e-05, 
      -8.8524124700056259e-06
    ], 
    "row_1": [
      1.1169850648048638e-05, 
      3.574051535871338e-05, 
      -5.261260306131278e-06
    ], 
    "row_2": [
      -8.8524124700056242e-06, 
      -5.2612603061312797e-06, 
      0.0019492144040304258
    ]
  }, 
  "h": 0.071608261340453422, 
  "t": 0.47000000000000003, 
  "x": -0.68954581380073376, 
  "y": -0.80500441260244815
}