{
  "covariance": {
    "row_0": [
      3.32584749539973e-05, 
      2.9962813226205427e-05, 
      -4.1376939893824382e-06
    ], 
    "row_1": [
      2.996281322620542e-05, 
      5.6489112308992266e-05, 
      6.7721614648776495e-07
    ], 
    "row_2": [
      -4.1376939893824374e-06, 
      6.7721614648776569e-07, 
      0.00087737099517202479
    ]
  }, 
  "h": 1.7004300459261186, 
  "t": 0.21000000000000002, 
  "x": -0.82232455256888104, 
  "y": -0.40269009344495976
}