{
  "sigmaH": 0.18849555921536254, 
  "sigmaX": 0.0096752143393743495, 
  "sigmaY": 0.069497449290126689, 
  "t": 0.23000000000000001, 
  "vh": -6.4156031795441946, 
  "vx": 0.32667301967804824, 
  "vy": -2.3717833986931276
}