{
  "h": 0.31418370494936987, 
  "t": 0.42999999999999999, 
  "x": -0.72035911127002106, 
  "y": -0.80000000000000004
}