{
  "sigmaH": 0.01, 
  "sigmaX": 0.0066481512088952853, 
  "sigmaY": 0.025911176178308955, 
  "t": 0.140039, 
  "vh": 0.30993993085533078, 
  "vx": 0.22592886845932439, 
  "vy": -0.84261196895053292
}