{
  "sigmaH": 0.039046987853046632, 
  "sigmaX": 0.023594867913660549, 
  "sigmaY": 0.058279126562578054, 
  "t": 0.34999999999999998, 
  "vh": 1.3293116423760734, 
  "vx": -0.7857120917301883, 
  "vy": -1.8647832875546633
}