{
  "covariance": {
    "row_0": [
      4.7799803081827954e-05, 
      4.8040499680384757e-05, 
      -5.8688511964404972e-06
    ], 
    "row_1": [
      4.804049968038475e-05, 
      8.5049637063975322e-05, 
      9.8433395231412404e-07
    ], 
    "row_2": [
      -5.8688511964404963e-06, 
      9.8433395231412488e-07, 
      0.0012443431915520366
    ]
  }, 
  "h": 1.5176739052882655, 
  "t": 0.24000000000000002, 
  "x": -0.81271170543784932, 
  "y": -0.47359169900926301
}