{
  "covariance": {
    "row_0": [
      3.169001999554909e-05, 
      1.378693470424232e-05, 
      -6.6911357174398278e-06
    ], 
    "row_1": [
      1.3786934704242306e-05, 
      3.2812487420056489e-05, 
      -3.9595967708663869e-06
    ], 
    "row_2": [
      -6.6911357174398253e-06, 
      -3.9595967708663886e-06, 
      0.0014818747335716915
    ]
  }, 
  "h": 0.25969700170456889, 
  "t": 0.44, 
  "x": -0.71004597989874463, 
  "y": -0.80499759834829687
}