{
  "covariance": {
    "row_0": [
      2.1743884790914904e-05, 
      7.7701267020556859e-07, 
      -6.4579717897479469e-08
    ], 
    "row_1": [
      7.770126702055652e-07, 
      7.4373876940151491e-05, 
      6.2722799626566746e-07
    ], 
    "row_2": [
      -6.4579717897479363e-08, 
      6.2722799626566746e-07, 
      0.00010788745427392558
    ]
  }, 
  "h": 3.1235372624321549, 
  "t": 0.41005900000000001, 
  "x": 0.13641132219898988, 
  "y": -0.37613347000008079
}