{
  "covariance": {
    "row_0": [
      2.2161319227998002e-05, 
      -6.7572560206388507e-06, 
      3.7186732822687276e-08
    ], 
    "row_1": [
      -6.7572560206388507e-06, 
      6.9775938259440806e-05, 
      7.0978428217359296e-07
    ], 
    "row_2": [
      3.7186732822687303e-08, 
      7.0978428217359296e-07, 
      4.1561758584565353e-05
    ]
  }, 
  "h": 3.0116789131652881, 
  "t": 0.33007799999999998, 
  "x": 0.20737880567482148, 
  "y": -0.20788841631280094
}