{
  "sigmaH": 0.014779071350841604, 
  "sigmaX": 0.001, 
  "sigmaY": 0.03208366904228583, 
  "t": 0.18007799999999999, 
  "vh": 0.47039818682536999, 
  "vx": 0.031073477056391532, 
  "vy": -1.0591272560923324
}