{
  "h": 2.8553682739028075, 
  "t": 0.06005859375, 
  "x": 0.23235176398669929, 
  "y": 0.10550417904084475
}