{
  "covariance": {
    "row_0": [
      2.5100099999999997e-05, 
      0.0, 
      0.0
    ], 
    "row_1": [
      0.0, 
      3.3525517974750807e-05, 
      0.0
    ], 
    "row_2": [
      0.0, 
      0.0, 
      4.0157759964377902e-06
    ]
  }, 
  "h": 2.7001820509954961, 
  "t": 0.01, 
  "x": -0.85059206422407108, 
  "y": 0.095653140768395109
}