{
  "sigmaH": 0.019060824434851839, 
  "sigmaX": 0.0034375440054639625, 
  "sigmaY": 0.036705511259946574, 
  "t": 0.210059, 
  "vh": 0.6578301280290908, 
  "vx": -0.1144425409045482, 
  "vy": -1.2278138081929346
}