{
  "covariance": {
    "row_0": [
      3.2677471852798817e-05, 
      1.2211810425028171e-06, 
      -8.6127660518389801e-08
    ], 
    "row_1": [
      1.2211810425028137e-06, 
      0.0001153640057486548, 
      4.9175644778964825e-07
    ], 
    "row_2": [
      -8.6127660518389695e-08, 
      4.9175644778964814e-07, 
      0.00014162013046993779
    ]
  }, 
  "h": 3.1750497895399099, 
  "t": 0.44003900000000001, 
  "x": 0.10104819328935034, 
  "y": -0.44706106339883506
}