{
  "sigmaH": 0.18849555921538752, 
  "sigmaX": 0.022841307577607273, 
  "sigmaY": 0.001, 
  "t": 0.51000000000000001, 
  "vh": -6.3322999384663925, 
  "vx": 0.70849709607982048, 
  "vy": -0.0015672900426134408
}