{
  "covariance": {
    "row_0": [
      2.5391869187208408e-05, 
      -2.4918979541600734e-06, 
      -4.9723306673715176e-09
    ], 
    "row_1": [
      -2.4918979541600746e-06, 
      4.3626923922988957e-05, 
      1.161655173167119e-07
    ], 
    "row_2": [
      -4.972330667371516e-09, 
      1.1616551731671191e-07, 
      1.7106992205163308e-05
    ]
  }, 
  "h": 2.9288118460492965, 
  "t": 0.25, 
  "x": 0.25067821366347509, 
  "y": -0.072798495731018903
}