{
  "h": -0.43979853191219148, 
  "t": 0.55000000000000004, 
  "x": -0.63183399535812546, 
  "y": -0.80000000000000004
}