{
  "sigmaH": 0.18849555921539585, 
  "sigmaX": 0.019549784268048542, 
  "sigmaY": 0.001, 
  "t": 0.44, 
  "vh": -6.0044225713812978, 
  "vx": 0.63748575569742982, 
  "vy": -0.00027779673555746853
}