{
  "sigmaH": 0.01, 
  "sigmaX": 0.010966573009185821, 
  "sigmaY": 0.021289333960648148, 
  "t": 0.110059, 
  "vh": 0.15732905195095201, 
  "vx": 0.35958148120716327, 
  "vy": -0.69145310036050778
}