{
  "covariance": {
    "row_0": [
      5.1107366453635297e-05, 
      -3.146699883243037e-06, 
      0.0
    ], 
    "row_1": [
      -3.1466998832430514e-06, 
      5.0850708141749608e-05, 
      0.0
    ], 
    "row_2": [
      0.0, 
      0.0, 
      0.0039726311234549424
    ]
  }, 
  "h": -0.5607759220754901, 
  "t": 0.57000000000000006, 
  "x": -0.6110387627159275, 
  "y": -0.80502172138606876
}