{
  "h": 3.1273729131256882, 
  "t": 0.41005859375000003, 
  "x": 0.14219371506507927, 
  "y": -0.37629699811621775
}