{
  "h": 1.0053340887391538, 
  "t": 0.32000000000000001, 
  "x": -0.78167962472929786, 
  "y": -0.6522773360676315
}