{
  "sigmaH": 0.18849555921539585, 
  "sigmaX": 0.017198696189792306, 
  "sigmaY": 0.057966189781727517, 
  "t": 0.39000000000000001, 
  "vh": -6.0035022744335738, 
  "vx": 0.57734380756560189, 
  "vy": -1.869675152748528
}