{
  "covariance": {
    "row_0": [
      2.9903908349209582e-05, 
      1.523132122858662e-05, 
      -5.414526206227408e-06
    ], 
    "row_1": [
      1.5231321228586608e-05, 
      3.115031746815624e-05, 
      -3.191063842854742e-06
    ], 
    "row_2": [
      -5.4145262062274055e-06, 
      -3.1910638428547436e-06, 
      0.0012058444914305603
    ]
  }, 
  "h": 0.38279906576138634, 
  "t": 0.42000000000000004, 
  "x": -0.72273215482531938, 
  "y": -0.8049877802059916
}