{
  "covariance": {
    "row_0": [
      4.7468352817256984e-05, 
      0.0, 
      0.0
    ], 
    "row_1": [
      0.0, 
      3.9440158314697643e-05, 
      0.0
    ], 
    "row_2": [
      0.0, 
      0.0, 
      3.9999999999999998e-06
    ]
  }, 
  "h": 2.8575892471206035, 
  "t": 0.10000000000000001, 
  "x": 0.2519215974689491, 
  "y": 0.078184319434638799
}