{
  "covariance": {
    "row_0": [
      4.7600445971164015e-05, 
      1.7918335058063341e-06, 
      -1.1239491629813938e-07
    ], 
    "row_1": [
      1.7918335058063307e-06, 
      0.00016889996389616132, 
      2.721630402909378e-07
    ], 
    "row_2": [
      -1.1239491629813927e-07, 
      2.721630402909377e-07, 
      0.00018339672316715577
    ]
  }, 
  "h": 3.2312850646244144, 
  "t": 0.47001999999999999, 
  "x": 0.061808581660847642, 
  "y": -0.52199876699942704
}