{
  "sigmaH": 0.011919920268683654, 
  "sigmaX": 0.0037645145018608446, 
  "sigmaY": 0.02899742261029737, 
  "t": 0.16005900000000001, 
  "vh": 0.38849952946725941, 
  "vx": 0.12267443283579536, 
  "vy": -0.95970224294010764
}