{
  "h": 2.117235914396753, 
  "t": 0.14000000000000001, 
  "x": -0.84111335055555736, 
  "y": -0.23656416301330743
}