{
  "covariance": {
    "row_0": [
      4.8448154674228023e-05, 
      4.3487775835571215e-05, 
      -7.7901377208074975e-06
    ], 
    "row_1": [
      4.3487775835571201e-05, 
      8.048205164288938e-05, 
      -4.1214035220952284e-06
    ], 
    "row_2": [
      -7.7901377208074958e-06, 
      -4.1214035220952259e-06, 
      0.0018030905779697739
    ]
  }, 
  "h": 0.82621665734688832, 
  "t": 0.35000000000000003, 
  "x": -0.76527028216676019, 
  "y": -0.71748261703034477
}