{
  "sigmaH": 0.18849555921536254, 
  "sigmaX": 0.010145431955025264, 
  "sigmaY": 0.069064958580454361, 
  "t": 0.24000000000000002, 
  "vh": -5.7290861733366132, 
  "vx": 0.32812959267170516, 
  "vy": -2.3681017866760539
}