{
  "covariance": {
    "row_0": [
      6.0237108848745582e-05, 
      2.2502851675015671e-06, 
      -1.3279193653169213e-07
    ], 
    "row_1": [
      2.2502851675015637e-06, 
      0.00021255627022386569, 
      7.3063569006595286e-08
    ], 
    "row_2": [
      -1.3279193653169203e-07, 
      7.306356900659522e-08, 
      0.00021639296090156425
    ]
  }, 
  "h": 3.2710533724421698, 
  "t": 0.490039, 
  "x": 0.032757713535083811, 
  "y": -0.57410644884738593
}