{
  "sigmaH": 0.01, 
  "sigmaX": 0.013850209716220262, 
  "sigmaY": 0.018203087528659692, 
  "t": 0.090038999999999994, 
  "vh": 0.068492505276609453, 
  "vx": 0.43988940769963436, 
  "vy": -0.64221864511899573
}