{
  "h": 2.8550471398458188, 
  "t": 0.070019531250000003, 
  "x": 0.23791726498070476, 
  "y": 0.1004949127638619
}