{
  "covariance": {
    "row_0": [
      4.1917332283277281e-05, 
      0.0, 
      0.0
    ], 
    "row_1": [
      0.0, 
      3.2885182755651468e-05, 
      0.0
    ], 
    "row_2": [
      0.0, 
      0.0, 
      2.8906800400000001e-06
    ]
  }, 
  "h": 2.8555956647249592, 
  "t": 0.070019999999999999, 
  "x": 0.23851872484811595, 
  "y": 0.096839827640895992
}