{
  "h": 2.9224035087547624, 
  "t": 0.24003906250000001, 
  "x": 0.2594512632825029, 
  "y": -0.063629392195693413
}