{
  "covariance": {
    "row_0": [
      3.0179963105160094e-05, 
      0.0, 
      0.0
    ], 
    "row_1": [
      0.0, 
      2.6346422868175194e-05, 
      0.0
    ], 
    "row_2": [
      0.0, 
      0.0, 
      1.44048004e-06
    ]
  }, 
  "h": 2.8618001217747318, 
  "t": 0.02002, 
  "x": 0.20639782959211561, 
  "y": 0.11680350979850962
}