{
  "h": 1.6336526194570289, 
  "t": 0.22, 
  "x": -0.82096792950812314, 
  "y": -0.42709211605530029
}