{
  "sigmaH": 0.18849555921539585, 
  "sigmaX": 0.018609349036746048, 
  "sigmaY": 0.001, 
  "t": 0.42000000000000004, 
  "vh": -6.4598006258459657, 
  "vx": 0.59757432370965102, 
  "vy": -5.4680329610687029e-05
}