{
  "covariance": {
    "row_0": [
      3.7787083356760204e-05, 
      3.560141390062648e-05, 
      -4.6813808075825826e-06
    ], 
    "row_1": [
      3.5601413900626473e-05, 
      6.5390424209438663e-05, 
      7.735026844725315e-07
    ], 
    "row_2": [
      -4.6813808075825818e-06, 
      7.7350268447253224e-07, 
      0.00099258911218248519
    ]
  }, 
  "h": 1.6391207988170737, 
  "t": 0.22, 
  "x": -0.8192597315613469, 
  "y": -0.42619284715557115
}