{
  "sigmaH": 0.01, 
  "sigmaX": 0.0095317879159297261, 
  "sigmaY": 0.022824929746320475, 
  "t": 0.12002, 
  "vh": 0.21165528954460802, 
  "vx": 0.3316199931913616, 
  "vy": -0.76744090680687016
}