{
  "sigmaH": 0.18849555921539585, 
  "sigmaX": 0.024722178040212262, 
  "sigmaY": 0.001, 
  "t": 0.55000000000000004, 
  "vh": -6.5776613334358869, 
  "vx": 0.8408920323430209, 
  "vy": -0.00076040540412027318
}