{
  "sigmaH": 0.049047043101368676, 
  "sigmaX": 0.03368056312801903, 
  "sigmaY": 0.069073461644215461, 
  "t": 0.42002, 
  "vh": 1.6639499571336891, 
  "vx": -1.0806844917591665, 
  "vy": -2.3470111552535387
}