{
  "sigmaH": 0.16751777174992188, 
  "sigmaX": 0.005913473414165372, 
  "sigmaY": 0.07295737496750232, 
  "t": 0.14999999999999999, 
  "vh": -5.3832012442085482, 
  "vx": 0.19479425072320405, 
  "vy": -2.3082726229667183
}