{
  "covariance": {
    "row_0": [
      1.6400269311367707e-05, 
      -1.5802880333362071e-06, 
      -1.7501999557153924e-09
    ], 
    "row_1": [
      -1.5802880333362088e-06, 
      2.7964319793357101e-05, 
      8.2126717245441148e-08
    ], 
    "row_2": [
      -1.7501999557153891e-09, 
      8.2126717245441148e-08, 
      9.2453523336135469e-06
    ]
  }, 
  "h": 2.8914380174609056, 
  "t": 0.19999999999999624, 
  "x": 0.26133072166161475, 
  "y": -0.0074322723278360354
}