{
  "h": 3.0528105866915887, 
  "t": 0.36005859375000004, 
  "x": 0.19108372887622094, 
  "y": -0.2689278152741057
}