{
  "sigmaH": 0.01, 
  "sigmaX": 0.0080829363021513809, 
  "sigmaY": 0.024375580392636625, 
  "t": 0.130078, 
  "vh": 0.24056946026072407, 
  "vx": 0.27051427435763237, 
  "vy": -0.80266771829059702
}