{
  "covariance": {
    "row_0": [
      2.5694032299003253e-05, 
      0.0, 
      0.0
    ], 
    "row_1": [
      0.0, 
      9.362228778892826e-05, 
      0.0
    ], 
    "row_2": [
      0.0, 
      0.0, 
      5.9951321175340205e-05
    ]
  }, 
  "h": 2.5119815430811148, 
  "t": 0.060000000000000005, 
  "x": -0.84939374499984099, 
  "y": -0.031881382362068833
}