{
  "sigmaH": 0.01, 
  "sigmaX": 0.025370690023835862, 
  "sigmaY": 0.005873156661348901, 
  "t": 0.010059, 
  "vh": -0.32245938106761413, 
  "vx": 0.82258822437291468, 
  "vy": -0.18705675370546859
}