{
  "h": 3.1954863585162094, 
  "t": 0.45000000000000001, 
  "x": 0.094514805026889484, 
  "y": -0.47129666501071377
}