{
  "sigmaH": 0.043342688015506156, 
  "sigmaX": 0.02792735623447325, 
  "sigmaY": 0.062916023640882598, 
  "t": 0.38007800000000003, 
  "vh": 1.4021301786600993, 
  "vx": -0.90585420505975711, 
  "vy": -2.0260605851689695
}