{
  "sigmaH": 0.18849555921536254, 
  "sigmaX": 0.012966737648931748, 
  "sigmaY": 0.066470014322422388, 
  "t": 0.29999999999999999, 
  "vh": -6.0496794356365449, 
  "vx": 0.40899569395049268, 
  "vy": -2.2107296109215948
}