{
  "sigmaH": 0.04476529001735844, 
  "sigmaX": 0.029362141327729432, 
  "sigmaY": 0.064451619426554876, 
  "t": 0.39003900000000002, 
  "vh": 1.6298843117839155, 
  "vx": -0.94701731091727603, 
  "vy": -2.2612339828100079
}