{
  "h": 1.2566615010263038, 
  "t": 0.28000000000000003, 
  "x": -0.79927581710343221, 
  "y": -0.56393321090138704
}