{
  "covariance": {
    "row_0": [
      8.5217279656650628e-05, 
      9.3954744933104855e-05, 
      -1.0232876228652982e-05
    ], 
    "row_1": [
      9.3954744933104855e-05, 
      0.00015807362665661947, 
      1.76000912764679e-06
    ], 
    "row_2": [
      -1.0232876228652982e-05, 
      1.7600091276467908e-06, 
      0.0021701481902180785
    ]
  }, 
  "h": 1.1469678659220377, 
  "t": 0.29999999999999999, 
  "x": -0.78965056360938113, 
  "y": -0.61267884338815104
}