{
  "h": 2.8641164960739829, 
  "t": 0.010058593750000001, 
  "x": 0.19721776187905016, 
  "y": 0.122945660970382
}