{
  "covariance": {
    "row_0": [
      7.4371358308071632e-05, 
      6.0724167266499096e-05, 
      -1.2296718371842385e-07
    ], 
    "row_1": [
      6.0724167266499096e-05, 
      9.32947029516575e-05, 
      7.0607847669629539e-06
    ], 
    "row_2": [
      -1.229671837184234e-07, 
      7.0607847669629539e-06, 
      0.00093375041667624387
    ]
  }, 
  "h": 1.7600226162000576, 
  "t": 0.20000000000000001, 
  "x": -0.82710447123860287, 
  "y": -0.3796757813399152
}