{
  "covariance": {
    "row_0": [
      5.3658413601108237e-05, 
      2.0140761366771073e-06, 
      -1.223456623353735e-07
    ], 
    "row_1": [
      2.0140761366771039e-06, 
      0.00018999537501829676, 
      1.7766881327963346e-07
    ], 
    "row_2": [
      -1.223456623353734e-07, 
      1.7766881327963338e-07, 
      0.00019943263421262042
    ]
  }, 
  "h": 3.2514600273973659, 
  "t": 0.480078, 
  "x": 0.047784128616614172, 
  "y": -0.54817735567777148
}