{
  "covariance": {
    "row_0": [
      1.674651668739626e-05, 
      -2.0781045741289484e-06, 
      -4.5974422288119317e-09
    ], 
    "row_1": [
      -2.0781045741289501e-06, 
      3.1953566587365272e-05, 
      9.4158184660609368e-08
    ], 
    "row_2": [
      -4.5974422288119283e-09, 
      9.4158184660609368e-08, 
      1.0448114544801679e-05
    ]
  }, 
  "h": 2.8980551307187525, 
  "t": 0.210059, 
  "x": 0.26017954414265548, 
  "y": -0.019782851424453379
}