{
  "covariance": {
    "row_0": [
      3.9786748261126415e-05, 
      0.0, 
      0.0
    ], 
    "row_1": [
      0.0, 
      3.1180849684564695e-05, 
      0.0
    ], 
    "row_2": [
      0.0, 
      0.0, 
      2.5618883480999999e-06
    ]
  }, 
  "h": 2.8558813156863545, 
  "t": 0.060059000000000001, 
  "x": 0.2328132423922035, 
  "y": 0.10170794124017112
}