{
  "sigmaH": 0.02906087968317388, 
  "sigmaX": 0.013523239219823296, 
  "sigmaY": 0.047499846341584245, 
  "t": 0.28007799999999999, 
  "vh": 0.98780586940767023, 
  "vx": -0.44888392735282168, 
  "vy": -1.5614238969453722
}