{
  "covariance": {
    "row_0": [
      3.6030924409513833e-05, 
      1.0165869222481805e-05, 
      -9.6385110550914915e-06
    ], 
    "row_1": [
      1.0165869222481791e-05, 
      3.6843483162658889e-05, 
      -5.7348679568331104e-06
    ], 
    "row_2": [
      -9.6385110550914898e-06, 
      -5.7348679568331121e-06, 
      0.0021192061094959858
    ]
  }, 
  "h": 0.012371928950516614, 
  "t": 0.48000000000000004, 
  "x": -0.68222473425612862, 
  "y": -0.80499327331295811
}