{
  "covariance": {
    "row_0": [
      1.9935725280996744e-05, 
      -1.7244210618788496e-06, 
      -1.6740016801930617e-09
    ], 
    "row_1": [
      -1.7244210618788513e-06, 
      3.2554482074214342e-05, 
      9.1038817126625334e-08
    ], 
    "row_2": [
      -1.6740016801930592e-09, 
      9.1038817126625334e-08, 
      1.1808736527952534e-05
    ]
  }, 
  "h": 2.9048957296240889, 
  "t": 0.22001999999999999, 
  "x": 0.258568622588495, 
  "y": -0.031765822948782704
}