{
  "sigmaH": 0.036201783849337969, 
  "sigmaX": 0.020725297727148356, 
  "sigmaY": 0.055207934991233318, 
  "t": 0.33007799999999998, 
  "vh": 1.2131206859972856, 
  "vx": -0.70504059155867715, 
  "vy": -1.831215306081954
}