{
  "h": 2.5477270787835287, 
  "t": 0.050000000000000003, 
  "x": -0.85178640003481843, 
  "y": -0.011191702744429436
}