{
  "covariance": {
    "row_0": [
      3.0006817781461151e-05, 
      -2.0646122065972998e-06, 
      -1.3252343271139375e-09
    ], 
    "row_1": [
      -2.0646122065973011e-06, 
      4.5114943757758929e-05, 
      1.1309192854019326e-07
    ], 
    "row_2": [
      -1.3252343271139371e-09, 
      1.1309192854019327e-07, 
      1.9356640382045378e-05
    ]
  }, 
  "h": 2.9378300445077836, 
  "t": 0.26005899999999998, 
  "x": 0.24727591743830593, 
  "y": -0.087802091355969156
}