{
  "covariance": {
    "row_0": [
      2.6875520818339193e-05, 
      -8.9650065438066526e-06, 
      4.3233085269143109e-08
    ], 
    "row_1": [
      -8.9650065438066526e-06, 
      9.0047646756516304e-05, 
      9.5580590854394345e-07
    ], 
    "row_2": [
      4.3233085269143135e-08, 
      9.5580590854394324e-07, 
      5.199591386574296e-05
    ]
  }, 
  "h": 3.0369108636116833, 
  "t": 0.34999999999999998, 
  "x": 0.1919450609466721, 
  "y": -0.24557058729430947
}