{
  "h": 2.2751166320392491, 
  "t": 0.11, 
  "x": -0.84608168656226446, 
  "y": -0.16273748171936409
}