{
  "sigmaH": 0.15313410890301915, 
  "sigmaX": 0.0045028205672126287, 
  "sigmaY": 0.074254847096518722, 
  "t": 0.12000000000000001, 
  "vh": -5.2235320400200314, 
  "vx": 0.14900662933402323, 
  "vy": -2.4927865435560825
}