{
  "covariance": {
    "row_0": [
      2.4390899495701768e-05, 
      -7.8141125498367669e-06, 
      4.0147239065226244e-08
    ], 
    "row_1": [
      -7.8141125498367669e-06, 
      7.9452934072217818e-05, 
      8.2740263582001147e-07
    ], 
    "row_2": [
      4.0147239065226264e-08, 
      8.2740263582001147e-07, 
      4.6536196747892449e-05
    ]
  }, 
  "h": 3.0236695903419752, 
  "t": 0.34003899999999998, 
  "x": 0.19977153909239651, 
  "y": -0.22699548096697747
}