{
  "h": 2.9789821246154249, 
  "t": 0.30000000000000004, 
  "x": 0.23394058839142182, 
  "y": -0.15694236971595826
}