{
  "covariance": {
    "row_0": [
      2.679150881469795e-05, 
      1.0700006879089755e-05, 
      2.2579414692857102e-08
    ], 
    "row_1": [
      1.0700006879089752e-05, 
      3.0132743111147793e-05, 
      2.0682269645255796e-06
    ], 
    "row_2": [
      2.2579414692857538e-08, 
      2.0682269645255805e-06, 
      0.00027593634158211769
    ]
  }, 
  "h": 2.2288895822650989, 
  "t": 0.12000000000000001, 
  "x": -0.84461842346753735, 
  "y": -0.18529853702714469
}