{
  "sigmaH": 0.023342577518860708, 
  "sigmaX": 0.0077559658057544997, 
  "sigmaY": 0.041327353477607305, 
  "t": 0.240039, 
  "vh": 0.78066796549105988, 
  "vx": -0.26727470570291645, 
  "vy": -1.3917097367387179
}