{
  "covariance": {
    "row_0": [
      4.3931657670891965e-05, 
      0.0, 
      0.0
    ], 
    "row_1": [
      0.0, 
      3.4835988593774443e-05, 
      0.0
    ], 
    "row_2": [
      0.0, 
      0.0, 
      3.2428086084000003e-06
    ]
  }, 
  "h": 2.8558410252709612, 
  "t": 0.080077999999999996, 
  "x": 0.2437081797512311, 
  "y": 0.091067956886384513
}