{
  "h": 2.8552021747358105, 
  "t": 0.080078125, 
  "x": 0.24305390754063483, 
  "y": 0.094919147715320507
}