{
  "covariance": {
    "row_0": [
      1.7677602099403349e-05, 
      -2.9253721913999524e-06, 
      -1.8297026892170555e-09
    ], 
    "row_1": [
      -2.9253721913999491e-06, 
      3.6439905030882195e-05, 
      3.6355577232389861e-08
    ], 
    "row_2": [
      -1.8297026892170572e-09, 
      3.6355577232389861e-08, 
      5.7608121701335075e-06
    ]
  }, 
  "h": 2.8652890600944581, 
  "t": 0.140039, 
  "x": 0.26213000920292895, 
  "y": 0.054536150576904682
}