{
  "sigmaH": 0.024765179520714352, 
  "sigmaX": 0.0091907508990105944, 
  "sigmaY": 0.042862949263279576, 
  "t": 0.25, 
  "vh": 0.87370257635813242, 
  "vx": -0.30839068566855832, 
  "vy": -1.4253724218171506
}