{
  "sigmaH": 0.040483536933349565, 
  "sigmaX": 0.025043719527438897, 
  "sigmaY": 0.059829777208894312, 
  "t": 0.36005900000000002, 
  "vh": 1.3264964538086066, 
  "vx": -0.83016565655490782, 
  "vy": -1.9468783388457453
}