{
  "covariance": {
    "row_0": [
      2.5401599999999984e-05, 
      0.0, 
      0.0
    ], 
    "row_1": [
      0.0, 
      6.617074676330725e-05, 
      0.0
    ], 
    "row_2": [
      0.0, 
      0.0, 
      2.8126409316263485e-05
    ]
  }, 
  "h": 2.5914790327197021, 
  "t": 0.040000000000000001, 
  "x": -0.85033634585697726, 
  "y": 0.019298908568480863
}