{
  "covariance": {
    "row_0": [
      2.4986422853075997e-05, 
      9.1142046701203199e-07, 
      -7.1244045601363882e-08
    ], 
    "row_1": [
      9.114204670120286e-07, 
      8.6711958259955412e-05, 
      5.9085614000276415e-07
    ], 
    "row_2": [
      -7.1244045601363777e-08, 
      5.9085614000276415e-07, 
      0.00011827655886524398
    ]
  }, 
  "h": 3.1401118679551634, 
  "t": 0.42002, 
  "x": 0.12564662397657683, 
  "y": -0.3995120481175613
}