{
  "sigmaH": 0.050483592181671609, 
  "sigmaX": 0.035129414741797205, 
  "sigmaY": 0.070624112290531796, 
  "t": 0.43007800000000002, 
  "vh": 1.7560416102774883, 
  "vx": -1.2346600151147722, 
  "vy": -2.3811827013413125
}