{
  "sigmaH": 0.18849555921536254, 
  "sigmaX": 0.013907172880233909, 
  "sigmaY": 0.06560503290307873, 
  "t": 0.32000000000000001, 
  "vh": -6.0440382011403191, 
  "vx": 0.48526704227925982, 
  "vy": -2.1749962603616808
}