{
  "covariance": {
    "row_0": [
      3.076737237901407e-05, 
      1.4537302546001122e-05, 
      -6.0364029662343142e-06
    ], 
    "row_1": [
      1.453730254600111e-05, 
      3.1954201095316234e-05, 
      -3.5654097049453847e-06
    ], 
    "row_2": [
      -6.0364029662343116e-06, 
      -3.5654097049453864e-06, 
      0.0013403066586922248
    ]
  }, 
  "h": 0.3197412274183819, 
  "t": 0.42999999999999999, 
  "x": -0.71642083745571894, 
  "y": -0.80499482038094128
}