{
  "covariance": {
    "row_0": [
      3.8835831374006419e-05, 
      -2.9937223472632389e-06, 
      -5.1602869380541438e-09
    ], 
    "row_1": [
      -2.9937223472632401e-06, 
      6.0743057513791131e-05, 
      1.4446232013914497e-07
    ], 
    "row_2": [
      -5.1602869380541438e-09, 
      1.4446232013914497e-07, 
      2.7780573591163819e-05
    ]
  }, 
  "h": 2.967605112500741, 
  "t": 0.29003899999999999, 
  "x": 0.23397201495837422, 
  "y": -0.13379587743764082
}