{
  "covariance": {
    "row_0": [
      5.9874627097308315e-05, 
      4.5544074815598781e-05, 
      -8.5827104139028228e-08
    ], 
    "row_1": [
      4.5544074815598781e-05, 
      7.4068417001248252e-05, 
      5.4148981290987538e-06
    ], 
    "row_2": [
      -8.5827104139027778e-08, 
      5.4148981290987546e-06, 
      0.00071855675290722492
    ]
  }, 
  "h": 1.8862246656483306, 
  "t": 0.18000000000000002, 
  "x": -0.83242351212547183, 
  "y": -0.33152577919475829
}