{
  "h": 3.0138099270520726, 
  "t": 0.330078125, 
  "x": 0.21464214950380348, 
  "y": -0.21070919844017019
}