{
  "covariance": {
    "row_0": [
      4.5266130374602278e-05, 
      -2.4771140496323956e-06, 
      -6.6269393476699994e-10
    ], 
    "row_1": [
      -2.4771140496323973e-06, 
      6.3392749368657044e-05, 
      1.4127718456105984e-07
    ], 
    "row_2": [
      -6.6269393476700076e-10, 
      1.4127718456105984e-07, 
      3.1231780178763945e-05
    ]
  }, 
  "h": 2.9774708860618651, 
  "t": 0.29999999999999999, 
  "x": 0.22859281478390459, 
  "y": -0.15041174158396992
}