{
  "covariance": {
    "row_0": [
      4.5419070474305441e-05, 
      1.9168312087967418e-06, 
      0.0
    ], 
    "row_1": [
      1.9168312087967274e-06, 
      4.557541543266621e-05, 
      0.0
    ], 
    "row_2": [
      0.0, 
      0.0, 
      0.0032917695735127745
    ]
  }, 
  "h": -0.36932989949381001, 
  "t": 0.54000000000000004, 
  "x": -0.6363115073794825, 
  "y": -0.80503030102228135
}