{
  "covariance": {
    "row_0": [
      3.2726691387723838e-05, 
      -1.1580960812128768e-05, 
      4.9887379470513753e-08
    ], 
    "row_1": [
      -1.1580960812128768e-05, 
      0.00011433290160091939, 
      1.2484956692453082e-06
    ], 
    "row_2": [
      4.9887379470513779e-08, 
      1.2484956692453078e-06, 
      6.457294167689471e-05
    ]
  }, 
  "h": 3.0636208553080784, 
  "t": 0.37002000000000002, 
  "x": 0.17491973792392049, 
  "y": -0.28587656358621949
}