{
  "sigmaH": 0.12916133749150971, 
  "sigmaX": 0.0021517324889570588, 
  "sigmaY": 0.076417300644878589, 
  "t": 0.070000000000000007, 
  "vh": -4.486558704280541, 
  "vx": 0.070434662647369362, 
  "vy": -2.5413640972682137
}