{
  "sigmaH": 0.01, 
  "sigmaX": 0.022487053316801335, 
  "sigmaY": 0.0089594030933376131, 
  "t": 0.030078000000000001, 
  "vh": -0.21743616983895317, 
  "vx": 0.73719516432785226, 
  "vy": -0.2968739658608226
}