{
  "covariance": {
    "row_0": [
      4.0584502125851271e-05, 
      6.1624699406481298e-06, 
      0.0
    ], 
    "row_1": [
      6.1624699406481162e-06, 
      4.1087139552583792e-05, 
      0.0
    ], 
    "row_2": [
      0.0, 
      0.0, 
      0.0026748630600896802
    ]
  }, 
  "h": -0.17797405117667894, 
  "t": 0.51000000000000001, 
  "x": -0.66074376366656584, 
  "y": -0.80501858103274937
}