{
  "covariance": {
    "row_0": [
      2.4402847945684962e-05, 
      -1.8893331632280102e-06, 
      -1.5599133887293842e-09
    ], 
    "row_1": [
      -1.8893331632280113e-06, 
      3.8228362193659417e-05, 
      1.0139792165271334e-07
    ], 
    "row_2": [
      -1.5599133887293826e-09, 
      1.0139792165271336e-07, 
      1.5127197783599593e-05
    ]
  }, 
  "h": 2.9201088946861931, 
  "t": 0.240039, 
  "x": 0.25375009328341958, 
  "y": -0.058600361037298265
}