{
  "sigmaH": 0.01, 
  "sigmaX": 0.02393590493057968, 
  "sigmaY": 0.0074087524470213559, 
  "t": 0.02002, 
  "vh": -0.26374760931551339, 
  "vx": 0.79231978420438576, 
  "vy": -0.25387621811578881
}