{
  "h": 2.8614243586805719, 
  "t": 0.02001953125, 
  "x": 0.20517457136181591, 
  "y": 0.12049572100285325
}