{
  "h": -0.62829409112758727, 
  "t": 0.58000000000000007, 
  "x": -0.60617608426276726, 
  "y": -0.80000000000000004
}