{
  "sigmaH": 0.059047098349692073, 
  "sigmaX": 0.04376625834237606, 
  "sigmaY": 0.079867796725852258, 
  "t": 0.490039, 
  "vh": 1.9670058272065027, 
  "vx": -1.5085247546963523, 
  "vy": -2.6030612558592923
}