{
  "covariance": {
    "row_0": [
      2.530089999999999e-05, 
      0.0, 
      0.0
    ], 
    "row_1": [
      0.0, 
      5.4131226250134385e-05, 
      0.0
    ], 
    "row_2": [
      0.0, 
      0.0, 
      1.7269484955370939e-05
    ]
  }, 
  "h": 2.6289970952988417, 
  "t": 0.030000000000000002, 
  "x": -0.85058117539851941, 
  "y": 0.045552177330687421
}