{
  "h": 1.5708207663852414, 
  "t": 0.23000000000000001, 
  "x": -0.81774442545371717, 
  "y": -0.45025937412104144
}