{
  "initialHPosition": 1.8169502373693032, 
  "initialXPosition": -0.43305100524619367, 
  "initialYPosition": 0.37525472164910789, 
  "trueH": 1.7630833946774818, 
  "trueX": -0.43780940171978433, 
  "trueY": 0.34924866563807111
}