{
  "t": 0.32000000000000012, 
  "vh": 0.0076004961404975415, 
  "vx": -0.0022051875020876206, 
  "vy": -0.00044652361989785375
}