{
  "t": 0.029999999999999999, 
  "vh": 0.0080493701051914963, 
  "vx": 0.00047995009189004298, 
  "vy": -0.00041683671333599245
}