{
  "t": 0.37000000000000016, 
  "vh": -0.0002743965185673986, 
  "vx": -0.001491574199870289, 
  "vy": 0.00080104922078014609
}