{
  "covariance": {
    "row_0": [
      3.9846777368303298e-05, 
      5.8322880148644594e-05, 
      1.1652850091804242e-06
    ], 
    "row_1": [
      5.8322880148644594e-05, 
      0.00015852926058595746, 
      5.9336621267575605e-06
    ], 
    "row_2": [
      1.1652850091804691e-06, 
      5.9336621267577469e-06, 
      0.00049142683522117889
    ]
  }, 
  "h": 1.7683924008121561, 
  "t": 0.40000000000000019, 
  "x": -0.42794364782247996, 
  "y": 0.35661757971763358
}