{
  "covariance": {
    "row_0": [
      3.2110296286073573e-05, 
      4.588452171302245e-05, 
      9.1940822861471534e-07
    ], 
    "row_1": [
      4.588452171302245e-05, 
      0.00012449585861418888, 
      4.7027259100629033e-06
    ], 
    "row_2": [
      9.1940822861475897e-07, 
      4.7027259100630845e-06, 
      0.00038588204330214728
    ]
  }, 
  "h": 1.7676584006582337, 
  "t": 0.47000000000000025, 
  "x": -0.42923069080848514, 
  "y": 0.35792893966587247
}