{
  "covariance": {
    "row_0": [
      3.9062282316297103e-05, 
      7.1533909329652478e-05, 
      1.5475725473134459e-06
    ], 
    "row_1": [
      7.1533909329652478e-05, 
      0.00018757218698457843, 
      7.7158870572722898e-06
    ], 
    "row_2": [
      1.5475725473134933e-06, 
      7.7158870572724863e-06, 
      0.00062728306697409659
    ]
  }, 
  "h": 1.77045480510082, 
  "t": 0.19990234374999627, 
  "x": -0.42770790345036636, 
  "y": 0.3629490243180154
}