{
  "t": 0.48000000000000026, 
  "vh": -0.024120085271466335, 
  "vx": 0.0013097126767306518, 
  "vy": -0.0012740735054254165
}