{
  "covariance": {
    "row_0": [
      4.4129155060120157e-05, 
      7.5536600656690093e-05, 
      1.572745233910764e-06
    ], 
    "row_1": [
      7.5536600656690093e-05, 
      0.00020094734259071866, 
      7.9159319883242377e-06
    ], 
    "row_2": [
      1.5727452339108114e-06, 
      7.9159319883244342e-06, 
      0.00065262777144963206
    ]
  }, 
  "h": 1.7703508276566313, 
  "t": 0.25000000000000006, 
  "x": -0.42768008052301515, 
  "y": 0.3629585634498485
}