{
  "t": 0.28000000000000008, 
  "vh": -0.0015096297660141492, 
  "vx": -0.0018479719761410507, 
  "vy": -0.00094468961232792293
}