{
  "covariance": {
    "row_0": [
      3.5106869565859977e-05, 
      4.7648439431428652e-05, 
      9.309284243945339e-07
    ], 
    "row_1": [
      4.7648439431428652e-05, 
      0.00013104331144917392, 
      4.7944116109346117e-06
    ], 
    "row_2": [
      9.3092842439457753e-07, 
      4.7944116109347929e-06, 
      0.00039775800938924053
    ]
  }, 
  "h": 1.7673213615969323, 
  "t": 0.50000000000000022, 
  "x": -0.4292266158191626, 
  "y": 0.35792751462887662
}