{
  "t": 0.36000000000000015, 
  "vh": -0.0012811561284038775, 
  "vx": 0.00010051573216472637, 
  "vy": 0.0014524094856430724
}