{
  "covariance": {
    "row_0": [
      3.6720022651797268e-05, 
      5.6323590222148292e-05, 
      1.1522951579216302e-06
    ], 
    "row_1": [
      5.6323590222148292e-05, 
      0.00015133483436167658, 
      5.8311526942000166e-06
    ], 
    "row_2": [
      1.152295157921675e-06, 
      5.8311526942002029e-06, 
      0.00047821634711887125
    ]
  }, 
  "h": 1.7686489770365108, 
  "t": 0.37000000000000016, 
  "x": -0.42791629261372144, 
  "y": 0.35661139483287885
}