{
  "t": 0.42000000000000021, 
  "vh": 0.0093382209039578803, 
  "vx": -0.00063063117121863442, 
  "vy": -0.0006539234974251635
}