{
  "covariance": {
    "row_0": [
      0.0025806400000000025, 
      0.0, 
      0.0
    ], 
    "row_1": [
      0.0, 
      0.0025806400000000025, 
      0.0
    ], 
    "row_2": [
      0.0, 
      0.0, 
      0.010160640000000006
    ]
  }, 
  "h": 1.816979191717347, 
  "t": 0.080000000000000002, 
  "x": -0.43306287628975271, 
  "y": 0.37519036895775232
}