{
  "covariance": {
    "row_0": [
      3.011574451853105e-05, 
      5.1652072288427176e-05, 
      1.1219432203123765e-06
    ], 
    "row_1": [
      5.1652072288427176e-05, 
      0.00013522608159207913, 
      5.5916303286732936e-06
    ], 
    "row_2": [
      1.1219432203124214e-06, 
      5.59163032867348e-06, 
      0.0004480505330991182
    ]
  }, 
  "h": 1.7686595623302819, 
  "t": 0.2999023437499963, 
  "x": -0.42790629162610377, 
  "y": 0.35661598815564094
}