{
  "covariance": {
    "row_0": [
      2.8394865246358366e-05, 
      4.3532631421814183e-05, 
      9.0404796757495589e-07
    ], 
    "row_1": [
      4.3532631421814183e-05, 
      0.00011604592150087554, 
      4.5804783089006189e-06
    ], 
    "row_2": [
      9.0404796757499951e-07, 
      4.5804783089008002e-06, 
      0.00037032742185268933
    ]
  }, 
  "h": 1.7675805676326668, 
  "t": 0.43000000000000022, 
  "x": -0.42920542282640434, 
  "y": 0.35795823666737675
}