{
  "t": 0.13999999999999999, 
  "vh": 0.00097665068582152904, 
  "vx": 0.00025398710984307903, 
  "vy": 0.00063806539625025781
}