{
  "t": 0.45000000000000023, 
  "vh": 0.0082757528126205099, 
  "vx": -0.00067468405418646157, 
  "vy": -0.0011430358820213092
}