{
  "covariance": {
    "row_0": [
      3.473551950745991e-05, 
      5.4990730271150761e-05, 
      1.1436352570824339e-06
    ], 
    "row_1": [
      5.4990730271150761e-05, 
      0.00014663855021215599, 
      5.7628130724949858e-06
    ], 
    "row_2": [
      1.1436352570824788e-06, 
      5.7628130724951722e-06, 
      0.00046950935505066612
    ]
  }, 
  "h": 1.7686645325629806, 
  "t": 0.35000000000000014, 
  "x": -0.4279023820290444, 
  "y": 0.35658886024581465
}