{
  "covariance": {
    "row_0": [
      3.2831016363122552e-05, 
      5.3657870320153217e-05, 
      1.1349753562432381e-06
    ], 
    "row_1": [
      5.3657870320153217e-05, 
      0.00014202226606263539, 
      5.6944734507899568e-06
    ], 
    "row_2": [
      1.134975356243283e-06, 
      5.6944734507901431e-06, 
      0.00046088236298246106
    ]
  }, 
  "h": 1.7686543129351497, 
  "t": 0.33000000000000013, 
  "x": -0.42791230842558503, 
  "y": 0.3566309191739544
}