{
  "t": 0.050000000000000003, 
  "vh": -5.9178017180505128e-05, 
  "vx": -0.00060305392252208388, 
  "vy": -0.00051077309695863249
}