{
  "t": 0.4100000000000002, 
  "vh": -0.013286164935042285, 
  "vx": 0.0012342212963321023, 
  "vy": -0.0029130954431926676
}