{
  "t": 0.22000000000000006, 
  "vh": 0.0048923928774773787, 
  "vx": 0.00058946503004575696, 
  "vy": 0.0010088428436039723
}