{
  "t": 0.040000000000000001, 
  "vh": -0.0093019592409576256, 
  "vx": 0.0001701915042861267, 
  "vy": -0.0017877031630696453
}