{
  "covariance": {
    "row_0": [
      2.7516007486429566e-05, 
      4.2944658849012118e-05, 
      9.0020790231501616e-07
    ], 
    "row_1": [
      4.2944658849012118e-05, 
      0.00011398343722254721, 
      4.549916408610048e-06
    ], 
    "row_2": [
      9.0020790231505978e-07, 
      4.5499164086102293e-06, 
      0.00036648876649032487
    ]
  }, 
  "h": 1.7677379821527852, 
  "t": 0.42000000000000021, 
  "x": -0.42920569013038568, 
  "y": 0.35797437140192928
}