{
  "covariance": {
    "row_0": [
      0.0025908100000000029, 
      0.0, 
      0.0
    ], 
    "row_1": [
      0.0, 
      0.0025908100000000029, 
      0.0
    ], 
    "row_2": [
      0.0, 
      0.0, 
      0.010180810000000007
    ]
  }, 
  "h": 1.8170311681955409, 
  "t": 0.089999999999999997, 
  "x": -0.43306968824990577, 
  "y": 0.37516829845683247
}