{
  "t": 0.50000000000000022, 
  "vh": -0.013450132807906041, 
  "vx": 0.00057401078670355908, 
  "vy": 0.0021058819780333943
}