{
  "covariance": {
    "row_0": [
      7.2584943049045628e-05, 
      0.00013121048676982165, 
      2.0778954498926744e-06
    ], 
    "row_1": [
      0.00013121048676982165, 
      0.00035087618586071486, 
      1.21382839072445e-05
    ], 
    "row_2": [
      2.0778954498927286e-06, 
      1.2138283907244717e-05, 
      0.0011800021299801385
    ]
  }, 
  "h": 1.7737447550392433, 
  "t": 0.16, 
  "x": -0.42605976702738241, 
  "y": 0.36978272246661065
}