{
  "covariance": {
    "row_0": [
      0.0025401600000000014, 
      0.0, 
      0.0
    ], 
    "row_1": [
      0.0, 
      0.0025401600000000014, 
      0.0
    ], 
    "row_2": [
      0.0, 
      0.0, 
      0.010080160000000003
    ]
  }, 
  "h": 1.8169424681539992, 
  "t": 0.040000000000000001, 
  "x": -0.43306894092160053, 
  "y": 0.37520782950225778
}