{
  "covariance": {
    "row_0": [
      3.1151438526144773e-05, 
      4.5296549140220378e-05, 
      9.155681633547754e-07
    ], 
    "row_1": [
      4.5296549140220378e-05, 
      0.00012235337433586053, 
      4.6721640097723315e-06
    ], 
    "row_2": [
      9.1556816335481902e-07, 
      4.6721640097725128e-06, 
      0.00038196338793978276
    ]
  }, 
  "h": 1.7674598733722346, 
  "t": 0.46000000000000024, 
  "x": -0.42922093870747224, 
  "y": 0.35793841765558154
}