{
  "covariance": {
    "row_0": [
      0.002601000000000003, 
      0.0, 
      0.0
    ], 
    "row_1": [
      0.0, 
      0.002601000000000003, 
      0.0
    ], 
    "row_2": [
      0.0, 
      0.0, 
      0.010201000000000007
    ]
  }, 
  "h": 1.8169960724685339, 
  "t": 0.099999999999999992, 
  "x": -0.43307205814017807, 
  "y": 0.3751818132958773
}