{
  "covariance": {
    "row_0": [
      0.0025300900000000013, 
      0.0, 
      0.0
    ], 
    "row_1": [
      0.0, 
      0.0025300900000000013, 
      0.0
    ], 
    "row_2": [
      0.0, 
      0.0, 
      0.010060090000000002
    ]
  }, 
  "h": 1.8170354877464088, 
  "t": 0.029999999999999999, 
  "x": -0.43307064283664337, 
  "y": 0.37522570653388848
}