{
  "t": 0.34000000000000014, 
  "vh": 0.0041116664256400041, 
  "vx": -8.4126573055676114e-05, 
  "vy": -0.0015622937417170241
}