{
  "t": 0.060000000000000005, 
  "vh": -0.0054431269823313182, 
  "vx": -0.00077401049867727276, 
  "vy": -0.00062727864287846053
}