{
  "covariance": {
    "row_0": [
      6.6191683275663524e-05, 
      0.00012587648158301972, 
      2.0571276965558402e-06
    ], 
    "row_1": [
      0.00012587648158301972, 
      0.00033317147344451363, 
      1.1908334827244955e-05
    ], 
    "row_2": [
      2.0571276965558944e-06, 
      1.1908334827245172e-05, 
      0.001145901746836697
    ]
  }, 
  "h": 1.7737298567618949, 
  "t": 0.10999999999999999, 
  "x": -0.42606520418992028, 
  "y": 0.36977914438443216
}