{
  "covariance": {
    "row_0": [
      4.3077658244089567e-05, 
      7.4737622894723973e-05, 
      1.5677205105042041e-06
    ], 
    "row_1": [
      7.4737622894723973e-05, 
      0.00019823742829885724, 
      7.8760009923403809e-06
    ], 
    "row_2": [
      1.5677205105042515e-06, 
      7.8760009923405774e-06, 
      0.00064752861387467903
    ]
  }, 
  "h": 1.7705318468999356, 
  "t": 0.24000000000000007, 
  "x": -0.42767627886192194, 
  "y": 0.36295408648825517
}