{
  "t": 0.18000000000000002, 
  "vh": 0.0085231180010547688, 
  "vx": -0.0013990462938705465, 
  "vy": 0.00072242203037751411
}