{
  "t": 0.46000000000000024, 
  "vh": -0.01456729190870828, 
  "vx": 0.00066995589618081052, 
  "vy": -0.0009527504624132052
}