{
  "t": 0.39000000000000018, 
  "vh": -0.0065370896137816386, 
  "vx": -0.00070669635439587597, 
  "vy": -0.00032025066627751467
}