{
  "covariance": {
    "row_0": [
      4.5200651876150743e-05, 
      7.6335578418656213e-05, 
      1.5777699573173235e-06
    ], 
    "row_1": [
      7.6335578418656213e-05, 
      0.00020367725688258008, 
      7.9558629843080912e-06
    ], 
    "row_2": [
      1.5777699573173709e-06, 
      7.9558629843082877e-06, 
      0.00065774692902458498
    ]
  }, 
  "h": 1.7702373231287154, 
  "t": 0.26000000000000006, 
  "x": -0.42768424465495797, 
  "y": 0.36295249577016736
}