{
  "covariance": {
    "row_0": [
      7.3923595003722037e-05, 
      0.00013227728780718201, 
      2.0820490005600425e-06
    ], 
    "row_1": [
      0.00013227728780718201, 
      0.00035447712834395505, 
      1.2184273723244414e-05
    ], 
    "row_2": [
      2.0820490005600967e-06, 
      1.2184273723244631e-05, 
      0.001186882206608827
    ]
  }, 
  "h": 1.7737793538411022, 
  "t": 0.17000000000000001, 
  "x": -0.42604984719988592, 
  "y": 0.36978896518643523
}