{
  "covariance": {
    "row_0": [
      7.1266291094369209e-05, 
      0.00013014368573246126, 
      2.073741899225308e-06
    ], 
    "row_1": [
      0.00013014368573246126, 
      0.0003472952433774746, 
      1.2092294091244593e-05
    ], 
    "row_2": [
      2.0737418992253622e-06, 
      1.209229409124481e-05, 
      0.0011731420533514503
    ]
  }, 
  "h": 1.773636019553412, 
  "t": 0.14999999999999999, 
  "x": -0.42605443827730555, 
  "y": 0.36978587884587244
}