{
  "t": 0.21000000000000005, 
  "vh": -0.0075624289148897841, 
  "vx": 0.00066272194498175866, 
  "vy": -0.0011355297490360432
}