{
  "covariance": {
    "row_0": [
      4.9686639140273108e-05, 
      7.9531489466520694e-05, 
      1.5978688509435617e-06
    ], 
    "row_1": [
      7.9531489466520694e-05, 
      0.00021479691405002573, 
      8.1155869682435084e-06
    ], 
    "row_2": [
      1.5978688509436092e-06, 
      8.1155869682437049e-06, 
      0.00067842355932439674
    ]
  }, 
  "h": 1.7704080345445363, 
  "t": 0.3000000000000001, 
  "x": -0.4276770171466579, 
  "y": 0.3629597876710669
}