{
  "t": 0.089999999999999997, 
  "vh": 0.0051976478193887666, 
  "vx": -0.00068119601530684402, 
  "vy": -0.002207050091986934
}