{
  "covariance": {
    "row_0": [
      3.7742274223965948e-05, 
      5.6990020197647064e-05, 
      1.156625108341228e-06
    ], 
    "row_1": [
      5.6990020197647064e-05, 
      0.00015371297643643688, 
      5.8653225050525306e-06
    ], 
    "row_2": [
      1.1566251083412728e-06, 
      5.865322505052717e-06, 
      0.00048259984315297377
    ]
  }, 
  "h": 1.7684885434061215, 
  "t": 0.38000000000000017, 
  "x": -0.42792795660176236, 
  "y": 0.35661499290795667
}