{
  "t": 0.02, 
  "vh": -0.0066356574086660902, 
  "vx": -0.00052371290018360557, 
  "vy": -0.0014943091756782643
}