{
  "t": 0.29000000000000009, 
  "vh": 0.013306038317479792, 
  "vx": 0.00091213252140518114, 
  "vy": 0.00069353879976251549
}