{
  "covariance": {
    "row_0": [
      7.8059550867751296e-05, 
      0.00013547769091926319, 
      2.0945096525621418e-06
    ], 
    "row_1": [
      0.00013547769091926319, 
      0.00036539995579367573, 
      1.2322243171244136e-05
    ], 
    "row_2": [
      2.094509652562196e-06, 
      1.2322243171244352e-05, 
      0.0012076424364948915
    ]
  }, 
  "h": 1.7740465383683022, 
  "t": 0.20000000000000004, 
  "x": -0.42605217354558411, 
  "y": 0.36982453558592471
}