{
  "t": 0.080000000000000002, 
  "vh": 0.0038745581527912551, 
  "vx": -0.00016702285701645063, 
  "vy": 0.00056567143171244684
}