{
  "covariance": {
    "row_0": [
      2.6657149726500765e-05, 
      4.235668627621006e-05, 
      8.9636783705507621e-07
    ], 
    "row_1": [
      4.235668627621006e-05, 
      0.00011194095294421888, 
      4.5193545083194771e-06
    ], 
    "row_2": [
      8.9636783705511984e-07, 
      4.5193545083196584e-06, 
      0.0003626701111279604
    ]
  }, 
  "h": 1.7676445999437456, 
  "t": 0.4100000000000002, 
  "x": -0.42919938381867351, 
  "y": 0.35798091063690352
}