{
  "covariance": {
    "row_0": [
      3.4088011805931175e-05, 
      4.706046685862658e-05, 
      9.2708835913459428e-07
    ], 
    "row_1": [
      4.706046685862658e-05, 
      0.00012884082717084556, 
      4.7638497106440416e-06
    ], 
    "row_2": [
      9.270883591346379e-07, 
      4.7638497106442229e-06, 
      0.00039377935402687609
    ]
  }, 
  "h": 1.7674558629250114, 
  "t": 0.49000000000000027, 
  "x": -0.42923235592702963, 
  "y": 0.3579064558090963
}