{
  "covariance": {
    "row_0": [
      3.5717771079628591e-05, 
      5.5657160246649527e-05, 
      1.1479652075020319e-06
    ], 
    "row_1": [
      5.5657160246649527e-05, 
      0.00014897669228691629, 
      5.7969828833475008e-06
    ], 
    "row_2": [
      1.1479652075020768e-06, 
      5.7969828833476871e-06, 
      0.00047385285108476866
    ]
  }, 
  "h": 1.7686517210016965, 
  "t": 0.36000000000000015, 
  "x": -0.42790137687172275, 
  "y": 0.35660338434067107
}