{
  "covariance": {
    "row_0": [
      6.4961229032916646e-05, 
      0.00012479926256677896, 
      2.0529335838702381e-06
    ], 
    "row_1": [
      0.00012479926256677896, 
      0.00032965663599226011, 
      1.1861895891948177e-05
    ], 
    "row_2": [
      2.0529335838702923e-06, 
      1.1861895891948394e-05, 
      0.0011390757524446069
    ]
  }, 
  "h": 1.773596938312197, 
  "t": 0.099902343750000927, 
  "x": -0.42607387293199073, 
  "y": 0.36977336716049114
}