{
  "covariance": {
    "row_0": [
      3.8784525796134625e-05, 
      5.7656450173145829e-05, 
      1.1609550587608258e-06
    ], 
    "row_1": [
      5.7656450173145829e-05, 
      0.00015611111851119718, 
      5.8994923159050447e-06
    ], 
    "row_2": [
      1.1609550587608706e-06, 
      5.8994923159052311e-06, 
      0.00048700333918707628
    ]
  }, 
  "h": 1.7684231725099837, 
  "t": 0.39000000000000018, 
  "x": -0.42793502356530633, 
  "y": 0.35661179040129387
}