{
  "covariance": {
    "row_0": [
      4.0043167795997789e-05, 
      7.2340689608825612e-05, 
      1.5526463402845249e-06
    ], 
    "row_1": [
      7.2340689608825612e-05, 
      0.00019022768542327297, 
      7.7562080043888154e-06
    ], 
    "row_2": [
      1.5526463402845723e-06, 
      7.7562080043890119e-06, 
      0.00063235114114982009
    ]
  }, 
  "h": 1.7703784422932223, 
  "t": 0.21000000000000005, 
  "x": -0.4277012115119766, 
  "y": 0.36293755812894796
}