{
  "covariance": {
    "row_0": [
      7.6660898913074877e-05, 
      0.00013441088988190279, 
      2.0903561018947754e-06
    ], 
    "row_1": [
      0.00013441088988190279, 
      0.00036173901331043552, 
      1.2276253355244228e-05
    ], 
    "row_2": [
      2.0903561018948296e-06, 
      1.2276253355244445e-05, 
      0.0012007023598662033
    ]
  }, 
  "h": 1.7739765752551557, 
  "t": 0.19000000000000003, 
  "x": -0.42606376920633904, 
  "y": 0.3698059078330449
}