{
  "covariance": {
    "row_0": [
      3.3089154046002375e-05, 
      4.6472494285824515e-05, 
      9.2324829387465476e-07
    ], 
    "row_1": [
      4.6472494285824515e-05, 
      0.00012665834289251723, 
      4.7332878103534725e-06
    ], 
    "row_2": [
      9.2324829387469838e-07, 
      4.7332878103536537e-06, 
      0.00038982069866451169
    ]
  }, 
  "h": 1.767417199805519, 
  "t": 0.48000000000000026, 
  "x": -0.42921759368171786, 
  "y": 0.35791619893081822
}