{
  "t": 0.26000000000000006, 
  "vh": -0.011350452791599077, 
  "vx": -0.00041641319427952554, 
  "vy": -0.00060676796811490652
}