{
  "t": 0.38000000000000017, 
  "vh": -0.016043363038930197, 
  "vx": -0.0011663988040912451, 
  "vy": 0.0003598075077828942
}