{
  "covariance": {
    "row_0": [
      3.3773267935291233e-05, 
      5.4324300295651996e-05, 
      1.1393053066628357e-06
    ], 
    "row_1": [
      5.4324300295651996e-05, 
      0.00014432040813739571, 
      5.7286432616424709e-06
    ], 
    "row_2": [
      1.1393053066628806e-06, 
      5.7286432616426572e-06, 
      0.00046518585901656357
    ]
  }, 
  "h": 1.7686954295994062, 
  "t": 0.34000000000000014, 
  "x": -0.42791314969131561, 
  "y": 0.3566152962365372
}