{
  "covariance": {
    "row_0": [
      4.7403645508211926e-05, 
      7.793353394258844e-05, 
      1.5878194041304428e-06
    ], 
    "row_1": [
      7.793353394258844e-05, 
      0.0002091970854663029, 
      8.0357249762757998e-06
    ], 
    "row_2": [
      1.5878194041304902e-06, 
      8.0357249762759963e-06, 
      0.00066804524417449088
    ]
  }, 
  "h": 1.770137515644552, 
  "t": 0.28000000000000008, 
  "x": -0.42769893019250471, 
  "y": 0.36294339792414365
}