{
  "t": 0.44000000000000022, 
  "vh": -0.0057778869471035253, 
  "vx": -0.0015468599487887483, 
  "vy": 0.00011388516491512009
}