{
  "t": 0.11999999999999998, 
  "vh": -0.0069547318697526271, 
  "vx": -4.2166988882513259e-05, 
  "vy": -0.0015329758147619367
}