{
  "t": 0.14999999999999999, 
  "vh": -0.0087505606281475922, 
  "vx": 0.0014985346695989825, 
  "vy": 0.00032537779325045508
}