{
  "covariance": {
    "row_0": [
      6.7430335230339944e-05, 
      0.00012694328262038011, 
      2.0612812472232079e-06
    ], 
    "row_1": [
      0.00012694328262038011, 
      0.00033667241592775387, 
      1.1954324643244868e-05
    ], 
    "row_2": [
      2.0612812472232621e-06, 
      1.1954324643245085e-05, 
      0.0011526818234653855
    ]
  }, 
  "h": 1.7736603094431973, 
  "t": 0.11999999999999998, 
  "x": -0.42606562585980912, 
  "y": 0.36976381462628455
}