{
  "covariance": {
    "row_0": [
      2.929372300628717e-05, 
      4.4120603994616255e-05, 
      9.0788803283489573e-07
    ], 
    "row_1": [
      4.4120603994616255e-05, 
      0.00011812840577920389, 
      4.6110402091911898e-06
    ], 
    "row_2": [
      9.0788803283493935e-07, 
      4.611040209191371e-06, 
      0.00037418607721505383
    ]
  }, 
  "h": 1.7675227887631957, 
  "t": 0.44000000000000022, 
  "x": -0.4292208914258922, 
  "y": 0.3579593755190259
}