{
  "t": 0.10999999999999999, 
  "vh": 0.013163297146097571, 
  "vx": 0.00085849051065151484, 
  "vy": 0.00057213513690610438
}