{
  "t": 0.24000000000000007, 
  "vh": 0.010963210147586144, 
  "vx": 0.0010171959934291131, 
  "vy": 0.0015172706427231222
}