{
  "covariance": {
    "row_0": [
      4.2046161428058973e-05, 
      7.3938645132757853e-05, 
      1.5626957870976446e-06
    ], 
    "row_1": [
      7.3938645132757853e-05, 
      0.00019554751400699581, 
      7.8360699963565274e-06
    ], 
    "row_2": [
      1.5626957870976921e-06, 
      7.8360699963567239e-06, 
      0.0006424494562997261
    ]
  }, 
  "h": 1.7704222147984596, 
  "t": 0.23000000000000007, 
  "x": -0.42768645082185625, 
  "y": 0.36293891378182791
}