{
  "t": 0.01, 
  "vh": 0.0071113250140385819, 
  "vx": -0.0019199962366759735, 
  "vy": -0.00099036563293278322
}