{
  "covariance": {
    "row_0": [
      2.3485240356324785e-05, 
      3.6423082097983448e-05, 
      7.9545790781839617e-07
    ], 
    "row_1": [
      3.6423082097983448e-05, 
      9.6718566919400426e-05, 
      3.9311593425268552e-06
    ], 
    "row_2": [
      7.954579078184398e-07, 
      3.9311593425270305e-06, 
      0.00030661624982125695
    ]
  }, 
  "h": 1.7674548006991415, 
  "t": 0.4999023437500153, 
  "x": -0.42731214497740277, 
  "y": 0.36382542541328544
}