{
  "t": 0.27000000000000007, 
  "vh": -0.0084711186503238379, 
  "vx": 0.00037941822146730654, 
  "vy": 3.4905009951849612e-05
}