{
  "covariance": {
    "row_0": [
      3.0212580766215973e-05, 
      4.470857656741832e-05, 
      9.1172809809483535e-07
    ], 
    "row_1": [
      4.470857656741832e-05, 
      0.00012023089005753223, 
      4.6416021094817598e-06
    ], 
    "row_2": [
      9.1172809809487897e-07, 
      4.6416021094819411e-06, 
      0.00037806473257741827
    ]
  }, 
  "h": 1.7676055462913218, 
  "t": 0.45000000000000023, 
  "x": -0.42922763826643406, 
  "y": 0.35794794516020567
}