{
  "covariance": {
    "row_0": [
      0.0025502500000000017, 
      0.0, 
      0.0
    ], 
    "row_1": [
      0.0, 
      0.0025502500000000017, 
      0.0
    ], 
    "row_2": [
      0.0, 
      0.0, 
      0.010100250000000003
    ]
  }, 
  "h": 1.8169418763738274, 
  "t": 0.050000000000000003, 
  "x": -0.43307497146082574, 
  "y": 0.37520272177128822
}