{
  "covariance": {
    "row_0": [
      0.002560360000000002, 
      0.0, 
      0.0
    ], 
    "row_1": [
      0.0, 
      0.002560360000000002, 
      0.0
    ], 
    "row_2": [
      0.0, 
      0.0, 
      0.010120360000000005
    ]
  }, 
  "h": 1.816887445104004, 
  "t": 0.060000000000000005, 
  "x": -0.43308271156581252, 
  "y": 0.37519644898485943
}