{
  "t": 0.20000000000000004, 
  "vh": 0.0069963113146410006, 
  "vx": 0.0011595660754925344, 
  "vy": 0.0018627752879828467
}