{
  "t": 0.49000000000000027, 
  "vh": 0.0038663119492435894, 
  "vx": -0.0014762245311792772, 
  "vy": -0.00097431217218955414
}