{
  "t": 0.25000000000000006, 
  "vh": -0.018101924330430487, 
  "vx": -0.00038016610932207378, 
  "vy": 0.00044769615933609898
}