{
  "t": 0.47000000000000025, 
  "vh": 0.019852728599900688, 
  "vx": -0.00097521010128730874, 
  "vy": -0.00094779897090567196
}