{
  "covariance": {
    "row_0": [
      4.629214869218134e-05, 
      7.7134556180622334e-05, 
      1.5827946807238833e-06
    ], 
    "row_1": [
      7.7134556180622334e-05, 
      0.0002064271711744415, 
      7.9957939802919464e-06
    ], 
    "row_2": [
      1.5827946807239308e-06, 
      7.9957939802921429e-06, 
      0.00066288608659953799
    ]
  }, 
  "h": 1.7701526119422122, 
  "t": 0.27000000000000007, 
  "x": -0.42768045047274328, 
  "y": 0.36295284482026691
}