{
  "covariance": {
    "row_0": [
      4.8535142324242522e-05, 
      7.8732511704554574e-05, 
      1.5928441275370018e-06
    ], 
    "row_1": [
      7.8732511704554574e-05, 
      0.00021198699975816433, 
      8.0756559722596533e-06
    ], 
    "row_2": [
      1.5928441275370493e-06, 
      8.0756559722598498e-06, 
      0.00067322440174944376
    ]
  }, 
  "h": 1.7702705760277269, 
  "t": 0.29000000000000009, 
  "x": -0.42768980886729063, 
  "y": 0.36295033331214127
}