{
  "t": 0.070000000000000007, 
  "vh": 0.0053001031815183477, 
  "vx": 0.0021505504629965363, 
  "vy": -0.0011736741424213035
}