{
  "t": 0.19000000000000003, 
  "vh": 0.011199023404296774, 
  "vx": 6.8456485583212901e-06, 
  "vy": 0.00097184263059451985
}