{
  "t": 0.16, 
  "vh": 0.010873548583141638, 
  "vx": -0.00053287500768589037, 
  "vy": -0.00031563792617983136
}