{
  "covariance": {
    "row_0": [
      7.5282246958398449e-05, 
      0.00013334408884454238, 
      2.0862025512274094e-06
    ], 
    "row_1": [
      0.00013334408884454238, 
      0.00035809807082719524, 
      1.2230263539244323e-05
    ], 
    "row_2": [
      2.0862025512274636e-06, 
      1.223026353924454e-05, 
      0.0011937822832375153
    ]
  }, 
  "h": 1.7738645850211128, 
  "t": 0.18000000000000002, 
  "x": -0.42606383766282463, 
  "y": 0.36979618940673897
}