{
  "covariance": {
    "row_0": [
      6.9967639139692779e-05, 
      0.00012907688469510086, 
      2.0695883485579412e-06
    ], 
    "row_1": [
      0.00012907688469510086, 
      0.00034373430089423433, 
      1.2046304275244684e-05
    ], 
    "row_2": [
      2.0695883485579954e-06, 
      1.2046304275244901e-05, 
      0.0011663019767227619
    ]
  }, 
  "h": 1.7737235251596934, 
  "t": 0.13999999999999999, 
  "x": -0.42606942362400152, 
  "y": 0.36978262506793996
}