{
  "covariance": {
    "row_0": [
      3.1908764790953874e-05, 
      5.2991440344654445e-05, 
      1.1306454058236403e-06
    ], 
    "row_1": [
      5.2991440344654445e-05, 
      0.00013974412398787508, 
      5.6603036399374427e-06
    ], 
    "row_2": [
      1.1306454058236852e-06, 
      5.6603036399376291e-06, 
      0.00045659886694835854
    ]
  }, 
  "h": 1.7688120698043586, 
  "t": 0.32000000000000012, 
  "x": -0.42793125679118699, 
  "y": 0.35662701784652745
}