{
  "t": 0.31000000000000011, 
  "vh": 0.0075762643110011, 
  "vx": -0.00028851151101222128, 
  "vy": 0.0015345072858326848
}