{
  "t": 0.12999999999999998, 
  "vh": 0.0053449209638103115, 
  "vx": -0.00063376352908625546, 
  "vy": 0.0012429787692899436
}