{
  "covariance": {
    "row_0": [
      4.1034664612028383e-05, 
      7.3139667370791732e-05, 
      1.5576710636910845e-06
    ], 
    "row_1": [
      7.3139667370791732e-05, 
      0.00019287759971513439, 
      7.7961390003726706e-06
    ], 
    "row_2": [
      1.557671063691132e-06, 
      7.7961390003728671e-06, 
      0.00063739029872477305
    ]
  }, 
  "h": 1.7704273662219971, 
  "t": 0.22000000000000006, 
  "x": -0.42769531686167617, 
  "y": 0.36294764655738398
}