{
  "t": 0.099999999999999992, 
  "vh": -0.0035095727006984319, 
  "vx": -0.00023698902723212501, 
  "vy": 0.0013514839044817242
}