{
  "t": 0.35000000000000014, 
  "vh": -0.0030897036425545461, 
  "vx": 0.0010767662271231502, 
  "vy": -0.0026435990722571
}