{
  "t": 0.40000000000000019, 
  "vh": -0.0030771697827688639, 
  "vx": -0.00086242571736514016, 
  "vy": 0.00057893163397229304
}