{
  "t": 0.3000000000000001, 
  "vh": 0.013745851680952777, 
  "vx": 0.00127917206327428, 
  "vy": 0.00094543589256579157
}