{
  "t": 0.17000000000000001, 
  "vh": 0.0034598801858864449, 
  "vx": 0.00099198274964887203, 
  "vy": 0.00062427198245895634
}