{
  "covariance": {
    "row_0": [
      2.5810198606185726e-05, 
      4.1762971783752607e-05, 
      8.9249027115783876e-07
    ], 
    "row_1": [
      4.1762971783752607e-05, 
      0.00010989881645278733, 
      4.4884941519714298e-06
    ], 
    "row_2": [
      8.9249027115788239e-07, 
      4.4884941519716111e-06, 
      0.00035883445813175295
    ]
  }, 
  "h": 1.7677787590701401, 
  "t": 0.39990234375001527, 
  "x": -0.42921184656106026, 
  "y": 0.35801032607331229
}