{
  "covariance": {
    "row_0": [
      6.8688987185016353e-05, 
      0.00012801008365774047, 
      2.0654347978905748e-06
    ], 
    "row_1": [
      0.00012801008365774047, 
      0.00034019335841099405, 
      1.2000314459244775e-05
    ], 
    "row_2": [
      2.065434797890629e-06, 
      1.2000314459244992e-05, 
      0.0011594819000940737
    ]
  }, 
  "h": 1.7737137586528353, 
  "t": 0.12999999999999998, 
  "x": -0.42607196349509996, 
  "y": 0.36977624441397744
}