{
  "covariance": {
    "row_0": [
      0.0025704900000000025, 
      0.0, 
      0.0
    ], 
    "row_1": [
      0.0, 
      0.0025704900000000025, 
      0.0
    ], 
    "row_2": [
      0.0, 
      0.0, 
      0.010140490000000005
    ]
  }, 
  "h": 1.8169404461358192, 
  "t": 0.070000000000000007, 
  "x": -0.43306120606118254, 
  "y": 0.37518471224343519
}