{
  "covariance": {
    "row_0": [
      3.1006513218785199e-05, 
      5.232501036915568e-05, 
      1.1263154554040425e-06
    ], 
    "row_1": [
      5.232501036915568e-05, 
      0.0001374859819131148, 
      5.6261338290849286e-06
    ], 
    "row_2": [
      1.1263154554040874e-06, 
      5.626133829085115e-06, 
      0.00045233537091425607
    ]
  }, 
  "h": 1.7687360648429535, 
  "t": 0.31000000000000011, 
  "x": -0.42790920491616613, 
  "y": 0.35663148308272641
}