{
  "t": 0.33000000000000013, 
  "vh": -0.01577568692087428, 
  "vx": 0.0018948365601961677, 
  "vy": 0.00039013274269577333
}