{
  "t": 0.23000000000000007, 
  "vh": -0.00051514235375091756, 
  "vx": 0.00088660398199056658, 
  "vy": -0.00087327755560575064
}