{
  "t": 0.43000000000000022, 
  "vh": -0.015741452011839879, 
  "vx": 2.6730398133129133e-05, 
  "vy": -0.0016134734552522478
}