{
  "initialHPosition": 1.4625676527764924, 
  "initialXPosition": -1.3128342968202973, 
  "initialYPosition": 0.66621692525688381, 
  "trueH": 1.5475964956848811, 
  "trueX": -1.2115025155028647, 
  "trueY": 0.61165949894234006
}