{
  "t": 0.20000000000000004, 
  "vh": 0.012044387530204878, 
  "vx": -4.7423088672586245e-05, 
  "vy": -1.138514578140823e-05
}