{
  "covariance": {
    "row_0": [
      5.2079922400420551e-05, 
      5.3225254540095306e-05, 
      -1.1433983415212069e-05
    ], 
    "row_1": [
      5.3225254540095306e-05, 
      9.5791194574650288e-05, 
      4.5910840642490266e-06
    ], 
    "row_2": [
      -1.1433983415212069e-05, 
      4.5910840642487013e-06, 
      0.0011480596864341661
    ]
  }, 
  "h": 1.5723218740793841, 
  "t": 0.099902343750000927, 
  "x": -1.1921224241145132, 
  "y": 0.62664552410890584
}