{
  "t": 0.32000000000000012, 
  "vh": -0.0075722450958548527, 
  "vx": -0.0012049029804046916, 
  "vy": 0.00084080076945297741
}