{
  "t": 0.29000000000000009, 
  "vh": 0.0070863095222316579, 
  "vx": 0.00091605092332495703, 
  "vy": -0.00058680586944041921
}