{
  "t": 0.43000000000000022, 
  "vh": -0.00031459597580111426, 
  "vx": 0.001803334106294563, 
  "vy": -0.00098664994054104504
}