{
  "covariance": {
    "row_0": [
      2.6425203653815469e-05, 
      2.0324875877879892e-05, 
      -1.8807319351629003e-06
    ], 
    "row_1": [
      2.0324875877879882e-05, 
      4.1336662326009791e-05, 
      2.0923481600124879e-06
    ], 
    "row_2": [
      -1.8807319351629037e-06, 
      2.0923481600122312e-06, 
      0.00038044719911067447
    ]
  }, 
  "h": 1.5707179086807301, 
  "t": 0.45000000000000023, 
  "x": -1.1959735660466437, 
  "y": 0.62398883761799429
}