{
  "covariance": {
    "row_0": [
      0.002560360000000002, 
      0.0, 
      0.0
    ], 
    "row_1": [
      0.0, 
      0.002560360000000002, 
      0.0
    ], 
    "row_2": [
      0.0, 
      0.0, 
      0.010120360000000005
    ]
  }, 
  "h": 1.4630097118800012, 
  "t": 0.060000000000000005, 
  "x": -1.3128384465703442, 
  "y": 0.66620694199290542
}