{
  "covariance": {
    "row_0": [
      6.5773144307782733e-05, 
      6.0103389948695699e-05, 
      -1.2025368962919044e-05
    ], 
    "row_1": [
      6.0103389948695699e-05, 
      0.00011513808767010729, 
      4.8518103423499732e-06
    ], 
    "row_2": [
      -1.2025368962919044e-05, 
      4.8518103423496479e-06, 
      0.0012168907981552522
    ]
  }, 
  "h": 1.5725210795243159, 
  "t": 0.20000000000000004, 
  "x": -1.1921387109362584, 
  "y": 0.62668550869592732
}