{
  "covariance": {
    "row_0": [
      2.65309994028387e-05, 
      2.3099167224002102e-05, 
      -2.2527816501883411e-06
    ], 
    "row_1": [
      2.3099167224002095e-05, 
      4.4312386361443752e-05, 
      2.6196746232524896e-06
    ], 
    "row_2": [
      -2.2527816501883462e-06, 
      2.6196746232522189e-06, 
      0.00045965658087375287
    ]
  }, 
  "h": 1.5718145054966772, 
  "t": 0.32000000000000012, 
  "x": -1.1907085061234011, 
  "y": 0.62661035173196611
}