{
  "covariance": {
    "row_0": [
      3.3606276182096937e-05, 
      2.6034717328891106e-05, 
      -2.3848200984209841e-06
    ], 
    "row_1": [
      2.6034717328891099e-05, 
      5.3646289794193621e-05, 
      2.7617834629123027e-06
    ], 
    "row_2": [
      -2.3848200984209892e-06, 
      2.761783462912032e-06, 
      0.00049016139837175564
    ]
  }, 
  "h": 1.5717455350662157, 
  "t": 0.39000000000000018, 
  "x": -1.1907425978295432, 
  "y": 0.62657554632734136
}