{
  "covariance": {
    "row_0": [
      5.7324640770396468e-05, 
      5.5980534929140449e-05, 
      -1.1670883811200833e-05
    ], 
    "row_1": [
      5.5980534929140449e-05, 
      0.00010330069088592543, 
      4.6955271957497561e-06
    ], 
    "row_2": [
      -1.1670883811200833e-05, 
      4.6955271957494309e-06, 
      0.0011753918365675711
    ]
  }, 
  "h": 1.572319462832118, 
  "t": 0.13999999999999999, 
  "x": -1.19214535577902, 
  "y": 0.62666313594600631
}