{
  "covariance": {
    "row_0": [
      0.0025300900000000013, 
      0.0, 
      0.0
    ], 
    "row_1": [
      0.0, 
      0.0025300900000000013, 
      0.0
    ], 
    "row_2": [
      0.0, 
      0.0, 
      0.010060090000000002
    ]
  }, 
  "h": 1.4630382484949254, 
  "t": 0.029999999999999999, 
  "x": -1.3128183105906095, 
  "y": 0.66621373087982272
}