{
  "t": 0.28000000000000008, 
  "vh": -0.0033139433923235575, 
  "vx": 0.00024895566167549947, 
  "vy": 0.00035277153503366612
}