{
  "covariance": {
    "row_0": [
      0.0025704900000000025, 
      0.0, 
      0.0
    ], 
    "row_1": [
      0.0, 
      0.0025704900000000025, 
      0.0
    ], 
    "row_2": [
      0.0, 
      0.0, 
      0.010140490000000005
    ]
  }, 
  "h": 1.4632236547023738, 
  "t": 0.070000000000000007, 
  "x": -1.3128348333420319, 
  "y": 0.66619967281065851
}