{
  "t": 0.16, 
  "vh": 0.00043307178406674229, 
  "vx": 0.00082012311756280256, 
  "vy": 0.0012999123879650447
}