{
  "covariance": {
    "row_0": [
      3.4064125289656794e-05, 
      3.1345909800548998e-05, 
      -3.6967811507766703e-06
    ], 
    "row_1": [
      3.1345909800548998e-05, 
      5.906335183612895e-05, 
      3.3525730027756204e-06
    ], 
    "row_2": [
      -3.6967811507766809e-06, 
      3.3525730027753274e-06, 
      0.00064698878234205771
    ]
  }, 
  "h": 1.5723940239122114, 
  "t": 0.23000000000000007, 
  "x": -1.1891767050585373, 
  "y": 0.62926942628964
}