{
  "covariance": {
    "row_0": [
      3.1484768530880298e-05, 
      2.5195988727494251e-05, 
      -2.3470948274973717e-06
    ], 
    "row_1": [
      2.5195988727494245e-05, 
      5.087946024197938e-05, 
      2.7211809372952131e-06
    ], 
    "row_2": [
      -2.3470948274973768e-06, 
      2.7211809372949425e-06, 
      0.00048134573622946909
    ]
  }, 
  "h": 1.5717678803282871, 
  "t": 0.37000000000000016, 
  "x": -1.1907381168636149, 
  "y": 0.62658476515133454
}