{
  "covariance": {
    "row_0": [
      2.2751162640158851e-05, 
      1.8839031729117079e-05, 
      -1.8134488791369716e-06
    ], 
    "row_1": [
      1.8839031729117069e-05, 
      3.6572962868052876e-05, 
      2.0222432247479216e-06
    ], 
    "row_2": [
      -1.813448879136975e-06, 
      2.0222432247476649e-06, 
      0.00036500345706848297
    ]
  }, 
  "h": 1.5700883527720702, 
  "t": 0.4100000000000002, 
  "x": -1.1959980768602014, 
  "y": 0.6239828015593134
}