{
  "covariance": {
    "row_0": [
      2.4680696281217823e-05, 
      2.2256343268106057e-05, 
      -2.2148721738402901e-06
    ], 
    "row_1": [
      2.225634326810605e-05, 
      4.1813610352980411e-05, 
      2.578873843115778e-06
    ], 
    "row_2": [
      -2.2148721738402951e-06, 
      2.5788738431155074e-06, 
      0.00045107943695983491
    ]
  }, 
  "h": 1.5718219338150305, 
  "t": 0.2999023437499963, 
  "x": -1.1906944393962304, 
  "y": 0.62660437144409009
}