{
  "t": 0.12999999999999998, 
  "vh": -0.0028362799493836734, 
  "vx": -0.00042529247160728103, 
  "vy": 9.9976573677893065e-05
}