{
  "covariance": {
    "row_0": [
      3.9585826547646673e-05, 
      3.3847211221289533e-05, 
      -3.8263278171398584e-06
    ], 
    "row_1": [
      3.3847211221289533e-05, 
      6.6579313752548262e-05, 
      3.4650028381119005e-06
    ], 
    "row_2": [
      -3.8263278171398694e-06, 
      3.4650028381116074e-06, 
      0.00067267417814270171
    ]
  }, 
  "h": 1.572296087395139, 
  "t": 0.28000000000000008, 
  "x": -1.1891747810637396, 
  "y": 0.62930779726773534
}