{
  "covariance": {
    "row_0": [
      2.9390734414057937e-05, 
      2.1439258989452005e-05, 
      -1.9311942271823465e-06
    ], 
    "row_1": [
      2.1439258989451995e-05, 
      4.5119436919477485e-05, 
      2.1449268614609121e-06
    ], 
    "row_2": [
      -1.9311942271823498e-06, 
      2.1449268614606554e-06, 
      0.00039224000564231802
    ]
  }, 
  "h": 1.5706583367950582, 
  "t": 0.48000000000000026, 
  "x": -1.1959528654776468, 
  "y": 0.62402539605623009
}