{
  "t": 0.34000000000000014, 
  "vh": -0.0028703437111117841, 
  "vx": -0.00038997584168491527, 
  "vy": 0.00074762768023149283
}