{
  "covariance": {
    "row_0": [
      3.0419244667472088e-05, 
      2.1810720026642702e-05, 
      -1.9480149911888283e-06
    ], 
    "row_1": [
      2.1810720026642692e-05, 
      4.6420361783966703e-05, 
      2.1624530952770533e-06
    ], 
    "row_2": [
      -1.9480149911888317e-06, 
      2.1624530952767967e-06, 
      0.00039621094115286585
    ]
  }, 
  "h": 1.5707223435239588, 
  "t": 0.49000000000000027, 
  "x": -1.1959649185851704, 
  "y": 0.6240314796599733
}