{
  "t": 0.36000000000000015, 
  "vh": 0.0018527944186118883, 
  "vx": -0.00017173845071645475, 
  "vy": -0.0017978137893521556
}