{
  "t": 0.24000000000000007, 
  "vh": 0.010551734934803761, 
  "vx": -0.00013455870321254154, 
  "vy": 0.001785823221454854
}