{
  "covariance": {
    "row_0": [
      0.002601000000000003, 
      0.0, 
      0.0
    ], 
    "row_1": [
      0.0, 
      0.002601000000000003, 
      0.0
    ], 
    "row_2": [
      0.0, 
      0.0, 
      0.010201000000000007
    ]
  }, 
  "h": 1.4632239695386575, 
  "t": 0.099999999999999992, 
  "x": -1.3128457236860258, 
  "y": 0.66617427791245842
}