{
  "t": 0.47000000000000025, 
  "vh": -0.0058612651853745803, 
  "vx": 0.001558473148846432, 
  "vy": 0.0006057604674394333
}