{
  "t": 0.050000000000000003, 
  "vh": 0.0036289930938459627, 
  "vx": -0.00087220970196231411, 
  "vy": 0.00076424276910576794
}