{
  "covariance": {
    "row_0": [
      2.7481753228447018e-05, 
      2.3518531524700529e-05, 
      -2.2716442856501473e-06
    ], 
    "row_1": [
      2.3518531524700522e-05, 
      4.5585801137550876e-05, 
      2.6399758860610343e-06
    ], 
    "row_2": [
      -2.2716442856501524e-06, 
      2.6399758860607637e-06, 
      0.00046395441194489615
    ]
  }, 
  "h": 1.5719358055312602, 
  "t": 0.33000000000000013, 
  "x": -1.1907228045028131, 
  "y": 0.62661331774329199
}