{
  "t": 0.17000000000000001, 
  "vh": 0.0054503680668310404, 
  "vx": 0.0011550754243736176, 
  "vy": 0.0003748258294933693
}