{
  "t": 0.49000000000000027, 
  "vh": 0.0064006728900686174, 
  "vx": -0.0012053107523723025, 
  "vy": 0.0006083603743223953
}