{
  "t": 0.39000000000000018, 
  "vh": -0.017821027034658245, 
  "vx": -0.00017402811993863694, 
  "vy": -0.0011075102369583049
}