{
  "t": 0.3000000000000001, 
  "vh": -0.0036474259478050043, 
  "vx": 0.0019941798495486883, 
  "vy": -0.00061765351084991436
}