{
  "t": 0.31000000000000011, 
  "vh": 0.0067633647763868853, 
  "vx": -0.00019981838524044706, 
  "vy": -0.00024042409034563583
}