{
  "t": 0.040000000000000001, 
  "vh": 0.0055107836172846036, 
  "vx": -0.0012135371643919922, 
  "vy": -0.00084635410311597865
}