{
  "covariance": {
    "row_0": [
      2.5476693400401318e-05, 
      1.9953414840689192e-05, 
      -1.8639111711564182e-06
    ], 
    "row_1": [
      1.9953414840689181e-05, 
      4.0115737461520566e-05, 
      2.0748219261963462e-06
    ], 
    "row_2": [
      -1.8639111711564216e-06, 
      2.0748219261960895e-06, 
      0.00037655626360012659
    ]
  }, 
  "h": 1.5705922663030487, 
  "t": 0.44000000000000022, 
  "x": -1.1959723579138151, 
  "y": 0.62398258790787609
}