{
  "t": 0.23000000000000007, 
  "vh": -0.022406346766948328, 
  "vx": -0.0013958403485052498, 
  "vy": -0.00072543680466775765
}