{
  "covariance": {
    "row_0": [
      2.4548183146987159e-05, 
      1.9581953803498484e-05, 
      -1.8470904071499359e-06
    ], 
    "row_1": [
      1.9581953803498474e-05, 
      3.891481259703133e-05, 
      2.0572956923802045e-06
    ], 
    "row_2": [
      -1.8470904071499393e-06, 
      2.0572956923799479e-06, 
      0.00037268532808957871
    ]
  }, 
  "h": 1.5704280194024118, 
  "t": 0.43000000000000022, 
  "x": -1.1959704641889857, 
  "y": 0.62397755775770369
}