{
  "t": 0.089999999999999997, 
  "vh": 0.0012098091933041488, 
  "vx": -0.0002261540267407439, 
  "vy": -0.0011345520750128484
}