{
  "t": 0.46000000000000024, 
  "vh": 0.001732812059806927, 
  "vx": 0.0011824190487892767, 
  "vy": 0.00043177602709897132
}