{
  "t": 0.11999999999999998, 
  "vh": -0.0023496350763865114, 
  "vx": -0.0002888970423131052, 
  "vy": 0.00054685109707650027
}