{
  "covariance": {
    "row_0": [
      6.0060808616191879e-05, 
      5.7354819935658859e-05, 
      -1.1789045528440237e-05
    ], 
    "row_1": [
      5.7354819935658859e-05, 
      0.00010716648981398604, 
      4.7476215779498279e-06
    ], 
    "row_2": [
      -1.1789045528440237e-05, 
      4.7476215779495027e-06, 
      0.0011891448237634648
    ]
  }, 
  "h": 1.5723983364339029, 
  "t": 0.16, 
  "x": -1.1921491288207764, 
  "y": 0.62667398463143575
}