{
  "covariance": {
    "row_0": [
      3.4697030007705254e-05, 
      2.6454081629589536e-05, 
      -2.4036827338827908e-06
    ], 
    "row_1": [
      2.645408162958953e-05, 
      5.5059704570300746e-05, 
      2.7820847257208479e-06
    ], 
    "row_2": [
      -2.4036827338827958e-06, 
      2.7820847257205773e-06, 
      0.00049459922944289901
    ]
  }, 
  "h": 1.5719292140783492, 
  "t": 0.40000000000000019, 
  "x": -1.1907240826544081, 
  "y": 0.62657881724922215
}