{
  "t": 0.099999999999999992, 
  "vh": 0.0028305154113818501, 
  "vx": 8.0802039721440184e-05, 
  "vy": -0.00069584942565624453
}