{
  "t": 0.14999999999999999, 
  "vh": 0.0074542883944380793, 
  "vx": -0.0011974272931994932, 
  "vy": -0.00021504384501713289
}