{
  "covariance": {
    "row_0": [
      2.7393713907229624e-05, 
      2.0696336915070593e-05, 
      -1.8975526991693821e-06
    ], 
    "row_1": [
      2.0696336915070583e-05, 
      4.2577587190499019e-05, 
      2.1098743938286291e-06
    ], 
    "row_2": [
      -1.8975526991693855e-06, 
      2.1098743938283725e-06, 
      0.00038435813462122227
    ]
  }, 
  "h": 1.5707352368013281, 
  "t": 0.46000000000000024, 
  "x": -1.1959617418561559, 
  "y": 0.62399315537826527
}