{
  "t": 0.42000000000000021, 
  "vh": 0.034281259009980337, 
  "vx": 0.00095793301529305383, 
  "vy": 0.00046226977957133133
}