{
  "t": 0.38000000000000017, 
  "vh": 0.015586500827517601, 
  "vx": -0.00027406847288516097, 
  "vy": 0.0001856278376347191
}