{
  "t": 0.13999999999999999, 
  "vh": -0.0036120912381376303, 
  "vx": -0.00090779663344663943, 
  "vy": -5.0752652305341515e-05
}