{
  "t": 0.19000000000000003, 
  "vh": 0.0049878147379956031, 
  "vx": 0.00080157240370489218, 
  "vy": 0.00010269002135065052
}