{
  "t": 0.33000000000000013, 
  "vh": 0.012130003458303626, 
  "vx": -0.0014298379412103995, 
  "vy": 0.00029660113258534268
}