{
  "covariance": {
    "row_0": [
      3.0981395134517303e-05, 
      2.9840243593767108e-05, 
      -3.6188001301260074e-06
    ], 
    "row_1": [
      2.9840243593767108e-05, 
      5.4780170245583155e-05, 
      3.2848955120517036e-06
    ], 
    "row_2": [
      -3.618800130126018e-06, 
      3.2848955120514106e-06, 
      0.00063176845324542069
    ]
  }, 
  "h": 1.5729290040037307, 
  "t": 0.19990234374999627, 
  "x": -1.1891526139703619, 
  "y": 0.62928922119033737
}