{
  "covariance": {
    "row_0": [
      2.8452507054055334e-05, 
      2.3937895825398956e-05, 
      -2.2905069211119536e-06
    ], 
    "row_1": [
      2.393789582539895e-05, 
      4.6879215913657995e-05, 
      2.6602771488695791e-06
    ], 
    "row_2": [
      -2.2905069211119586e-06, 
      2.6602771488693085e-06, 
      0.00046827224301603941
    ]
  }, 
  "h": 1.5719071020941491, 
  "t": 0.34000000000000014, 
  "x": -1.19072670426123, 
  "y": 0.6266207940200943
}