{
  "t": 0.25000000000000006, 
  "vh": -0.0041778370325874113, 
  "vx": 0.00083521091126300437, 
  "vy": 0.00028246730861282302
}