{
  "covariance": {
    "row_0": [
      0.0025401600000000014, 
      0.0, 
      0.0
    ], 
    "row_1": [
      0.0, 
      0.0025401600000000014, 
      0.0
    ], 
    "row_2": [
      0.0, 
      0.0, 
      0.010080160000000003
    ]
  }, 
  "h": 1.4630933563310982, 
  "t": 0.040000000000000001, 
  "x": -1.3128304459622535, 
  "y": 0.6662052673387916
}