{
  "covariance": {
    "row_0": [
      5.4668472924601057e-05, 
      5.4606249922622032e-05, 
      -1.155272209396143e-05
    ], 
    "row_1": [
      5.4606249922622032e-05, 
      9.951489195786481e-05, 
      4.6434328135496844e-06
    ], 
    "row_2": [
      -1.155272209396143e-05, 
      4.6434328135493591e-06, 
      0.0011617188493716775
    ]
  }, 
  "h": 1.5723839465439933, 
  "t": 0.11999999999999998, 
  "x": -1.1921320248879694, 
  "y": 0.62666264370679259
}