{
  "covariance": {
    "row_0": [
      6.1458892539089586e-05, 
      5.8041962438918054e-05, 
      -1.1848126387059937e-05
    ], 
    "row_1": [
      5.8041962438918054e-05, 
      0.00010912938927801633, 
      4.7736687690498634e-06
    ], 
    "row_2": [
      -1.1848126387059937e-05, 
      4.7736687690495381e-06, 
      0.0011960513173614115
    ]
  }, 
  "h": 1.5724528401145712, 
  "t": 0.17000000000000001, 
  "x": -1.1921375780665326, 
  "y": 0.62667773288973072
}