{
  "t": 0.4100000000000002, 
  "vh": -0.0049106303121242726, 
  "vx": 0.0014073526016986832, 
  "vy": 0.0005064179278324735
}