{
  "covariance": {
    "row_0": [
      0.0025806400000000025, 
      0.0, 
      0.0
    ], 
    "row_1": [
      0.0, 
      0.0025806400000000025, 
      0.0
    ], 
    "row_2": [
      0.0, 
      0.0, 
      0.010160640000000006
    ]
  }, 
  "h": 1.4631835662926105, 
  "t": 0.080000000000000002, 
  "x": -1.3128442701661556, 
  "y": 0.66619258192746511
}