{
  "covariance": {
    "row_0": [
      2.8382224160643779e-05, 
      2.1067797952261297e-05, 
      -1.9143734631758642e-06
    ], 
    "row_1": [
      2.1067797952261287e-05, 
      4.3838512054988251e-05, 
      2.1274006276447704e-06
    ], 
    "row_2": [
      -1.9143734631758676e-06, 
      2.1274006276445137e-06, 
      0.00038828907013177012
    ]
  }, 
  "h": 1.5706766241494743, 
  "t": 0.47000000000000025, 
  "x": -1.1959461571246675, 
  "y": 0.6239992129829397
}