{
  "covariance": {
    "row_0": [
      3.3019785038058821e-05, 
      3.0845649516400889e-05, 
      -3.6708718175040333e-06
    ], 
    "row_1": [
      3.0845649516400889e-05, 
      5.7620159452845087e-05, 
      3.3300870357083654e-06
    ], 
    "row_2": [
      -3.6708718175040439e-06, 
      3.3300870357080723e-06, 
      0.00064191170318192903
    ]
  }, 
  "h": 1.572618087379881, 
  "t": 0.22000000000000006, 
  "x": -1.1891627466550523, 
  "y": 0.62927668065768672
}