{
  "t": 0.35000000000000014, 
  "vh": 0.00042081717097688107, 
  "vx": -1.4735503858544031e-06, 
  "vy": -0.00069591366371188758
}