{
  "covariance": {
    "row_0": [
      3.1995444786460844e-05, 
      3.0345389232252784e-05, 
      -3.6449624842313955e-06
    ], 
    "row_1": [
      3.0345389232252784e-05, 
      5.6196967069561226e-05, 
      3.3076010686411095e-06
    ], 
    "row_2": [
      -3.6449624842314061e-06, 
      3.3076010686408164e-06, 
      0.00063685462402180023
    ]
  }, 
  "h": 1.5727716788150012, 
  "t": 0.21000000000000005, 
  "x": -1.18915367163582, 
  "y": 0.62927436419947214
}