{
  "covariance": {
    "row_0": [
      3.8441486296048697e-05, 
      3.3346950937141431e-05, 
      -3.8004184838672206e-06
    ], 
    "row_1": [
      3.3346950937141431e-05, 
      6.5036121369264403e-05, 
      3.4425168710446441e-06
    ], 
    "row_2": [
      -3.8004184838672312e-06, 
      3.442516871044351e-06, 
      0.00066749709898257287
    ]
  }, 
  "h": 1.5723292268290623, 
  "t": 0.27000000000000007, 
  "x": -1.1891772706203565, 
  "y": 0.62930426955238505
}