{
  "t": 0.01, 
  "vh": 0.013567329506834869, 
  "vx": 1.5957284616884006e-05, 
  "vy": -0.00032497218847723613
}