{
  "t": 0.48000000000000026, 
  "vh": -0.0018287354416115207, 
  "vx": -0.00067083529792952659, 
  "vy": 0.0026183073290424286
}