{
  "t": 0.37000000000000016, 
  "vh": -0.016195788175791676, 
  "vx": -0.00096804823737229359, 
  "vy": -0.001109159422923279
}