{
  "t": 0.26000000000000006, 
  "vh": -0.0057815829279261027, 
  "vx": -0.00011493296353694896, 
  "vy": -0.00038571720046781026
}