{
  "t": 0.22000000000000006, 
  "vh": -0.015359143512029008, 
  "vx": -0.0009075019232298152, 
  "vy": 0.0002316458214553996
}