{
  "t": 0.02, 
  "vh": 0.012510582366365222, 
  "vx": 0.0015444768932242978, 
  "vy": 0.00014804047005896893
}