{
  "covariance": {
    "row_0": [
      3.7317146044450718e-05, 
      3.2846690652993323e-05, 
      -3.7745091505945832e-06
    ], 
    "row_1": [
      3.2846690652993323e-05, 
      6.3512928985980533e-05, 
      3.4200309039773886e-06
    ], 
    "row_2": [
      -3.7745091505945938e-06, 
      3.4200309039770955e-06, 
      0.00066234001982244412
    ]
  }, 
  "h": 1.5723999470619543, 
  "t": 0.26000000000000006, 
  "x": -1.1891708478660923, 
  "y": 0.62928625202293598
}