{
  "t": 0.21000000000000005, 
  "vh": -0.015580366852884109, 
  "vx": -0.00010474365851156601, 
  "vy": -0.001471330623403012
}