{
  "t": 0.10999999999999999, 
  "vh": 0.0084741263967107756, 
  "vx": -0.00066468919786535137, 
  "vy": 0.0011538407158658594
}