{
  "t": 0.50000000000000022, 
  "vh": 0.0078666772020854706, 
  "vx": -0.00056130319011926406, 
  "vy": 0.0012054216973062892
}