{
  "t": 0.070000000000000007, 
  "vh": 0.021394282237254685, 
  "vx": 0.00036132283122836557, 
  "vy": -0.00072691822469332461
}