{
  "covariance": {
    "row_0": [
      6.4315060384885009e-05, 
      5.9416247445436477e-05, 
      -1.1966288104299341e-05
    ], 
    "row_1": [
      5.9416247445436477e-05, 
      0.00011311518820607696, 
      4.825763151249936e-06
    ], 
    "row_2": [
      -1.1966288104299341e-05, 
      4.8257631512496107e-06, 
      0.0012099243045573052
    ]
  }, 
  "h": 1.5724006356490139, 
  "t": 0.19000000000000003, 
  "x": -1.1921382367053717, 
  "y": 0.62668562254738513
}