{
  "t": 0.45000000000000023, 
  "vh": 0.01256423776814263, 
  "vx": -0.00012081328287553499, 
  "vy": 0.00062497101181507083
}