{
  "covariance": {
    "row_0": [
      2.9443260879663652e-05, 
      2.4357260126097384e-05, 
      -2.3093695565737598e-06
    ], 
    "row_1": [
      2.4357260126097377e-05, 
      4.8192630689765118e-05, 
      2.6805784116781239e-06
    ], 
    "row_2": [
      -2.3093695565737648e-06, 
      2.6805784116778533e-06, 
      0.00047261007408718267
    ]
  }, 
  "h": 1.5719113102658588, 
  "t": 0.35000000000000014, 
  "x": -1.1907267189967339, 
  "y": 0.62661383488345723
}