{
  "t": 0.40000000000000019, 
  "vh": 0.018367901213343554, 
  "vx": 0.0018515175135104694, 
  "vy": 0.00032709218808200507
}