{
  "covariance": {
    "row_0": [
      0.0025502500000000017, 
      0.0, 
      0.0
    ], 
    "row_1": [
      0.0, 
      0.0025502500000000017, 
      0.0
    ], 
    "row_2": [
      0.0, 
      0.0, 
      0.010100250000000003
    ]
  }, 
  "h": 1.4631296462620367, 
  "t": 0.050000000000000003, 
  "x": -1.312839168059273, 
  "y": 0.66621290976648262
}