{
  "covariance": {
    "row_0": [
      0.0025908100000000029, 
      0.0, 
      0.0
    ], 
    "row_1": [
      0.0, 
      0.0025908100000000029, 
      0.0
    ], 
    "row_2": [
      0.0, 
      0.0, 
      0.010180810000000007
    ]
  }, 
  "h": 1.4631956643845436, 
  "t": 0.089999999999999997, 
  "x": -1.3128465317064231, 
  "y": 0.666181236406715
}