{
  "covariance": {
    "row_0": [
      5.5986556847498771e-05, 
      5.5293392425881247e-05, 
      -1.1611802952581133e-05
    ], 
    "row_1": [
      5.5293392425881247e-05, 
      0.00010139779142189513, 
      4.6694800046497207e-06
    ], 
    "row_2": [
      -1.1611802952581133e-05, 
      4.6694800046493954e-06, 
      0.0011685453429696245
    ]
  }, 
  "h": 1.5723555837444994, 
  "t": 0.12999999999999998, 
  "x": -1.1921362778126856, 
  "y": 0.62666364347252934
}