{
  "covariance": {
    "row_0": [
      3.512846554125477e-05, 
      3.1846170084697113e-05, 
      -3.7226904840493076e-06
    ], 
    "row_1": [
      3.1846170084697113e-05, 
      6.0526544219412824e-05, 
      3.3750589698428764e-06
    ], 
    "row_2": [
      -3.7226904840493182e-06, 
      3.3750589698425833e-06, 
      0.00065208586150218649
    ]
  }, 
  "h": 1.5724995412615594, 
  "t": 0.24000000000000007, 
  "x": -1.1891780506455694, 
  "y": 0.62928728452185456
}