{
  "covariance": {
    "row_0": [
      2.1874269451226811e-05, 
      1.8463943142735618e-05, 
      -1.7964638498570143e-06
    ], 
    "row_1": [
      1.8463943142735608e-05, 
      3.5420994769109896e-05, 
      2.0045458363046962e-06
    ], 
    "row_2": [
      -1.7964638498570177e-06, 
      2.0045458363044396e-06, 
      0.00036115540400077001
    ]
  }, 
  "h": 1.5701379386289327, 
  "t": 0.39990234375001527, 
  "x": -1.196012287822996, 
  "y": 0.62397768792515929
}