{
  "covariance": {
    "row_0": [
      4.0750166799244645e-05, 
      3.4347471505437628e-05, 
      -3.8522371504124953e-06
    ], 
    "row_1": [
      3.4347471505437628e-05, 
      6.8142506135832111e-05, 
      3.4874888051791559e-06
    ], 
    "row_2": [
      -3.8522371504125063e-06, 
      3.4874888051788629e-06, 
      0.00067787125730283044
    ]
  }, 
  "h": 1.5723669504903615, 
  "t": 0.29000000000000009, 
  "x": -1.1891656205545065, 
  "y": 0.62930192920904093
}