{
  "covariance": {
    "row_0": [
      4.193450705084262e-05, 
      3.4847731789585729e-05, 
      -3.8781464836851331e-06
    ], 
    "row_1": [
      3.4847731789585729e-05, 
      6.9725698519115977e-05, 
      3.5099747722464119e-06
    ], 
    "row_2": [
      -3.8781464836851441e-06, 
      3.5099747722461188e-06, 
      0.00068308833646295926
    ]
  }, 
  "h": 1.5723304762308834, 
  "t": 0.3000000000000001, 
  "x": -1.1891456787560111, 
  "y": 0.62929575267393245
}