{
  "t": 0.44000000000000022, 
  "vh": 0.016424690063694253, 
  "vx": -0.00018937248293217148, 
  "vy": 0.00050301501724109581
}