{
  "t": 0.080000000000000002, 
  "vh": -0.0040088409763322716, 
  "vx": -0.00094368241236230668, 
  "vy": -0.00070908831934127572
}