{
  "t": 0.060000000000000005, 
  "vh": -0.011993438203544066, 
  "vx": 7.2148892878457898e-05, 
  "vy": -0.00059677735772190391
}