{
  "covariance": {
    "row_0": [
      3.045401470527197e-05, 
      2.4776624426795814e-05, 
      -2.3282321920355655e-06
    ], 
    "row_1": [
      2.4776624426795807e-05, 
      4.9526045465872244e-05, 
      2.7008796744866683e-06
    ], 
    "row_2": [
      -2.3282321920355706e-06, 
      2.7008796744863977e-06, 
      0.00047696790515832586
    ]
  }, 
  "h": 1.5719298382100451, 
  "t": 0.36000000000000015, 
  "x": -1.1907284363812412, 
  "y": 0.62659585674556373
}