{
  "covariance": {
    "row_0": [
      2.3639672893573007e-05, 
      1.9210492766307783e-05, 
      -1.8302696431434539e-06
    ], 
    "row_1": [
      1.9210492766307773e-05, 
      3.7733887732542105e-05, 
      2.0397694585640633e-06
    ], 
    "row_2": [
      -1.8302696431434573e-06, 
      2.0397694585638066e-06, 
      0.00036883439257903087
    ]
  }, 
  "h": 1.5704311653621699, 
  "t": 0.42000000000000021, 
  "x": -1.1959884975300485, 
  "y": 0.62398742425710907
}