{
  "covariance": {
    "row_0": [
      5.3370389001703359e-05, 
      5.3919107419362837e-05, 
      -1.1493641235341728e-05
    ], 
    "row_1": [
      5.3919107419362837e-05, 
      9.7651992493834517e-05, 
      4.6173856224496481e-06
    ], 
    "row_2": [
      -1.1493641235341728e-05, 
      4.6173856224493228e-06, 
      0.0011549123557737307
    ]
  }, 
  "h": 1.5724074428947572, 
  "t": 0.10999999999999999, 
  "x": -1.1921291359175463, 
  "y": 0.62665717519582187
}