{
  "covariance": {
    "row_0": [
      5.8682724693294176e-05, 
      5.6667677432399657e-05, 
      -1.1729964669820534e-05
    ], 
    "row_1": [
      5.6667677432399657e-05, 
      0.00010522359034995573, 
      4.7215743868497916e-06
    ], 
    "row_2": [
      -1.1729964669820534e-05, 
      4.7215743868494663e-06, 
      0.0011822583301655178
    ]
  }, 
  "h": 1.5723940057160624, 
  "t": 0.14999999999999999, 
  "x": -1.1921573300519521, 
  "y": 0.62666098550755611
}