{
  "covariance": {
    "row_0": [
      2.0410108813818757e-05, 
      1.6254992876112318e-05, 
      -1.6114460876823485e-06
    ], 
    "row_1": [
      1.6254992876112307e-05, 
      3.1706947954930791e-05, 
      1.5682125702125864e-06
    ], 
    "row_2": [
      -1.611446087682351e-06, 
      1.5682125702123403e-06, 
      0.00030851586217955798
    ]
  }, 
  "h": 1.5673758806847204, 
  "t": 0.4999023437500153, 
  "x": -1.2032218466449558, 
  "y": 0.61673869017136962
}