{
  "covariance": {
    "row_0": [
      3.2535522356488616e-05, 
      2.5615353028192679e-05, 
      -2.3659574629591779e-06
    ], 
    "row_1": [
      2.5615353028192672e-05, 
      5.2252875018086499e-05, 
      2.7414822001037579e-06
    ], 
    "row_2": [
      -2.365957462959183e-06, 
      2.7414822001034873e-06, 
      0.00048574356730061232
    ]
  }, 
  "h": 1.5719237453365622, 
  "t": 0.38000000000000017, 
  "x": -1.1907408575483438, 
  "y": 0.62658662142971089
}