{
  "covariance": {
    "row_0": [
      3.6212805792852743e-05, 
      3.2346430368845214e-05, 
      -3.748599817321945e-06
    ], 
    "row_1": [
      3.2346430368845214e-05, 
      6.200973660269668e-05, 
      3.3975449369101323e-06
    ], 
    "row_2": [
      -3.7485998173219556e-06, 
      3.3975449369098392e-06, 
      0.00065720294066231525
    ]
  }, 
  "h": 1.5724577628912335, 
  "t": 0.25000000000000006, 
  "x": -1.1891696985364568, 
  "y": 0.62929010919494066
}