{
  "covariance": {
    "row_0": [
      3.1467754920886236e-05, 
      2.2182181063833403e-05, 
      -1.9648357551953106e-06
    ], 
    "row_1": [
      2.2182181063833393e-05, 
      4.7741286648455917e-05, 
      2.1799793290931954e-06
    ], 
    "row_2": [
      -1.964835755195314e-06, 
      2.1799793290929387e-06, 
      0.00040020187666341378
    ]
  }, 
  "h": 1.5708010102959797, 
  "t": 0.50000000000000022, 
  "x": -1.1959705316170717, 
  "y": 0.62404353387694633
}