{
  "t": 0.27000000000000007, 
  "vh": -0.0070720232891936562, 
  "vx": -0.00064227542642493116, 
  "vy": 0.0018017529449116563
}