{
  "covariance": {
    "row_0": [
      2.5600245577230374e-05, 
      2.2679802923303661e-05, 
      -2.2339190147265349e-06
    ], 
    "row_1": [
      2.2679802923303654e-05, 
      4.3058971585336612e-05, 
      2.5993733604439448e-06
    ], 
    "row_2": [
      -2.23391901472654e-06, 
      2.5993733604436741e-06, 
      0.00045537874980260958
    ]
  }, 
  "h": 1.5718902279476359, 
  "t": 0.31000000000000011, 
  "x": -1.1906964570935969, 
  "y": 0.62660194372427158
}