{
  "covariance": {
    "row_0": [
      6.2876976461987303e-05, 
      5.8729104942177276e-05, 
      -1.1907207245679639e-05
    ], 
    "row_1": [
      5.8729104942177276e-05, 
      0.00011111228874204666, 
      4.7997159601498997e-06
    ], 
    "row_2": [
      -1.1907207245679639e-05, 
      4.7997159601495744e-06, 
      0.0012029778109593583
    ]
  }, 
  "h": 1.572350757501634, 
  "t": 0.18000000000000002, 
  "x": -1.1921462524294086, 
  "y": 0.62668459564717161
}