{
  "t": 0.029999999999999999, 
  "vh": 0.020981659970086317, 
  "vx": 3.8188790921585659e-05, 
  "vy": -0.00014250598769117688
}