{
  "t": 0.18000000000000002, 
  "vh": -0.01020826129372584, 
  "vx": -0.0008674362875947093, 
  "vy": 0.00068627574409122155
}