{
  "h": 4.0357744548032777, 
  "x": 0.83695785755748298, 
  "y": -0.64429461128898502
}