{
  "estimInitialHPosition": 0.026155938902526574, 
  "estimInitialXPosition": -0.78910155564254802, 
  "estimInitialYPosition": 0.62892217781246174, 
  "trueInitialHPosition": 0.024982482597736676, 
  "trueInitialXPosition": -0.78051978948304801, 
  "trueInitialYPosition": 0.62480890522844623
}