{
  "sigmaH": 0.016149202713784519, 
  "sigmaX": 0.049909128521009281, 
  "sigmaY": 0.001405700041396244, 
  "t": 0.14999999999999999, 
  "vh": -0.55631874808560089, 
  "vx": 1.6592238588357962, 
  "vy": -0.046660913175192373
}