{
  "h": -0.14572938782091974, 
  "t": 0.39003906250000003, 
  "x": -0.058068110437477567, 
  "y": 0.5802342624279534
}