{
  "covariance": {
    "row_0": [
      0.00015508953160579001, 
      0.0, 
      -4.3864477666152389e-06
    ], 
    "row_1": [
      0.0, 
      3.2913545623257392e-05, 
      0.0
    ], 
    "row_2": [
      -4.3864477666152406e-06, 
      0.0, 
      0.00011853105588279031
    ]
  }, 
  "h": -0.14888467801396119, 
  "t": 0.43007800000000002, 
  "x": 0.0506406113868835, 
  "y": 0.56162652502950561
}