{
  "covariance": {
    "row_0": [
      0.00053870333032619573, 
      0.0, 
      0.0
    ], 
    "row_1": [
      0.0, 
      5.8571087326058445e-05, 
      0.0
    ], 
    "row_2": [
      0.0, 
      0.0, 
      0.0001464770561361254
    ]
  }, 
  "h": -0.13072780379712734, 
  "t": 0.55000000000000004, 
  "x": 0.39783459456704595, 
  "y": 0.50006968294547549
}