{
  "covariance": {
    "row_0": [
      4.1342304322318801e-05, 
      0.0, 
      0.0
    ], 
    "row_1": [
      0.0, 
      2.6491057119802158e-05, 
      0.0
    ], 
    "row_2": [
      0.0, 
      0.0, 
      3.8021170281424848e-06
    ]
  }, 
  "h": -0.006584950998960391, 
  "t": 0.040038999999999998, 
  "x": -0.74092984707995002, 
  "y": 0.63393994436277989
}