{
  "sigmaH": 0.01, 
  "sigmaX": 0.079455436685496497, 
  "sigmaY": 0.011967759767662301, 
  "t": 0.41005900000000001, 
  "vh": 0.0050799007832451337, 
  "vx": 2.6061525072873781, 
  "vy": -0.39750641961287125
}