{
  "h": -0.041713621171364526, 
  "t": 0.090039062500000003, 
  "x": -0.66489302399046746, 
  "y": 0.63280331689450586
}