{
  "covariance": {
    "row_0": [
      0.00076856443612376341, 
      0.0, 
      0.0
    ], 
    "row_1": [
      0.0, 
      7.5265719173598974e-05, 
      0.0
    ], 
    "row_2": [
      0.0, 
      0.0, 
      0.00016075153638487499
    ]
  }, 
  "h": -0.11497189283299933, 
  "t": 0.60000000000001497, 
  "x": 0.54694407965511738, 
  "y": 0.46925562735044912
}