{
  "sigmaH": 0.014935749222528471, 
  "sigmaX": 0.052183628398485553, 
  "sigmaY": 0.0022187763627949833, 
  "t": 0.17002, 
  "vh": -0.53785582246793917, 
  "vx": 1.8317764673640968, 
  "vy": -0.074969467863272451
}