{
  "sigmaH": 0.020997097393485698, 
  "sigmaX": 0.040822224132461317, 
  "sigmaY": 0.0018426390182404474, 
  "t": 0.070019999999999999, 
  "vh": -0.7346942699401301, 
  "vx": 1.3767927557687467, 
  "vy": 0.056560527129044726
}