{
  "covariance": {
    "row_0": [
      0.00024961743054240044, 
      0.0, 
      -1.4117418114280219e-05
    ], 
    "row_1": [
      0.0, 
      3.7656053260753989e-05, 
      0.0
    ], 
    "row_2": [
      -1.4117418114280219e-05, 
      0.0, 
      0.00013195701034307322
    ]
  }, 
  "h": -0.14602790400228469, 
  "t": 0.47001999999999999, 
  "x": 0.16170412108511467, 
  "y": 0.54288033717225337
}