{
  "covariance": {
    "row_0": [
      0.00022343299757494883, 
      0.0, 
      -1.1404702758785888e-05
    ], 
    "row_1": [
      0.0, 
      3.6443471281263584e-05, 
      0.0
    ], 
    "row_2": [
      -1.1404702758785888e-05, 
      0.0, 
      0.00012838147271504422
    ]
  }, 
  "h": -0.14710151797324583, 
  "t": 0.460059, 
  "x": 0.1333776023660535, 
  "y": 0.54776133091104973
}