{
  "sigmaH": 0.01, 
  "sigmaX": 0.088542341074050651, 
  "sigmaY": 0.015216098827297967, 
  "t": 0.490039, 
  "vh": 0.14443839293508703, 
  "vx": 2.7744618201761835, 
  "vy": -0.49908346362890516
}