{
  "h": -0.060286510193677124, 
  "t": 0.12001953125000001, 
  "x": -0.61957905840519212, 
  "y": 0.6330295714377473
}