{
  "sigmaH": 0.018570190410973551, 
  "sigmaX": 0.045371223887411813, 
  "sigmaY": 0.001, 
  "t": 0.110059, 
  "vh": -0.61128153547285424, 
  "vx": 1.529874159787074, 
  "vy": 0.006574760847447637
}