{
  "covariance": {
    "row_0": [
      0.00042073325904204667, 
      0.0, 
      0.0
    ], 
    "row_1": [
      0.0, 
      5.0924707695970086e-05, 
      0.0
    ], 
    "row_2": [
      0.0, 
      0.0, 
      0.00013931011492585414
    ]
  }, 
  "h": -0.13829948372349821, 
  "t": 0.52002000000000004, 
  "x": 0.30667204683201882, 
  "y": 0.51749524474580477
}