{
  "covariance": {
    "row_0": [
      4.6427489371488876e-05, 
      0.0, 
      0.0
    ], 
    "row_1": [
      0.0, 
      2.6764067232906579e-05, 
      0.0
    ], 
    "row_2": [
      0.0, 
      0.0, 
      4.7138536629872005e-06
    ]
  }, 
  "h": -0.013822654086862403, 
  "t": 0.050000000000000003, 
  "x": -0.72796128748273303, 
  "y": 0.63476576207110003
}