{
  "h": -0.13831434343540783, 
  "t": 0.5, 
  "x": 0.24970982266251227, 
  "y": 0.53045123032219021
}