{
  "covariance": {
    "row_0": [
      2.4045744242581281e-05, 
      -9.1293364266040961e-07, 
      7.7526400559737231e-06
    ], 
    "row_1": [
      -9.1293364266040961e-07, 
      2.2429064030885793e-05, 
      -2.460224745921278e-06
    ], 
    "row_2": [
      7.7526400559737214e-06, 
      -2.4602247459212784e-06, 
      8.8674980060397243e-05
    ]
  }, 
  "h": -0.14264880200132896, 
  "t": 0.33007799999999998, 
  "x": -0.20477120320827985, 
  "y": 0.59769284111997523
}