{
  "h": -0.13947990913705716, 
  "t": 0.330078125, 
  "x": -0.20660813269094794, 
  "y": 0.60048386480275961
}