{
  "sigmaH": 0.016752969816751034, 
  "sigmaX": 0.048777426142948686, 
  "sigmaY": 0.0010011449936756661, 
  "t": 0.140039, 
  "vh": -0.55540041274207597, 
  "vx": 1.4975602917430584, 
  "vy": -0.033207704994512539
}