{
  "covariance": {
    "row_0": [
      2.3015642753984012e-05, 
      -8.9752461506914798e-07, 
      6.3444878192984461e-06
    ], 
    "row_1": [
      -8.9752461506914798e-07, 
      2.1499434151470503e-05, 
      -2.0047433363157605e-06
    ], 
    "row_2": [
      6.3444878192984435e-06, 
      -2.0047433363157609e-06, 
      7.5954681724573357e-05
    ]
  }, 
  "h": -0.14102641675698921, 
  "t": 0.32002000000000003, 
  "x": -0.22862210723513199, 
  "y": 0.60060742055413319
}