{
  "covariance": {
    "row_0": [
      0.00011685832755596029, 
      -3.7031513415454531e-05, 
      5.4673495275588037e-06
    ], 
    "row_1": [
      -3.7031513415454531e-05, 
      3.4788557956884782e-05, 
      -1.9237090786626644e-06
    ], 
    "row_2": [
      5.4673495275588037e-06, 
      -1.9237090786626644e-06, 
      3.0345173495969397e-05
    ]
  }, 
  "h": -0.13388357519405455, 
  "t": 0.29003899999999999, 
  "x": -0.295501000957333, 
  "y": 0.60835666680138301
}