{
  "sigmaH": 0.01, 
  "sigmaX": 0.077180936808019601, 
  "sigmaY": 0.011154683446263561, 
  "t": 0.39003900000000002, 
  "vh": -0.062022172548093994, 
  "vx": 2.5462528013697598, 
  "vy": -0.36393504870610938
}