{
  "sigmaH": 0.01, 
  "sigmaX": 0.086267841196573686, 
  "sigmaY": 0.01440302250589957, 
  "t": 0.47001999999999999, 
  "vh": 0.10778174590514518, 
  "vx": 2.8437424675294816, 
  "vy": -0.49001041449617444
}