{
  "h": -0.028300317910494519, 
  "t": 0.070019531250000003, 
  "x": -0.69325611864734227, 
  "y": 0.63197467126935192
}