{
  "covariance": {
    "row_0": [
      5.3625921532862107e-05, 
      -1.3940720518806259e-05, 
      1.9262979193014779e-06
    ], 
    "row_1": [
      -1.3940720518806259e-05, 
      2.2738673066758789e-05, 
      -6.2104529697664376e-07
    ], 
    "row_2": [
      1.9262979193014779e-06, 
      -6.2104529697664387e-07, 
      2.3843581029722147e-05
    ]
  }, 
  "h": -0.11570395046189558, 
  "t": 0.230078, 
  "x": -0.42270294254014046, 
  "y": 0.62066327956921918
}