{
  "h": -0.14275839885359454, 
  "t": 0.47001953125000001, 
  "x": 0.16125979616382485, 
  "y": 0.5456475137256982
}