{
  "sigmaH": 0.011295388748759136, 
  "sigmaX": 0.05900712803091164, 
  "sigmaY": 0.0046580053269908595, 
  "t": 0.230078, 
  "vh": -0.37267772101475743, 
  "vx": 1.8832623043713803, 
  "vy": -0.15018876109175611
}