{
  "h": -0.092029875511144416, 
  "t": 0.18007812500000001, 
  "x": -0.51856383290966479, 
  "y": 0.62982238602372886
}