{
  "covariance": {
    "row_0": [
      0.00076784318110027989, 
      0.0, 
      0.0
    ], 
    "row_1": [
      0.0, 
      7.3902636137241839e-05, 
      0.0
    ], 
    "row_2": [
      0.0, 
      0.0, 
      0.00015924435651481711
    ]
  }, 
  "h": -0.11435054912132636, 
  "t": 0.59999999999999998, 
  "x": 0.54652286425014918, 
  "y": 0.46901472971586156
}