{
  "covariance": {
    "row_0": [
      0.00017610899685975687, 
      0.0, 
      -6.5335247214328766e-06
    ], 
    "row_1": [
      0.0, 
      3.4066399454547797e-05, 
      0.0
    ], 
    "row_2": [
      -6.5335247214328783e-06, 
      0.0, 
      0.00012165589092469339
    ]
  }, 
  "h": -0.1485594965682567, 
  "t": 0.44003900000000001, 
  "x": 0.077043476474529166, 
  "y": 0.55710618158738623
}