{
  "sigmaH": 0.022814317987708211, 
  "sigmaX": 0.037416021876924783, 
  "sigmaY": 0.0030602703873587414, 
  "t": 0.040038999999999998, 
  "vh": -0.81427282256612599, 
  "vx": 1.2214447409524858, 
  "vy": 0.10265373219591119
}