{
  "h": -0.13772004456842385, 
  "t": 0.32001953125000004, 
  "x": -0.23019244855304599, 
  "y": 0.60340404393603597
}