{
  "covariance": {
    "row_0": [
      8.7016266907369451e-05, 
      -3.6741395211583572e-05, 
      1.2844806915719071e-07
    ], 
    "row_1": [
      -3.6741395211583572e-05, 
      3.3262236482008429e-05, 
      -6.2385457655458304e-08
    ], 
    "row_2": [
      1.2844806915719071e-07, 
      -6.2385457655458304e-08, 
      2.0536816930332773e-05
    ]
  }, 
  "h": -0.098429081596861298, 
  "t": 0.19003900000000001, 
  "x": -0.50583895880261842, 
  "y": 0.62830433611364167
}