{
  "h": -0.14146983148077893, 
  "t": 0.48007812500000002, 
  "x": 0.1905580995229991, 
  "y": 0.54068472822403046
}