{
  "h": -0.077043361708091535, 
  "t": 0.15000000000000002, 
  "x": -0.57086110814397351, 
  "y": 0.63203898734062569
}