{
  "covariance": {
    "row_0": [
      3.2400565659495631e-05, 
      0.0, 
      0.0
    ], 
    "row_1": [
      0.0, 
      2.5822799019013064e-05, 
      0.0
    ], 
    "row_2": [
      0.0, 
      0.0, 
      2.2114940055988219e-06
    ]
  }, 
  "h": 0.0098960479074587954, 
  "t": 0.02002, 
  "x": -0.76558386458616079, 
  "y": 0.63171864847599546
}