{
  "covariance": {
    "row_0": [
      3.160120404352555e-05, 
      -1.4664282411063351e-06, 
      1.9208973518606037e-05
    ], 
    "row_1": [
      -1.4664282411063351e-06, 
      2.861726481890507e-05, 
      -6.1413640562451062e-06
    ], 
    "row_2": [
      1.9208973518606037e-05, 
      -6.1413640562451079e-06, 
      0.00019147736952927272
    ]
  }, 
  "h": -0.14870710994972772, 
  "t": 0.39003900000000002, 
  "x": -0.05545127570475486, 
  "y": 0.57741983072475067
}