{
  "sigmaH": 0.011126864055529864, 
  "sigmaX": 0.089999999999986355, 
  "sigmaY": 0.019682069256054317, 
  "t": 0.59999999999999998, 
  "vh": 0.36959342144331542, 
  "vx": 3.0936380520423836, 
  "vy": -0.64199275040489323
}