{
  "sigmaH": 0.019179876799263189, 
  "sigmaX": 0.044228426387997496, 
  "sigmaY": 0.001, 
  "t": 0.10000000000000001, 
  "vh": -0.65623104122505804, 
  "vx": 1.4656512777171575, 
  "vy": 0.020980436733868842
}