{
  "sigmaH": 0.01, 
  "sigmaX": 0.081729936562973393, 
  "sigmaY": 0.012780836089060017, 
  "t": 0.43007800000000002, 
  "vh": 0.04214556367677931, 
  "vx": 2.7255061549678392, 
  "vy": -0.41235295799971072
}