{
  "covariance": {
    "row_0": [
      0.00013061410186918185, 
      -4.2057316975956009e-05, 
      6.2503329482481067e-06
    ], 
    "row_1": [
      -4.2057316975956009e-05, 
      3.7403473164544656e-05, 
      -2.2168246867778774e-06
    ], 
    "row_2": [
      6.2503329482481067e-06, 
      -2.2168246867778774e-06, 
      3.1494346458687335e-05
    ]
  }, 
  "h": -0.13609364379595959, 
  "t": 0.29999999999999999, 
  "x": -0.27185049220850377, 
  "y": 0.60598372244244658
}