{
  "covariance": {
    "row_0": [
      0.00027791572147768142, 
      0.0, 
      -1.706028267348657e-05
    ], 
    "row_1": [
      0.0, 
      3.8900578447222884e-05, 
      0.0
    ], 
    "row_2": [
      -1.706028267348657e-05, 
      0.0, 
      0.00013572824698110451
    ]
  }, 
  "h": -0.14484548545039586, 
  "t": 0.480078, 
  "x": 0.19085755444711439, 
  "y": 0.53795208834247343
}