{
  "covariance": {
    "row_0": [
      3.3755997613578536e-05, 
      -1.0249761390742114e-05, 
      4.1773545579842093e-08
    ], 
    "row_1": [
      -1.0249761390742114e-05, 
      1.8760206744985355e-05, 
      -2.2571178951864949e-08
    ], 
    "row_2": [
      4.1773545579842093e-08, 
      -2.2571178951864949e-08, 
      1.065761315169242e-05
    ]
  }, 
  "h": -0.055843712112143819, 
  "t": 0.110059, 
  "x": -0.63891969469810606, 
  "y": 0.63250746828570281
}