{
  "h": -0.1357758138238043, 
  "t": 0.31005859375, 
  "x": -0.25317018795601359, 
  "y": 0.60616088844192151
}