{
  "sigmaH": 0.01, 
  "sigmaX": 0.090000000000003411, 
  "sigmaY": 0.016029175148696367, 
  "t": 0.51005900000000004, 
  "vh": 0.18219692619601044, 
  "vx": 2.8472876779553045, 
  "vy": -0.54072683849852954
}