{
  "sigmaH": 0.01, 
  "sigmaX": 0.073774734552481014, 
  "sigmaY": 0.0099370520771442442, 
  "t": 0.36005900000000002, 
  "vh": -0.1244265736431289, 
  "vx": 2.5167404939457496, 
  "vy": -0.32499328931601046
}