{
  "covariance": {
    "row_0": [
      7.1758176880539593e-05, 
      0.0, 
      0.0
    ], 
    "row_1": [
      0.0, 
      2.7447528082866061e-05, 
      0.0
    ], 
    "row_2": [
      0.0, 
      0.0, 
      8.9981865126716563e-06
    ]
  }, 
  "h": -0.042280461442796693, 
  "t": 0.090038999999999994, 
  "x": -0.67178260864968664, 
  "y": 0.63692578194527782
}