{
  "covariance": {
    "row_0": [
      9.6366379935810181e-05, 
      -4.1352977615836964e-05, 
      1.4431509877174396e-07
    ], 
    "row_1": [
      -4.1352977615836964e-05, 
      3.5865432937161981e-05, 
      -6.9993850223620215e-08
    ], 
    "row_2": [
      1.4431509877174396e-07, 
      -6.9993850223620215e-08, 
      2.1738277449793664e-05
    ]
  }, 
  "h": -0.10286955104247211, 
  "t": 0.20000000000000001, 
  "x": -0.48756470081370268, 
  "y": 0.62721046441786543
}