{
  "covariance": {
    "row_0": [
      2.9376046246657008e-05, 
      -8.0645620225026788e-06, 
      3.5124019588356914e-08
    ], 
    "row_1": [
      -8.0645620225026788e-06, 
      1.7577282159292131e-05, 
      -1.972194168098811e-08
    ], 
    "row_2": [
      3.5124019588356914e-08, 
      -1.972194168098811e-08, 
      9.4728606163275771e-06
    ]
  }, 
  "h": -0.049694831146822958, 
  "t": 0.10000000000000095, 
  "x": -0.65430869887140275, 
  "y": 0.63244133276633829
}