{
  "sigmaH": 0.01796642330800708, 
  "sigmaX": 0.046502926265472748, 
  "sigmaY": 0.001, 
  "t": 0.12002, 
  "vh": -0.58168685030215106, 
  "vx": 1.526501616809645, 
  "vy": -0.0056137284936143327
}