{
  "sigmaH": 0.022210550884741762, 
  "sigmaX": 0.038547724254985719, 
  "sigmaY": 0.0026557153396385047, 
  "t": 0.050000000000000003, 
  "vh": -0.72660406464230576, 
  "vx": 1.3019335003731518, 
  "vy": 0.082905100724836769
}