{
  "covariance": {
    "row_0": [
      7.9416243491136731e-05, 
      0.0, 
      0.0
    ], 
    "row_1": [
      0.0, 
      2.7551999436377785e-05, 
      0.0
    ], 
    "row_2": [
      0.0, 
      0.0, 
      1.0180875924409486e-05
    ]
  }, 
  "h": -0.048817178844439507, 
  "t": 0.10000000000000001, 
  "x": -0.65718325627234597, 
  "y": 0.63713476807558389
}