{
  "h": -0.087221579001062033, 
  "t": 0.17001953125000002, 
  "x": -0.5364341612746879, 
  "y": 0.63069995878861351
}