{
  "sigmaH": 0.01, 
  "sigmaX": 0.071500234675004062, 
  "sigmaY": 0.0091239757557465273, 
  "t": 0.34003899999999998, 
  "vh": -0.13612324081433741, 
  "vx": 2.3932286206950213, 
  "vy": -0.29859117715163958
}