{
  "sigmaH": 0.01, 
  "sigmaX": 0.085136138818511994, 
  "sigmaY": 0.013998467458178992, 
  "t": 0.460059, 
  "vh": 0.099349892646042701, 
  "vx": 2.8112106753760249, 
  "vy": -0.47696615528318059
}