{
  "covariance": {
    "row_0": [
      2.1147092984967198e-05, 
      -9.2287720535445024e-07, 
      3.9315729703892631e-06
    ], 
    "row_1": [
      -9.2287720535445024e-07, 
      1.9736574779606847e-05, 
      -1.2212956168896646e-06
    ], 
    "row_2": [
      3.9315729703892622e-06, 
      -1.2212956168896648e-06, 
      5.4071371460055909e-05
    ]
  }, 
  "h": -0.13674873357859288, 
  "t": 0.29999999999999616, 
  "x": -0.27331614904497614, 
  "y": 0.60596186918625006
}