{
  "h": -0.12394884611148249, 
  "t": 0.56005859375, 
  "x": 0.42988560391251907, 
  "y": 0.49634873273471525
}