{
  "covariance": {
    "row_0": [
      5.2027643026199428e-05, 
      0.0, 
      0.0
    ], 
    "row_1": [
      0.0, 
      2.6998462696435733e-05, 
      0.0
    ], 
    "row_2": [
      0.0, 
      0.0, 
      5.704570125458811e-06
    ]
  }, 
  "h": -0.021418728209168882, 
  "t": 0.060059000000000001, 
  "x": -0.71487905901839699, 
  "y": 0.63554088018296073
}