{
  "covariance": {
    "row_0": [
      2.5128906162973678e-05, 
      -9.4808032755215269e-07, 
      9.2833416443390321e-06
    ], 
    "row_1": [
      -9.4808032755215269e-07, 
      2.3379383597057961e-05, 
      -2.9542919543856537e-06
    ], 
    "row_2": [
      9.2833416443390304e-06, 
      -2.9542919543856542e-06, 
      0.0001024716810303403
    ]
  }, 
  "h": -0.14400472560308056, 
  "t": 0.34003899999999998, 
  "x": -0.18093225291753676, 
  "y": 0.59471857440436771
}