{
  "sigmaH": 0.01, 
  "sigmaX": 0.082861638941035071, 
  "sigmaY": 0.013185391136780253, 
  "t": 0.44003900000000001, 
  "vh": 0.03264546187174748, 
  "vx": 2.6506239421389091, 
  "vy": -0.45380418051594679
}