{
  "covariance": {
    "row_0": [
      0.00045868803546416411, 
      0.0, 
      0.0
    ], 
    "row_1": [
      0.0, 
      5.3371124084512096e-05, 
      0.0
    ], 
    "row_2": [
      0.0, 
      0.0, 
      0.00014169451682765068
    ]
  }, 
  "h": -0.13591492175890663, 
  "t": 0.53007800000000005, 
  "x": 0.33798409358339515, 
  "y": 0.51182193151653377
}