{
  "sigmaH": 0.012508842240015652, 
  "sigmaX": 0.056732628153435875, 
  "sigmaY": 0.0038449290055921209, 
  "t": 0.210059, 
  "vh": -0.43061386001745466, 
  "vx": 1.9241695742647515, 
  "vy": -0.1266961064488685
}