{
  "h": -0.14445061947261295, 
  "t": 0.37001953125000003, 
  "x": -0.10917620386911493, 
  "y": 0.58753638001678543
}