{
  "h": -0.054317165429280459, 
  "t": 0.11005859375, 
  "x": -0.63501211528775103, 
  "y": 0.63308938229216405
}