{
  "h": -0.1453864167638827, 
  "t": 0.44003906250000002, 
  "x": 0.076206804263940928, 
  "y": 0.55962695848884347
}