{
  "sigmaH": 0.017356736919717397, 
  "sigmaX": 0.047645723764887404, 
  "sigmaY": 0.001, 
  "t": 0.130078, 
  "vh": -0.57721454289095298, 
  "vx": 1.6485690764871277, 
  "vy": -0.018689625466276599
}