{
  "covariance": {
    "row_0": [
      9.2166863160869194e-05, 
      -2.8012427440325345e-05, 
      4.0703107640038399e-06
    ], 
    "row_1": [
      -2.8012427440325341e-05, 
      3.0089476894373536e-05, 
      -1.4040057466173713e-06
    ], 
    "row_2": [
      4.0703107640038399e-06, 
      -1.4040057466173713e-06, 
      2.8106550738591947e-05
    ]
  }, 
  "h": -0.12881226190675549, 
  "t": 0.27001999999999998, 
  "x": -0.34068030605456645, 
  "y": 0.61300839737731383
}