{
  "covariance": {
    "row_0": [
      0.00062558930981614471, 
      0.0, 
      0.0
    ], 
    "row_1": [
      0.0, 
      6.4300569843324089e-05, 
      0.0
    ], 
    "row_2": [
      0.0, 
      0.0, 
      0.00015136308552337124
    ]
  }, 
  "h": -0.12483528482010461, 
  "t": 0.57001999999999997, 
  "x": 0.45779694948530714, 
  "y": 0.48790837729580516
}