{
  "sigmaH": 0.01, 
  "sigmaX": 0.072631937053065684, 
  "sigmaY": 0.0095285308034660822, 
  "t": 0.34999999999999998, 
  "vh": -0.13681353167797136, 
  "vx": 2.2602867231246222, 
  "vy": -0.31254708010659416
}