{
  "covariance": {
    "row_0": [
      7.0217153487020696e-05, 
      -2.8434269634062093e-05, 
      1.0031676608417581e-07
    ], 
    "row_1": [
      -2.8434269634062093e-05, 
      2.8616756137880355e-05, 
      -4.9072273256654128e-08
    ], 
    "row_2": [
      1.0031676608417581e-07, 
      -4.9072273256654128e-08, 
      1.8070769830696394e-05
    ]
  }, 
  "h": -0.088891450513106957, 
  "t": 0.17002, 
  "x": -0.54067991594186682, 
  "y": 0.63012160505928316
}