{
  "sigmaH": 0.01, 
  "sigmaX": 0.087410638695988946, 
  "sigmaY": 0.014811543779578072, 
  "t": 0.480078, 
  "vh": 0.11756000714742848, 
  "vx": 2.8985318514614913, 
  "vy": -0.48998298168422794
}