{
  "sigmaH": 0.0155395163254949, 
  "sigmaX": 0.051051926020424271, 
  "sigmaY": 0.0018142213150744056, 
  "t": 0.16005900000000001, 
  "vh": -0.498709156387174, 
  "vx": 1.6663620702416879, 
  "vy": -0.059610542696140363
}