{
  "covariance": {
    "row_0": [
      7.1162835308350084e-05, 
      -2.0342760271597782e-05, 
      2.8933954135268912e-06
    ], 
    "row_1": [
      -2.0342760271597782e-05, 
      2.6085904467115663e-05, 
      -9.7073941840412929e-07
    ], 
    "row_2": [
      2.8933954135268912e-06, 
      -9.7073941840412929e-07, 
      2.5961561986196045e-05
    ]
  }, 
  "h": -0.12264601858264726, 
  "t": 0.25, 
  "x": -0.38192959396782478, 
  "y": 0.61708807413977085
}