{
  "covariance": {
    "row_0": [
      0.00030783708549653204, 
      0.0, 
      -2.0182727112507971e-05
    ], 
    "row_1": [
      0.0, 
      4.0153042278513291e-05, 
      0.0
    ], 
    "row_2": [
      -2.0182727112507971e-05, 
      0.0, 
      0.00013962586347258783
    ]
  }, 
  "h": -0.14340673461836945, 
  "t": 0.490039, 
  "x": 0.21849396863788934, 
  "y": 0.53298071796126589
}