{
  "sigmaH": 0.01, 
  "sigmaX": 0.080587139063558175, 
  "sigmaY": 0.012372314815382196, 
  "t": 0.42002, 
  "vh": 0.029535746660666197, 
  "vx": 2.7262307433095518, 
  "vy": -0.41694279339213014
}