{
  "h": -0.13433560333038705, 
  "t": 0.52001953125, 
  "x": 0.30976841641251451, 
  "y": 0.51962631135386117
}