{
  "h": -0.066110950684242276, 
  "t": 0.13007812500000002, 
  "x": -0.60361339253919311, 
  "y": 0.63283286746232659
}