{
  "sigmaH": 0.01190507513704901, 
  "sigmaX": 0.057864330531496984, 
  "sigmaY": 0.0042494840533123576, 
  "t": 0.22001999999999999, 
  "vh": -0.41959142748214578, 
  "vx": 1.9390163208148501, 
  "vy": -0.1460227498835977
}