{
  "covariance": {
    "row_0": [
      3.2873138786144539e-05, 
      -6.364559638928528e-06, 
      8.253905403442099e-07
    ], 
    "row_1": [
      -6.364559638928528e-06, 
      1.8775166366742179e-05, 
      -2.4127282929699705e-07
    ], 
    "row_2": [
      8.2539054034421e-07, 
      -2.4127282929699705e-07, 
      2.0417692963813225e-05
    ]
  }, 
  "h": -0.10344446291686228, 
  "t": 0.19999999999999624, 
  "x": -0.48031455811668089, 
  "y": 0.62490284687464026
}