{
  "covariance": {
    "row_0": [
      3.3114925087804783e-05, 
      -1.6466204333796611e-06, 
      2.167260118704444e-05
    ], 
    "row_1": [
      -1.6466204333796611e-06, 
      2.9758408007145944e-05, 
      -6.9294702263049409e-06
    ], 
    "row_2": [
      2.167260118704444e-05, 
      -6.9294702263049425e-06, 
      0.00021349329331442904
    ]
  }, 
  "h": -0.14911917710116074, 
  "t": 0.40000000000000002, 
  "x": -0.029048336332392392, 
  "y": 0.57343521654978258
}