{
  "covariance": {
    "row_0": [
      8.1274666390818227e-05, 
      -2.4034791785402455e-05, 
      3.4583940545544102e-06
    ], 
    "row_1": [
      -2.4034791785402455e-05, 
      2.8014138665239427e-05, 
      -1.1780967728695157e-06
    ], 
    "row_2": [
      3.4583940545544102e-06, 
      -1.1780967728695157e-06, 
      2.7027661432617675e-05
    ]
  }, 
  "h": -0.12573470045913407, 
  "t": 0.26005899999999998, 
  "x": -0.36186944438510993, 
  "y": 0.61515186549026768
}