{
  "sigmaH": 0.01, 
  "sigmaX": 0.064687830163926666, 
  "sigmaY": 0.006688713017508576, 
  "t": 0.28007799999999999, 
  "vh": -0.26031935653491167, 
  "vx": 2.2308333684051891, 
  "vy": -0.21877009439035336
}