{
  "covariance": {
    "row_0": [
      2.8538083433184268e-05, 
      0.0, 
      0.0
    ], 
    "row_1": [
      0.0, 
      2.5432165840255035e-05, 
      0.0
    ], 
    "row_2": [
      0.0, 
      0.0, 
      1.5569265954271182e-06
    ]
  }, 
  "h": 0.01750354626230579, 
  "t": 0.010059, 
  "x": -0.77694126134789399, 
  "y": 0.63036753022426062
}