{
  "h": -0.12298783693887176, 
  "t": 0.26005859375000001, 
  "x": -0.36283242512148262, 
  "y": 0.61796978113077605
}