{
  "covariance": {
    "row_0": [
      4.9602058217865415e-05, 
      -1.8178790264242355e-05, 
      6.6662796530901968e-08
    ], 
    "row_1": [
      -1.8178790264242355e-05, 
      2.3005806420705888e-05, 
      -3.3571971819293087e-08
    ], 
    "row_2": [
      6.6662796530901968e-08, 
      -3.3571971819293087e-08, 
      1.4326362666942772e-05
    ]
  }, 
  "h": -0.072975862211724557, 
  "t": 0.140039, 
  "x": -0.59221570625570508, 
  "y": 0.6319327877337878
}