{
  "h": -0.14102123540215794, 
  "t": 0.34003906250000004, 
  "x": -0.18287518825053684, 
  "y": 0.59745705354953482
}