{
  "sigmaH": 0.01052309695256322, 
  "sigmaX": 0.089999999999991823, 
  "sigmaY": 0.019277514208333912, 
  "t": 0.59003899999999998, 
  "vh": 0.34470930768709518, 
  "vx": 3.0589213472740213, 
  "vy": -0.61457833123389871
}