{
  "h": -0.13360909473173541, 
  "t": 0.30000000000000004, 
  "x": -0.27599189480971281, 
  "y": 0.60880845409504147
}