{
  "covariance": {
    "row_0": [
      3.8539866314567749e-05, 
      -1.2640205577247278e-05, 
      4.9162498978863931e-08
    ], 
    "row_1": [
      -1.2640205577247278e-05, 
      2.0046767817421338e-05, 
      -2.5787956568023423e-08
    ], 
    "row_2": [
      4.9162498978863931e-08, 
      -2.5787956568023423e-08, 
      1.1858138762971508e-05
    ]
  }, 
  "h": -0.061637894828003546, 
  "t": 0.12002, 
  "x": -0.62371421209306521, 
  "y": 0.63245154993617791
}