{
  "h": -0.12871435473755199, 
  "t": 0.28007812500000001, 
  "x": -0.32006120298554519, 
  "y": 0.61364788469394538
}