{
  "sigmaH": 0.01, 
  "sigmaX": 0.066951234920050243, 
  "sigmaY": 0.0074978231129490492, 
  "t": 0.29999999999999999, 
  "vh": -0.22187216162082435, 
  "vx": 2.3743106865605093, 
  "vy": -0.23822350757318142
}