{
  "h": -0.14236209212135187, 
  "t": 0.35000000000000003, 
  "x": -0.15876648325490994, 
  "y": 0.59429591737812171
}