{
  "covariance": {
    "row_0": [
      3.9093789097645374e-05, 
      -8.6358607135112512e-06, 
      1.1485837306653753e-06
    ], 
    "row_1": [
      -8.6358607135112512e-06, 
      1.9962897729083609e-05, 
      -3.4976769960808141e-07
    ], 
    "row_2": [
      1.1485837306653755e-06, 
      -3.4976769960808141e-07, 
      2.1588571192129854e-05
    ]
  }, 
  "h": -0.10777600773477948, 
  "t": 0.210059, 
  "x": -0.46095933636914455, 
  "y": 0.62362841073987063
}