{
  "h": -0.10514873657814017, 
  "t": 0.21005859375000002, 
  "x": -0.4630268253985928, 
  "y": 0.62639416100210166
}