{
  "sigmaH": 0.01, 
  "sigmaX": 0.090000000000003411, 
  "sigmaY": 0.018872959160613673, 
  "t": 0.58007799999999998, 
  "vh": 0.33501354284253609, 
  "vx": 2.7282034786489686, 
  "vy": -0.6340170049452748
}