{
  "h": -0.014077255646670409, 
  "t": 0.050000000000000003, 
  "x": -0.72010139925837624, 
  "y": 0.63060344541670199
}