{
  "covariance": {
    "row_0": [
      2.2056521244333503e-05, 
      -9.012236012542416e-07, 
      5.0808812036252065e-06
    ], 
    "row_1": [
      -9.012236012542416e-07, 
      2.0607961856864536e-05, 
      -1.5950125137653145e-06
    ], 
    "row_2": [
      5.0808812036252048e-06, 
      -1.5950125137653148e-06, 
      6.4511032109819123e-05
    ]
  }, 
  "h": -0.13896989108394997, 
  "t": 0.31005899999999997, 
  "x": -0.25152386348340261, 
  "y": 0.60347550309120246
}