{
  "sigmaH": 0.01, 
  "sigmaX": 0.063545032664511669, 
  "sigmaY": 0.006280191743830414, 
  "t": 0.27001999999999998, 
  "vh": -0.3089610930249389, 
  "vx": 2.1272099518666288, 
  "vy": -0.21518603683905246
}