{
  "covariance": {
    "row_0": [
      0.00035006347955214936, 
      0.0, 
      0.0
    ], 
    "row_1": [
      0.0, 
      4.6392732961591112e-05, 
      0.0
    ], 
    "row_2": [
      0.0, 
      0.0, 
      0.00013462428553861176
    ]
  }, 
  "h": -0.14227848848629629, 
  "t": 0.5000000000000151, 
  "x": 0.2479203393297674, 
  "y": 0.52824607539202106
}