{
  "sigmaH": 0.01, 
  "sigmaX": 0.090000000000003411, 
  "sigmaY": 0.017246806517816023, 
  "t": 0.54003900000000005, 
  "vh": 0.24089153413756756, 
  "vx": 3.1170897349561364, 
  "vy": -0.5945526116683959
}