{
  "h": -0.11405076273797791, 
  "t": 0.59003906250000004, 
  "x": 0.51982701016251875, 
  "y": 0.47749796976633768
}