{
  "h": 0.0087369978484857658, 
  "t": 0.02001953125, 
  "x": -0.75746534200114013, 
  "y": 0.62753525828342716
}