{
  "sigmaH": 0.019783643902229621, 
  "sigmaX": 0.043096724009936228, 
  "sigmaY": 0.0010295626968413671, 
  "t": 0.090038999999999994, 
  "vh": -0.6589832458760212, 
  "vx": 1.4499732474402731, 
  "vy": 0.033321010184627277
}