{
  "h": -0.096590037291078262, 
  "t": 0.19003906250000002, 
  "x": -0.50048940035956102, 
  "y": 0.62881835000910546
}