{
  "covariance": {
    "row_0": [
      5.5884238761192297e-05, 
      -2.1314020351587097e-05, 
      7.6795934363995859e-08
    ], 
    "row_1": [
      -2.1314020351587097e-05, 
      2.4701029618234216e-05, 
      -3.8175509028775618e-08
    ], 
    "row_2": [
      7.6795934363995859e-08, 
      -3.8175509028775618e-08, 
      1.556998521509861e-05
    ]
  }, 
  "h": -0.078517353261405229, 
  "t": 0.14999999999999999, 
  "x": -0.57568817739784173, 
  "y": 0.63146799837764966
}