{
  "h": -0.12593834618843563, 
  "t": 0.27001953125, 
  "x": -0.34174085634861778, 
  "y": 0.6158871950377578
}