{
  "h": -0.14351266723293774, 
  "t": 0.36005859375000004, 
  "x": -0.13404011390218531, 
  "y": 0.59096748293553802
}