{
  "h": -0.13641648660554478, 
  "t": 0.51005859375000007, 
  "x": 0.27988560391251338, 
  "y": 0.52508018951121505
}