{
  "covariance": {
    "row_0": [
      0.00010409265681572359, 
      -3.236818420271312e-05, 
      4.7435540713018882e-06
    ], 
    "row_1": [
      -3.236818420271312e-05, 
      3.2360065354058213e-05, 
      -1.6538582666778059e-06
    ], 
    "row_2": [
      4.7435540713018882e-06, 
      -1.6538582666778059e-06, 
      2.9219498098107769e-05
    ]
  }, 
  "h": -0.13143055399478362, 
  "t": 0.28007799999999999, 
  "x": -0.31824258403514705, 
  "y": 0.61080800776793565
}