{
  "h": -0.0066987278978110579, 
  "t": 0.0400390625, 
  "x": -0.73289308047339063, 
  "y": 0.62971903111091221
}