{
  "covariance": {
    "row_0": [
      2.7505666997835092e-05, 
      -1.0835331424937811e-06, 
      1.2791906708195353e-05
    ], 
    "row_1": [
      -1.0835331424937811e-06, 
      2.5381154575147536e-05, 
      -4.0836124826096862e-06
    ], 
    "row_2": [
      1.2791906708195353e-05, 
      -4.083612482609687e-06, 
      0.00013400729961245326
    ]
  }, 
  "h": -0.14661913209640107, 
  "t": 0.36005900000000002, 
  "x": -0.13310164423989201, 
  "y": 0.58833618544219612
}