{
  "h": -0.10094972952510523, 
  "t": 0.20000000000000001, 
  "x": -0.48203920725424182, 
  "y": 0.62767998907629374
}