{
  "covariance": {
    "row_0": [
      0.00071896342934917295, 
      0.0, 
      0.0
    ], 
    "row_1": [
      0.0, 
      7.0570267742339703e-05, 
      0.0
    ], 
    "row_2": [
      0.0, 
      0.0, 
      0.00015645934923296513
    ]
  }, 
  "h": -0.11803206919232323, 
  "t": 0.59003899999999998, 
  "x": 0.51570713561375503, 
  "y": 0.47540961950264471
}