{
  "sigmaH": 0.01, 
  "sigmaX": 0.090000000000003411, 
  "sigmaY": 0.018059882839214936, 
  "t": 0.56005899999999997, 
  "vh": 0.28825275980117748, 
  "vx": 2.9784165842328414, 
  "vy": -0.58784262198434933
}