{
  "covariance": {
    "row_0": [
      6.1993193997611691e-05, 
      -1.6995149865756838e-05, 
      2.3845884396157228e-06
    ], 
    "row_1": [
      -1.6995149865756834e-05, 
      2.4336209931009441e-05, 
      -7.8545029397388972e-07
    ], 
    "row_2": [
      2.3845884396157228e-06, 
      -7.8545029397388983e-07, 
      2.4920211004126625e-05
    ]
  }, 
  "h": -0.11925080845402662, 
  "t": 0.240039, 
  "x": -0.40223072501871171, 
  "y": 0.6189599470352537
}