{
  "covariance": {
    "row_0": [
      0.00038475973592693114, 
      0.0, 
      0.0
    ], 
    "row_1": [
      0.0, 
      4.8615178640299061e-05, 
      0.0
    ], 
    "row_2": [
      0.0, 
      0.0, 
      0.00013696864927551677
    ]
  }, 
  "h": -0.14044576960569335, 
  "t": 0.51005900000000004, 
  "x": 0.27656120608227691, 
  "y": 0.52280690412357245
}