{
  "sigmaH": 0.010691621645792538, 
  "sigmaX": 0.060138830408972915, 
  "sigmaY": 0.0050625603747114379, 
  "t": 0.240039, 
  "vh": -0.35607448972302458, 
  "vx": 2.055237177133697, 
  "vy": -0.17100015399714097
}