{
  "h": -0.035140902381542403, 
  "t": 0.080078125, 
  "x": -0.67919511528036769, 
  "y": 0.63245883608339504
}