{
  "covariance": {
    "row_0": [
      0.0001176421097009782, 
      0.0, 
      -5.9592184803642743e-07
    ], 
    "row_1": [
      0.0, 
      3.0656628457298089e-05, 
      0.0
    ], 
    "row_2": [
      -5.959218480364287e-07, 
      0.0, 
      0.00011267544975803857
    ]
  }, 
  "h": -0.14960278366590912, 
  "t": 0.41005900000000001, 
  "x": -0.0039285139538894967, 
  "y": 0.56992713824604579
}