{
  "sigmaH": 0.01, 
  "sigmaX": 0.090000000000003411, 
  "sigmaY": 0.016842251470095448, 
  "t": 0.53007800000000005, 
  "vh": 0.23708112592877043, 
  "vx": 3.1131484143344914, 
  "vy": -0.56405977622499182
}