{
  "sigmaH": 0.01, 
  "sigmaX": 0.070368532296942274, 
  "sigmaY": 0.0087194207080262924, 
  "t": 0.33007799999999998, 
  "vh": -0.16130296722407486, 
  "vx": 2.3713366501145599, 
  "vy": -0.28977723545018919
}