{
  "covariance": {
    "row_0": [
      7.8335000950513839e-05, 
      -3.2452545256592319e-05, 
      1.138445535795404e-07
    ], 
    "row_1": [
      -3.2452545256592319e-05, 
      3.0855717316338891e-05, 
      -5.5442697176268378e-08
    ], 
    "row_2": [
      1.1384455357954041e-07, 
      -5.5442697176268372e-08, 
      1.9316609197155316e-05
    ]
  }, 
  "h": -0.093670980091870512, 
  "t": 0.18007799999999999, 
  "x": -0.52370922434455802, 
  "y": 0.62927473997646899
}