{
  "h": -0.12954710422241192, 
  "t": 0.5400390625, 
  "x": 0.36982701016251679, 
  "y": 0.50825881215803614
}