{
  "sigmaH": 0.014326062834238682, 
  "sigmaX": 0.053326425897899522, 
  "sigmaY": 0.0026272976364734857, 
  "t": 0.18007799999999999, 
  "vh": -0.47519681634157501, 
  "vx": 1.6872829188018319, 
  "vy": -0.084198158959456523
}