{
  "sigmaH": 0.01, 
  "sigmaX": 0.090000000000003411, 
  "sigmaY": 0.017651361565536604, 
  "t": 0.55000000000000004, 
  "vh": 0.27985115854181275, 
  "vx": 2.8913934478217751, 
  "vy": -0.58527356753632709
}