{
  "h": -0.14606396603516936, 
  "t": 0.40000000000000002, 
  "x": -0.032073234811747849, 
  "y": 0.57639886784367311
}