{
  "h": -0.11754082899759874, 
  "t": 0.580078125, 
  "x": 0.48994419766252134, 
  "y": 0.48389607308389831
}