{
  "h": -0.13126195950759714, 
  "t": 0.2900390625, 
  "x": -0.29821442917523688, 
  "y": 0.61129533185358764
}