{
  "h": -0.14519434006076323, 
  "t": 0.38007812500000004, 
  "x": -0.083687225507991472, 
  "y": 0.58393533209404536
}