{
  "sigmaH": 0.01, 
  "sigmaX": 0.074906436930542636, 
  "sigmaY": 0.010341607124864823, 
  "t": 0.37002000000000002, 
  "vh": -0.075545426666757162, 
  "vx": 2.6031127839754005, 
  "vy": -0.36307590714461474
}