{
  "sigmaH": 0.01, 
  "sigmaX": 0.076049234429957896, 
  "sigmaY": 0.010750128398542983, 
  "t": 0.38007800000000003, 
  "vh": -0.071352853206155559, 
  "vx": 2.6205545774024643, 
  "vy": -0.36534088150889049
}