{
  "h": -0.11289767686224773, 
  "t": 0.23007812500000002, 
  "x": -0.42404643639178313, 
  "y": 0.62342739176760187
}