{
  "h": -0.1091055243326484, 
  "t": 0.22001953125000001, 
  "x": -0.44382142725583057, 
  "y": 0.62498583332195046
}