{
  "sigmaH": 0.013722295731271998, 
  "sigmaX": 0.054458128275960804, 
  "sigmaY": 0.0030318526841940636, 
  "t": 0.19003900000000001, 
  "vh": -0.47767307549350196, 
  "vx": 1.7940232448488702, 
  "vy": -0.097420325552380616
}