{
  "h": -0.14471471647318801, 
  "t": 0.45000000000000001, 
  "x": 0.10408785051977346, 
  "y": 0.55511730549169613
}