{
  "h": -0.1458576475086705, 
  "t": 0.43007812500000003, 
  "x": 0.048701518563324213, 
  "y": 0.56400228656780238
}