{
  "h": -0.14613007090100316, 
  "t": 0.42001953125000002, 
  "x": 0.021307877703175371, 
  "y": 0.56828420328000617
}