{
  "covariance": {
    "row_0": [
      3.0165635176646008e-05, 
      -1.3135696781922614e-06, 
      1.6914593496965624e-05
    ], 
    "row_1": [
      -1.3135696781922614e-06, 
      2.7509471898308018e-05, 
      -5.4065427902736215e-06
    ], 
    "row_2": [
      1.6914593496965624e-05, 
      -5.4065427902736232e-06, 
      0.00017095291613146346
    ]
  }, 
  "h": -0.14808930708897616, 
  "t": 0.38007800000000003, 
  "x": -0.080814499859199029, 
  "y": 0.5810449877449122
}