{
  "h": -0.082258512741609432, 
  "t": 0.16005859375000001, 
  "x": -0.5537533887873487, 
  "y": 0.63143402805589754
}