{
  "sigmaH": 0.023418085090674657, 
  "sigmaX": 0.036284319498863848, 
  "sigmaY": 0.0034648254350793193, 
  "t": 0.030078000000000001, 
  "vh": -0.83217611064207664, 
  "vx": 1.2415198291492364, 
  "vy": 0.11918493342423145
}