{
  "h": -0.021324694641153785, 
  "t": 0.06005859375, 
  "x": -0.70680300489979964, 
  "y": 0.63136022371090161
}