{
  "covariance": {
    "row_0": [
      0.00010113356899463457, 
      0.0, 
      1.0565779597762241e-06
    ], 
    "row_1": [
      0.0, 
      2.9552844766074361e-05, 
      0.0
    ], 
    "row_2": [
      1.0565779597762224e-06, 
      0.0, 
      0.0001099395281094154
    ]
  }, 
  "h": -0.14965388238788771, 
  "t": 0.40000000000001512, 
  "x": -0.030143802024653842, 
  "y": 0.57392565532092565
}