{
  "h": -0.13203089197708839, 
  "t": 0.53007812500000007, 
  "x": 0.33994419766251566, 
  "y": 0.5139826570627295
}