{
  "h": 0.016718899622770567, 
  "t": 0.010058593750000001, 
  "x": -0.76912605762349584, 
  "y": 0.62624655231210968
}