{
  "sigmaH": 0.01, 
  "sigmaX": 0.083993341319096831, 
  "sigmaY": 0.013589946184500832, 
  "t": 0.45000000000000001, 
  "vh": 0.046041363807281133, 
  "vx": 2.8166005127915836, 
  "vy": -0.45648510393966341
}