{
  "sigmaH": 0.01, 
  "sigmaX": 0.089650460295541815, 
  "sigmaY": 0.015620653875018205, 
  "t": 0.5, 
  "vh": 0.1883031064638449, 
  "vx": 3.1692893881571691, 
  "vy": -0.50524804782428123
}