{
  "covariance": {
    "row_0": [
      4.3847836914518436e-05, 
      -1.5296156195703843e-05, 
      5.7494568580023275e-08
    ], 
    "row_1": [
      -1.5296156195703843e-05, 
      2.1468984964303524e-05, 
      -2.9468519251231639e-08
    ], 
    "row_2": [
      5.7494568580023275e-08, 
      -2.9468519251231639e-08, 
      1.309093936626829e-05
    ]
  }, 
  "h": -0.067443518700400745, 
  "t": 0.130078, 
  "x": -0.6071329043217577, 
  "y": 0.63226356968323816
}