{
  "h": -0.071677390969120333, 
  "t": 0.14003906250000001, 
  "x": -0.5874251306191911, 
  "y": 0.63250308986057036
}