{
  "sigmaH": 0.010087854542825979, 
  "sigmaX": 0.061270532787034537, 
  "sigmaY": 0.0054671154224320163, 
  "t": 0.25, 
  "vh": -0.34085032914573249, 
  "vx": 2.0380615451146391, 
  "vy": -0.18792017824343032
}