{
  "covariance": {
    "row_0": [
      3.6688426026608873e-05, 
      0.0, 
      0.0
    ], 
    "row_1": [
      0.0, 
      2.6178193984022783e-05, 
      0.0
    ], 
    "row_2": [
      0.0, 
      0.0, 
      2.9675174347070293e-06
    ]
  }, 
  "h": 0.0015260205866207879, 
  "t": 0.030078000000000001, 
  "x": -0.75309665814457771, 
  "y": 0.6329174105363764
}