{
  "sigmaH": 0.013118528628305355, 
  "sigmaX": 0.055589830654021399, 
  "sigmaY": 0.0034364077319139594, 
  "t": 0.20000000000000001, 
  "vh": -0.44578550804244721, 
  "vx": 1.8345806634791424, 
  "vy": -0.10981544983196632
}