{
  "h": -0.14619839716627228, 
  "t": 0.41005859375000003, 
  "x": -0.0054422029599978461, 
  "y": 0.57238956461162571
}