{
  "sigmaH": 0.01, 
  "sigmaX": 0.06581953254198844, 
  "sigmaY": 0.0070932680652284709, 
  "t": 0.29003899999999999, 
  "vh": -0.24626254384810164, 
  "vx": 2.2830622505585856, 
  "vy": -0.24609386271987294
}