{
  "h": 0.00088026939695512246, 
  "t": 0.030078125000000001, 
  "x": -0.74530900113318943, 
  "y": 0.62870029188693421
}