{
  "h": -0.11980497386631986, 
  "t": 0.25, 
  "x": -0.38374946947615646, 
  "y": 0.61993647799443208
}