{
  "sigmaH": 0.01, 
  "sigmaX": 0.069225734797527194, 
  "sigmaY": 0.0083108994343477887, 
  "t": 0.32002000000000003, 
  "vh": -0.20645775253882526, 
  "vx": 2.2991422797179508, 
  "vy": -0.28793118532971146
}