{
  "covariance": {
    "row_0": [
      2.8792405631606369e-05, 
      -1.1854910229357158e-06, 
      1.4763565646803947e-05
    ], 
    "row_1": [
      -1.1854910229357158e-06, 
      2.6423979854440107e-05, 
      -4.7167603516327473e-06
    ], 
    "row_2": [
      1.4763565646803947e-05, 
      -4.716760351632749e-06, 
      0.00015168840544089378
    ]
  }, 
  "h": -0.14737164009142864, 
  "t": 0.37002000000000002, 
  "x": -0.10717203779871305, 
  "y": 0.58471958633112864
}