{
  "sigmaH": 0.021600864496452116, 
  "sigmaX": 0.039690521754400375, 
  "sigmaY": 0.0022471940659603432, 
  "t": 0.060059000000000001, 
  "vh": -0.75515201534014109, 
  "vx": 1.3005496037713582, 
  "vy": 0.077057173860296438
}