{
  "h": -0.14383300362380794, 
  "t": 0.46005859375000002, 
  "x": 0.13262354487054884, 
  "y": 0.5504271334701849
}