{
  "h": -0.12686284692182859, 
  "t": 0.55000000000000004, 
  "x": 0.39970982266251792, 
  "y": 0.50240064233515436
}