{
  "h": -0.11645156013723723, 
  "t": 0.24003906250000001, 
  "x": -0.40408583321157771, 
  "y": 0.62174909734011119
}