{
  "h": -0.13999232223104682, 
  "t": 0.49003906250000001, 
  "x": 0.21994955585371864, 
  "y": 0.53563514173220461
}