{
  "covariance": {
    "row_0": [
      0.00033969745621189202, 
      0.0, 
      -2.3517813980944407e-05
    ], 
    "row_1": [
      0.0, 
      4.1425350414003692e-05, 
      0.0
    ], 
    "row_2": [
      -2.3517813980944407e-05, 
      0.0, 
      0.00014369023642369963
    ]
  }, 
  "h": -0.14153104737488309, 
  "t": 0.5, 
  "x": 0.25006326023332287, 
  "y": 0.52794794215688823
}