{
  "covariance": {
    "row_0": [
      6.4669475392033668e-05, 
      0.0, 
      0.0
    ], 
    "row_1": [
      0.0, 
      2.7340175603926049e-05, 
      0.0
    ], 
    "row_2": [
      0.0, 
      0.0, 
      7.8547509478097895e-06
    ]
  }, 
  "h": -0.03571632933062565, 
  "t": 0.080077999999999996, 
  "x": -0.68622579216743917, 
  "y": 0.63659387136282874
}