{
  "h": -0.11036022693245021, 
  "t": 0.60000000000000009, 
  "x": 0.54970982266251422, 
  "y": 0.47096554153058862
}