{
  "h": -0.12086168433138039, 
  "t": 0.57001953125000004, 
  "x": 0.4597684164125202, 
  "y": 0.49022059616449404
}