{
  "covariance": {
    "row_0": [
      0.00019878808015310348, 
      0.0, 
      -8.8622510061301544e-06
    ], 
    "row_1": [
      0.0, 
      3.5239097590038202e-05, 
      0.0
    ], 
    "row_2": [
      -8.8622510061301561e-06, 
      0.0, 
      0.00012492640312035885
    ]
  }, 
  "h": -0.14810087854337237, 
  "t": 0.45000000000000001, 
  "x": 0.10509963418244612, 
  "y": 0.55255913346704322
}