{
  "covariance": {
    "row_0": [
      4.5954625087224048e-05, 
      -1.1140472837216387e-05, 
      1.5123719269572835e-06
    ], 
    "row_1": [
      -1.1140472837216387e-05, 
      2.1273357079564882e-05, 
      -4.7519039235702974e-07
    ], 
    "row_2": [
      1.5123719269572837e-06, 
      -4.7519039235702974e-07, 
      2.2724711666728686e-05
    ]
  }, 
  "h": -0.11195555794392914, 
  "t": 0.22001999999999999, 
  "x": -0.44164479479750784, 
  "y": 0.62217387812828007
}