{
  "sigmaH": 0.01, 
  "sigmaX": 0.062413330286450047, 
  "sigmaY": 0.0058756366961101774, 
  "t": 0.26005899999999998, 
  "vh": -0.3070565539801971, 
  "vx": 1.9942488898215391, 
  "vy": -0.1924852022570045
}