{
  "sigmaH": 0.01, 
  "sigmaX": 0.090000000000003411, 
  "sigmaY": 0.018464437886935341, 
  "t": 0.57001999999999997, 
  "vh": 0.30047028071305171, 
  "vx": 3.0119930225342069, 
  "vy": -0.62726600894787532
}