{
  "covariance": {
    "row_0": [
      5.8059053471726065e-05, 
      0.0, 
      0.0
    ], 
    "row_1": [
      0.0, 
      2.718953999735183e-05, 
      0.0
    ], 
    "row_2": [
      0.0, 
      0.0, 
      6.7474025308571478e-06
    ]
  }, 
  "h": -0.028737017832042515, 
  "t": 0.070019999999999999, 
  "x": -0.70116482637818456, 
  "y": 0.6361042795936932
}