{
  "covariance": {
    "row_0": [
      2.6277249153111811e-05, 
      -1.004230793002275e-06, 
      1.095501813382788e-05
    ], 
    "row_1": [
      -1.004230793002275e-06, 
      2.4359831688239171e-05, 
      -3.4928439046617753e-06
    ], 
    "row_2": [
      1.095501813382788e-05, 
      -3.4928439046617757e-06, 
      0.00011751021547057235
    ]
  }, 
  "h": -0.14536752519212484, 
  "t": 0.34999999999999998, 
  "x": -0.15841753686849241, 
  "y": 0.59160529293942588
}