{
  "covariance": {
    "row_0": [
      6.2792096248964207e-05, 
      -2.4750438677230577e-05, 
      8.8068547047537994e-08
    ], 
    "row_1": [
      -2.4750438677230577e-05, 
      2.6581280027069331e-05, 
      -4.3365715234501215e-08
    ], 
    "row_2": [
      8.8068547047537994e-08, 
      -4.3365715234501215e-08, 
      1.6828010959496838e-05
    ]
  }, 
  "h": -0.083533868665503816, 
  "t": 0.16005900000000001, 
  "x": -0.55892624133328062, 
  "y": 0.63086837592866918
}