{
  "sigmaH": 0.024631538581930724, 
  "sigmaX": 0.034009819621387917, 
  "sigmaY": 0.0042779017564780588, 
  "t": 0.010059, 
  "vh": -0.86016429468344591, 
  "vx": 1.2088969375339578, 
  "vy": 0.14368748501828202
}