{
  "sigmaH": 0.01, 
  "sigmaX": 0.090000000000003411, 
  "sigmaY": 0.016433730196416946, 
  "t": 0.52002000000000004, 
  "vh": 0.21546891699579743, 
  "vx": 3.0228732807691907, 
  "vy": -0.53324559559960416
}