{
  "covariance": {
    "row_0": [
      0.00058154737670102863, 
      0.0, 
      0.0
    ], 
    "row_1": [
      0.0, 
      6.1384707559581801e-05, 
      0.0
    ], 
    "row_2": [
      0.0, 
      0.0, 
      0.00014892200987303388
    ]
  }, 
  "h": -0.12782826928628732, 
  "t": 0.56005899999999997, 
  "x": 0.42779448698784389, 
  "y": 0.49415657401093493
}