{
  "sigmaH": 0.01, 
  "sigmaX": 0.068094032419465406, 
  "sigmaY": 0.0079063443866275521, 
  "t": 0.31005899999999997, 
  "vh": -0.22081295410639792, 
  "vx": 2.1664465216786208, 
  "vy": -0.24717825778374339
}