{
  "sigmaH": 0.024027771478964285, 
  "sigmaX": 0.035141521999449199, 
  "sigmaY": 0.0038733467087578213, 
  "t": 0.02002, 
  "vh": -0.76372837615169109, 
  "vx": 1.140186403145582, 
  "vy": 0.1356408243885997
}