{
  "covariance": {
    "row_0": [
      0.00049789198857507985, 
      0.0, 
      0.0
    ], 
    "row_1": [
      0.0, 
      5.5910759595096002e-05, 
      0.0
    ], 
    "row_2": [
      0.0, 
      0.0, 
      0.00014407586432978805
    ]
  }, 
  "h": -0.13351540118736233, 
  "t": 0.54003900000000005, 
  "x": 0.36903342443329323, 
  "y": 0.50589959295170484
}