{
  "covariance": {
    "row_0": [
      0.00013549195119701011, 
      0.0, 
      -2.3964198562354384e-06
    ], 
    "row_1": [
      0.0, 
      3.1769600436788492e-05, 
      0.0
    ], 
    "row_2": [
      -2.3964198562354397e-06, 
      0.0, 
      0.00011551919378654156
    ]
  }, 
  "h": -0.14930857809342224, 
  "t": 0.42002, 
  "x": 0.023227470480216943, 
  "y": 0.56577397108106675
}