{
  "sigmaH": 0.01, 
  "sigmaX": 0.078312639186081293, 
  "sigmaY": 0.011559238493983798, 
  "t": 0.40000000000000002, 
  "vh": -0.041368050540410289, 
  "vx": 2.6506313996950581, 
  "vy": -0.40002150135207826
}