{
  "sigmaH": 0.020387411005195987, 
  "sigmaX": 0.041965021631874946, 
  "sigmaY": 0.001434117744561945, 
  "t": 0.080077999999999996, 
  "vh": -0.6939064922035334, 
  "vx": 1.485288746345736, 
  "vy": 0.048676851176734023
}