{
  "covariance": {
    "row_0": [
      0.00067169106623826279, 
      0.0, 
      0.0
    ], 
    "row_1": [
      0.0, 
      6.7380914226480769e-05, 
      0.0
    ], 
    "row_2": [
      0.0, 
      0.0, 
      0.00015384806742516779
    ]
  }, 
  "h": -0.12146571860619439, 
  "t": 0.58007799999999998, 
  "x": 0.48523722007355852, 
  "y": 0.48153143426006556
}