{
  "h": -0.048085870415279813, 
  "t": 0.10000000000000001, 
  "x": -0.65021517214535152, 
  "y": 0.63301347278742837
}