{
  "estimInitialHPosition": 4.8441450874073997, 
  "estimInitialXPosition": -0.92751576756315701, 
  "estimInitialYPosition": -0.075647965952875568, 
  "trueInitialHPosition": 4.8429774827287337, 
  "trueInitialXPosition": -0.92125993672926121, 
  "trueInitialYPosition": -0.072116792777565886
}