{
  "sigmaH": 0.14147786479047952, 
  "sigmaX": 0.067885405282315556, 
  "sigmaY": 0.045140464815254577, 
  "t": 0.25, 
  "vh": -4.7164942651937523, 
  "vx": 2.2139439206170883, 
  "vy": 1.4671069964804233
}