{
  "covariance": {
    "row_0": [
      7.0088339832854183e-05, 
      -9.7078466822361157e-06, 
      8.3445747373654641e-06
    ], 
    "row_1": [
      -9.7078466822361208e-06, 
      0.00011725170272884681, 
      1.183986539314325e-06
    ], 
    "row_2": [
      8.3445747373654658e-06, 
      1.1839865393143257e-06, 
      0.00013413660709629739
    ]
  }, 
  "h": 4.4428241159831323, 
  "t": 0.18007799999999999, 
  "x": -0.62710485690647744, 
  "y": 0.17807707102924658
}