{
  "covariance": {
    "row_0": [
      3.807302019211101e-05, 
      0.0, 
      0.0
    ], 
    "row_1": [
      0.0, 
      3.9214650980752357e-05, 
      0.0
    ], 
    "row_2": [
      0.0, 
      0.0, 
      3.8857556361144271e-06
    ]
  }, 
  "h": 4.811924259978527, 
  "t": 0.030078000000000001, 
  "x": -0.88914902523569539, 
  "y": -0.033497498963894382
}