{
  "covariance": {
    "row_0": [
      3.5878062193060304e-05, 
      0.0, 
      0.0
    ], 
    "row_1": [
      0.0, 
      8.46476965835487e-05, 
      0.0
    ], 
    "row_2": [
      0.0, 
      0.0, 
      0.00012261054080770054
    ]
  }, 
  "h": 0.69253361890973009, 
  "t": 0.060000000000000005, 
  "x": -0.070662642102060733, 
  "y": -0.61402580162067844
}