{
  "covariance": {
    "row_0": [
      0.00010996443750029953, 
      3.5739035991262702e-05, 
      0.0
    ], 
    "row_1": [
      3.5739035991262709e-05, 
      0.00019324647900656664, 
      0.0
    ], 
    "row_2": [
      0.0, 
      0.0, 
      0.00086168329716307325
    ]
  }, 
  "h": -0.0029195312964029434, 
  "t": 0.24000000000000002, 
  "x": -0.27943117800801992, 
  "y": -0.25702787761796997
}