{
  "sigmaH": 0.14382202336697456, 
  "sigmaX": 0.02515631731922038, 
  "sigmaY": 0.065818492309953069, 
  "t": 0.090000000000000011, 
  "vh": -4.6958091950143341, 
  "vx": -0.84110473152797516, 
  "vy": 2.2685222212202958
}