{
  "covariance": {
    "row_0": [
      5.0204414871571941e-05, 
      -6.1472751982537122e-06, 
      2.3604971583060073e-06
    ], 
    "row_1": [
      -6.1472751982537122e-06, 
      0.00013667849629518086, 
      3.0615383731261092e-08
    ], 
    "row_2": [
      2.3604971583060078e-06, 
      3.061538373125601e-08, 
      0.00013732830579124076
    ]
  }, 
  "h": 4.1424838172247638, 
  "t": 0.25, 
  "x": -0.47836631736964574, 
  "y": 0.28033937901203082
}