{
  "covariance": {
    "row_0": [
      6.2419171221026967e-05, 
      0.0, 
      0.0
    ], 
    "row_1": [
      0.0, 
      6.3322680452502532e-05, 
      0.0
    ], 
    "row_2": [
      0.0, 
      0.0, 
      1.5402392454984213e-05
    ]
  }, 
  "h": 4.7477712591462851, 
  "t": 0.070019999999999999, 
  "x": -0.83116230748468389, 
  "y": 0.023804480370176552
}