{
  "h": 4.3594789555897799, 
  "t": 0.20000000000000001, 
  "x": -0.59067935483292777, 
  "y": 0.21544187272198662
}