{
  "covariance": {
    "row_0": [
      6.9981944418659467e-05, 
      2.9935021157038388e-05, 
      -2.6933465866749767e-06
    ], 
    "row_1": [
      2.9935021157038399e-05, 
      0.00013974389629498195, 
      -2.3722743914390101e-06
    ], 
    "row_2": [
      -2.6933465866749767e-06, 
      -2.3722743914390092e-06, 
      0.00071680164312054389
    ]
  }, 
  "h": 0.11455755272237847, 
  "t": 0.20000000000000001, 
  "x": -0.21695075229892583, 
  "y": -0.33198707526553251
}