{
  "covariance": {
    "row_0": [
      8.7074516260561942e-05, 
      0.0, 
      0.0
    ], 
    "row_1": [
      0.0, 
      8.5462330804018485e-05, 
      0.0
    ], 
    "row_2": [
      0.0, 
      0.0, 
      3.4674473299021937e-05
    ]
  }, 
  "h": 4.6825801620071745, 
  "t": 0.10000000000000001, 
  "x": -0.78299176847459484, 
  "y": 0.066697264988822863
}