{
  "covariance": {
    "row_0": [
      0.00041260370468845981, 
      2.4824704411193893e-05, 
      0.0
    ], 
    "row_1": [
      2.4824704411193907e-05, 
      0.00047045227295032619, 
      0.0
    ], 
    "row_2": [
      0.0, 
      0.0, 
      0.0012332983265746964
    ]
  }, 
  "h": -0.22535493751997809, 
  "t": 0.40000000000000002, 
  "x": -0.60880913760549393, 
  "y": 0.00053595551677879279
}