{
  "sigmaH": 0.15576001031949543, 
  "sigmaX": 0.071675507463446878, 
  "sigmaY": 0.045556102217419042, 
  "t": 0.28007799999999999, 
  "vh": -5.1323884167139315, 
  "vx": 2.4373647628909159, 
  "vy": 1.4749203558084421
}