{
  "covariance": {
    "row_0": [
      6.0220083021108064e-05, 
      -7.2519225220551937e-06, 
      8.3191569183404663e-06
    ], 
    "row_1": [
      -7.2519225220551996e-06, 
      9.5145910960035579e-05, 
      8.244037960269275e-07
    ], 
    "row_2": [
      8.319156918340468e-06, 
      8.2440379602692813e-07, 
      0.00012400339247304682
    ]
  }, 
  "h": 4.4794084602476287, 
  "t": 0.17002, 
  "x": -0.64562947542224169, 
  "y": 0.16332525902295952
}