{
  "covariance": {
    "row_0": [
      9.2337313063729719e-05, 
      -1.277874289580854e-05, 
      1.0480631616843273e-05
    ], 
    "row_1": [
      -1.2778742895808545e-05, 
      0.00015449380951353803, 
      1.5730191724647696e-06
    ], 
    "row_2": [
      1.0480631616843274e-05, 
      1.5730191724647705e-06, 
      0.00017279762235370997
    ]
  }, 
  "h": 4.3669119137684786, 
  "t": 0.20000000000000001, 
  "x": -0.5871720427306848, 
  "y": 0.2066419192209398
}