{
  "sigmaH": 0.074911765601904448, 
  "sigmaX": 0.089999999999990088, 
  "sigmaY": 0.027741409813252012, 
  "t": 0.59000000000000008, 
  "vh": 2.5517853700423045, 
  "vx": -3.0757878235911762, 
  "vy": 0.93668527356029418
}