{
  "covariance": {
    "row_0": [
      0.00062699901906216021, 
      -1.6479686027087659e-05, 
      0.0
    ], 
    "row_1": [
      -1.6479686027087645e-05, 
      0.00058859669908761683, 
      0.0
    ], 
    "row_2": [
      0.0, 
      0.0, 
      0.0012327955282216278
    ]
  }, 
  "h": -0.21560005542409086, 
  "t": 0.46000000000000002, 
  "x": -0.76686023097076772, 
  "y": 0.080050132628139176
}