{
  "covariance": {
    "row_0": [
      2.9420506488282331e-05, 
      0.0, 
      0.0
    ], 
    "row_1": [
      0.0, 
      5.090078369219409e-05, 
      0.0
    ], 
    "row_2": [
      0.0, 
      0.0, 
      3.8854560151967682e-05
    ]
  }, 
  "h": 0.85617952008746523, 
  "t": 0.030000000000000002, 
  "x": -0.051904078606173291, 
  "y": -0.68206521514519947
}