{
  "sigmaH": 0.11300631493717354, 
  "sigmaX": 0.060329811973176453, 
  "sigmaY": 0.044311888955094643, 
  "t": 0.19003900000000001, 
  "vh": -3.8812434652305239, 
  "vx": 1.9644256496051988, 
  "vy": 1.4277950286861039
}