{
  "covariance": {
    "row_0": [
      4.1547364368735447e-05, 
      0.0, 
      0.0
    ], 
    "row_1": [
      0.0, 
      0.00011108389283820352, 
      0.0
    ], 
    "row_2": [
      0.0, 
      0.0, 
      0.00019826456783835831
    ]
  }, 
  "h": 0.5936269177006438, 
  "t": 0.080000000000000002, 
  "x": -0.086158256175141945, 
  "y": -0.56835301452374754
}