{
  "sigmaH": 0.065077859338176572, 
  "sigmaX": 0.053495361445477951, 
  "sigmaY": 0.052110742611140813, 
  "t": 0.27000000000000002, 
  "vh": -2.1277211634300159, 
  "vx": -1.7675812371515003, 
  "vy": 1.789310225072366
}