{
  "h": 3.9351394896195471, 
  "t": 0.2900390625, 
  "x": -0.3870086117362016, 
  "y": 0.35091394346788446
}