{
  "h": -0.21900228776992345, 
  "t": 0.42000000000000004, 
  "x": -0.66309115523674245, 
  "y": 0.02282857495697849
}