{
  "covariance": {
    "row_0": [
      0.00033342621332623954, 
      3.3849407093445163e-05, 
      0.0
    ], 
    "row_1": [
      3.3849407093445177e-05, 
      0.00041230488613677691, 
      0.0
    ], 
    "row_2": [
      0.0, 
      0.0, 
      0.0012056843454495984
    ]
  }, 
  "h": -0.21217069199795249, 
  "t": 0.37, 
  "x": -0.53539133666230754, 
  "y": -0.043667323554302029
}