{
  "covariance": {
    "row_0": [
      0.0005519155749947964, 
      -2.0549052114275263e-06, 
      0.0
    ], 
    "row_1": [
      -2.0549052114275127e-06, 
      0.00054712706583771138, 
      0.0
    ], 
    "row_2": [
      0.0, 
      0.0, 
      0.0012106304543607559
    ]
  }, 
  "h": -0.2257962497067077, 
  "t": 0.44, 
  "x": -0.71180104635291741, 
  "y": 0.054468382016255742
}