{
  "h": 4.2762235557179533, 
  "t": 0.22001953125000001, 
  "x": -0.54833853808124178, 
  "y": 0.24524026440938593
}