{
  "h": 0.7460271912506885, 
  "t": 0.050000000000000003, 
  "x": -0.061761685267338912, 
  "y": -0.64814154843147609
}