{
  "covariance": {
    "row_0": [
      3.0320294582924058e-05, 
      -5.1911747558773944e-06, 
      4.0813027777197557e-06
    ], 
    "row_1": [
      -5.1911747558773986e-06, 
      5.5596314468467421e-05, 
      6.4409207645591904e-07
    ], 
    "row_2": [
      4.0813027777197574e-06, 
      6.4409207645591988e-07, 
      6.1658840334421594e-05
    ]
  }, 
  "h": 4.6080035267375798, 
  "t": 0.130078, 
  "x": -0.7206149890619169, 
  "y": 0.10361087414671991
}