{
  "sigmaH": 0.06552281811342528, 
  "sigmaX": 0.047728952773570421, 
  "sigmaY": 0.042930029540105344, 
  "t": 0.090038999999999994, 
  "vh": -2.122303465922915, 
  "vx": 1.5702834895775051, 
  "vy": 1.3830610324455745
}