{
  "h": 4.7253874828641953, 
  "t": 0.080078125, 
  "x": -0.80906649577953715, 
  "y": 0.040807307649237727
}