{
  "sigmaH": 0.084534765083889393, 
  "sigmaX": 0.05277421866403767, 
  "sigmaY": 0.043483313094935055, 
  "t": 0.130078, 
  "vh": -2.9259367960070013, 
  "vx": 1.7516134176642904, 
  "vy": 1.4458603133466157
}