{
  "sigmaH": 0.12251228842240287, 
  "sigmaX": 0.062852444918410244, 
  "sigmaY": 0.044588530732509464, 
  "t": 0.210059, 
  "vh": -4.2989485493365107, 
  "vx": 2.025533152311616, 
  "vy": 1.4816024882015395
}