{
  "covariance": {
    "row_0": [
      8.480919885961082e-05, 
      -9.7649600746483304e-06, 
      2.3923541928519491e-06
    ], 
    "row_1": [
      -9.7649600746483287e-06, 
      0.0002266744228653001, 
      1.1752551014717292e-05
    ], 
    "row_2": [
      2.3923541928519487e-06, 
      1.1752551014717286e-05, 
      0.00020358858909180847
    ]
  }, 
  "h": 3.9900132893155291, 
  "t": 0.28007799999999999, 
  "x": -0.40765868265140648, 
  "y": 0.32499361643480523
}