{
  "h": 0.41034039429289532, 
  "t": 0.12000000000000001, 
  "x": -0.12042302321424501, 
  "y": -0.4945472970697532
}