{
  "h": -0.023508659141402294, 
  "t": 0.25, 
  "x": -0.29758913272118265, 
  "y": -0.24230096841893284
}