{
  "h": 4.6552501113116147, 
  "t": 0.11005859375, 
  "x": -0.76013271627019341, 
  "y": 0.083844921600361944
}