{
  "covariance": {
    "row_0": [
      9.052138713627857e-05, 
      3.1724762684554268e-05, 
      0.0
    ], 
    "row_1": [
      3.1724762684554275e-05, 
      0.00016444903877516024, 
      0.0
    ], 
    "row_2": [
      0.0, 
      0.0, 
      0.00076987703318127682
    ]
  }, 
  "h": 0.049598229451682324, 
  "t": 0.22, 
  "x": -0.24592834253428214, 
  "y": -0.29365244714161348
}