{
  "sigmaH": 0.10882461713195331, 
  "sigmaX": 0.037751448042001479, 
  "sigmaY": 0.059726159110481181, 
  "t": 0.17000000000000001, 
  "vh": -3.6688797125615089, 
  "vx": -1.2496880575038707, 
  "vy": 1.9576982462283192
}