{
  "covariance": {
    "row_0": [
      1.991723741957791e-05, 
      -4.7735402689337887e-06, 
      2.4316363977448329e-06
    ], 
    "row_1": [
      -4.7735402689337921e-06, 
      4.3353634086360766e-05, 
      6.3032072356227627e-07
    ], 
    "row_2": [
      2.4316363977448345e-06, 
      6.3032072356227712e-07, 
      3.8637106595473316e-05
    ]
  }, 
  "h": 4.6633281527142429, 
  "t": 0.110059, 
  "x": -0.75459056239492028, 
  "y": 0.074488852002143405
}