{
  "h": -0.018024822599785342, 
  "t": 0.58000000000000007, 
  "x": -1.1275476528207651, 
  "y": 0.20534659764599469
}