{
  "covariance": {
    "row_0": [
      5.5506676308576924e-05, 
      0.0, 
      0.0
    ], 
    "row_1": [
      0.0, 
      5.6741336285380162e-05, 
      0.0
    ], 
    "row_2": [
      0.0, 
      0.0, 
      1.1334025185296645e-05
    ]
  }, 
  "h": 4.7657180678515552, 
  "t": 0.060059000000000001, 
  "x": -0.84633188371048895, 
  "y": 0.0094481560156424033
}