{
  "sigmaH": 0.046510871142999351, 
  "sigmaX": 0.042683686883103179, 
  "sigmaY": 0.042376745985275639, 
  "t": 0.050000000000000003, 
  "vh": -1.5219849310352898, 
  "vx": 1.4352560548070732, 
  "vy": 1.4461646288295105
}