{
  "sigmaH": 0.03882980466191055, 
  "sigmaX": 0.062941709487565001, 
  "sigmaY": 0.047541492711536695, 
  "t": 0.33000000000000002, 
  "vh": -1.2725981287338093, 
  "vx": -2.0464808634623921, 
  "vy": 1.5520746001430581
}