{
  "covariance": {
    "row_0": [
      7.2010836449125021e-05, 
      -8.1025443467348473e-06, 
      3.0694828271843585e-06
    ], 
    "row_1": [
      -8.1025443467348473e-06, 
      0.00018612848257673067, 
      4.0096194848326246e-07
    ], 
    "row_2": [
      3.0694828271843581e-06, 
      4.0096194848325737e-07, 
      0.00018624187756840057
    ]
  }, 
  "h": 4.0416348520108381, 
  "t": 0.27001999999999998, 
  "x": -0.43217369743656336, 
  "y": 0.3101588674960839
}