{
  "h": 3.9883963294526565, 
  "t": 0.28007812500000001, 
  "x": -0.41121570201030688, 
  "y": 0.33574308721318635
}