{
  "sigmaH": 0.043204480441288301, 
  "sigmaX": 0.061367318147216694, 
  "sigmaY": 0.04830303436147064, 
  "t": 0.32000000000000001, 
  "vh": -1.4347782558849445, 
  "vx": -2.0516983191729641, 
  "vy": 1.6659033152801883
}