{
  "sigmaH": 0.032275096216343627, 
  "sigmaX": 0.038905890228533961, 
  "sigmaY": 0.041962458055195793, 
  "t": 0.02002, 
  "vh": -1.071629413578058, 
  "vx": 1.3096367181853665, 
  "vy": 1.4543808407583079
}