{
  "covariance": {
    "row_0": [
      0.00019409289100994601, 
      3.9429993630417181e-05, 
      0.0
    ], 
    "row_1": [
      3.9429993630417194e-05, 
      0.00028597590561960296, 
      0.0
    ], 
    "row_2": [
      0.0, 
      0.0, 
      0.0010440148195967663
    ]
  }, 
  "h": -0.1329293228225476, 
  "t": 0.30000234374999624, 
  "x": -0.38703284381152964, 
  "y": -0.15206816151534933
}