{
  "covariance": {
    "row_0": [
      0.00045263073344708733, 
      1.450618790918045e-05, 
      0.0
    ], 
    "row_1": [
      1.4506187909180464e-05, 
      0.00048643424577029149, 
      0.0
    ], 
    "row_2": [
      0.0, 
      0.0, 
      0.0011898439852251501
    ]
  }, 
  "h": -0.23098709439411488, 
  "t": 0.41000000000000003, 
  "x": -0.63251402260560563, 
  "y": 0.014785591249786321
}