{
  "covariance": {
    "row_0": [
      2.4753573924336009e-05, 
      -5.0061455450314967e-06, 
      3.1657530110001742e-06
    ], 
    "row_1": [
      -5.0061455450315001e-06, 
      4.9241660091502317e-05, 
      6.4330851152198258e-07
    ], 
    "row_2": [
      3.1657530110001759e-06, 
      6.4330851152198342e-07, 
      4.9090215729376907e-05
    ]
  }, 
  "h": 4.6374325990318184, 
  "t": 0.12002, 
  "x": -0.73823271681678437, 
  "y": 0.089068411115079654
}