{
  "h": 0.17947963917526819, 
  "t": 0.18000000000000002, 
  "x": -0.19117125745039809, 
  "y": -0.37279512306599022
}