{
  "h": 4.7814572219736737, 
  "t": 0.050000000000000003, 
  "x": -0.85436586525468539, 
  "y": -0.0019544506714144231
}