{
  "sigmaH": 0.01, 
  "sigmaX": 0.077111231550699336, 
  "sigmaY": 0.040687617862130446, 
  "t": 0.42000000000000004, 
  "vh": 0.027885301248847982, 
  "vx": -2.6197912527209462, 
  "vy": 1.3693321348599621
}