{
  "h": 4.7036626526406051, 
  "t": 0.090039062500000003, 
  "x": -0.79322716356767031, 
  "y": 0.055060522886169416
}