{
  "covariance": {
    "row_0": [
      1.4523537689063227e-05, 
      -2.558526339464341e-06, 
      1.4514414548639543e-06
    ], 
    "row_1": [
      -2.558526339464341e-06, 
      4.8959253290818912e-05, 
      -4.0313363987361114e-06
    ], 
    "row_2": [
      1.4514414548639546e-06, 
      -4.0313363987361173e-06, 
      5.7563268580891269e-05
    ]
  }, 
  "h": 4.3636724034698586, 
  "t": 0.19999999999999624, 
  "x": -0.58603612328746013, 
  "y": 0.20631025738887046
}