{
  "h": 4.0405816830750476, 
  "t": 0.27001953125, 
  "x": -0.435237214365923, 
  "y": 0.32046987419452655
}