{
  "covariance": {
    "row_0": [
      4.292151825586054e-05, 
      -5.4025852720127382e-06, 
      -1.8900943333400399e-06
    ], 
    "row_1": [
      -5.4025852720127314e-06, 
      4.6581441684308634e-05, 
      2.2234988323599339e-05
    ], 
    "row_2": [
      -1.890094333340045e-06, 
      2.2234988323599349e-05, 
      0.00016210848371380149
    ]
  }, 
  "h": 3.8855850198454687, 
  "t": 0.29999999999999616, 
  "x": -0.36712746712185618, 
  "y": 0.36333991136273136
}