{
  "covariance": {
    "row_0": [
      2.2805739186096788e-05, 
      8.8653310923908195e-06, 
      -1.0626291443067998e-06
    ], 
    "row_1": [
      8.8653310923908297e-06, 
      4.3463221127068269e-05, 
      -9.6589499488106968e-07
    ], 
    "row_2": [
      -1.0626291443067998e-06, 
      -9.6589499488106883e-07, 
      0.00027507419105512576
    ]
  }, 
  "h": 0.44791517286435523, 
  "t": 0.11, 
  "x": -0.10886233455133064, 
  "y": -0.51233796530900633
}