{
  "covariance": {
    "row_0": [
      0.00038474856582012331, 
      2.8358900644016155e-05, 
      0.0
    ], 
    "row_1": [
      2.8358900644016169e-05, 
      0.00045083280886138648, 
      0.0
    ], 
    "row_2": [
      0.0, 
      0.0, 
      0.0012262846570876697
    ]
  }, 
  "h": -0.22241944150645454, 
  "t": 0.39000000000000001, 
  "x": -0.58440649066468775, 
  "y": -0.013820380829688153
}