{
  "h": 0.28834800306501523, 
  "t": 0.14999999999999999, 
  "x": -0.15343555332180009, 
  "y": -0.43252889759297064
}