{
  "covariance": {
    "row_0": [
      0.00017814773774617332, 
      -4.0519354119406097e-06, 
      3.8607712316465367e-06
    ], 
    "row_1": [
      -4.0519354119405546e-06, 
      0.00020554314367231282, 
      -1.3791731892379102e-05
    ], 
    "row_2": [
      3.860771231646513e-06, 
      -1.379173189237911e-05, 
      0.00099872232702661896
    ]
  }, 
  "h": -0.028478148430573884, 
  "t": 0.58000000000000007, 
  "x": -1.1141822387361089, 
  "y": 0.20473044705395693
}