{
  "h": 0.59341206956716464, 
  "t": 0.080000000000000002, 
  "x": -0.08375347599246051, 
  "y": -0.58079235740515545
}