{
  "covariance": {
    "row_0": [
      6.9188217421466711e-05, 
      -8.9639418111095391e-06, 
      3.0328377313319037e-06
    ], 
    "row_1": [
      -8.9639418111094849e-06, 
      0.0001301256901252175, 
      -1.048604112642848e-05
    ], 
    "row_2": [
      3.03283773133188e-06, 
      -1.0486041126428488e-05, 
      0.00073480887773508306
    ]
  }, 
  "h": -0.16093673098236352, 
  "t": 0.51000000000000001, 
  "x": -0.90568212829432171, 
  "y": 0.13202208699550086
}