{
  "sigmaH": 0.051953832000043589, 
  "sigmaX": 0.058218535466520893, 
  "sigmaY": 0.049826117661338737, 
  "t": 0.29999999999999999, 
  "vh": -1.8357303998148413, 
  "vx": -2.0906199207741212, 
  "vy": 1.6384669822814668
}