{
  "h": -0.20525091949648624, 
  "t": 0.37, 
  "x": -0.53984664697574292, 
  "y": -0.047535286007184561
}