{
  "covariance": {
    "row_0": [
      7.8206464721618083e-05, 
      0.0, 
      0.0
    ], 
    "row_1": [
      0.0, 
      7.7714569669894707e-05, 
      0.0
    ], 
    "row_2": [
      0.0, 
      0.0, 
      2.6922785581110414e-05
    ]
  }, 
  "h": 4.7054161910647814, 
  "t": 0.090038999999999994, 
  "x": -0.79952823278127261, 
  "y": 0.052372622962035945
}