{
  "covariance": {
    "row_0": [
      2.8930721976999472e-05, 
      0.0, 
      0.0
    ], 
    "row_1": [
      0.0, 
      2.938415959927993e-05, 
      0.0
    ], 
    "row_2": [
      0.0, 
      0.0, 
      1.6309285249423854e-06
    ]
  }, 
  "h": 4.835076908031116, 
  "t": 0.010059, 
  "x": -0.91537441268560948, 
  "y": -0.062108289863596261
}