{
  "sigmaH": 0.060703183558799022, 
  "sigmaX": 0.055069752785825606, 
  "sigmaY": 0.051349200961206876, 
  "t": 0.28000000000000003, 
  "vh": -1.9953981136965799, 
  "vx": -1.8171787953927978, 
  "vy": 1.6526787558595688
}