{
  "covariance": {
    "row_0": [
      4.3537458982432099e-05, 
      -5.3836845692387346e-06, 
      6.5133545400663845e-06
    ], 
    "row_1": [
      -5.3836845692387388e-06, 
      6.9416209056627384e-05, 
      6.0230667841553109e-07
    ], 
    "row_2": [
      6.5133545400663862e-06, 
      6.0230667841553194e-07, 
      9.3467140997974409e-05
    ]
  }, 
  "h": 4.5468759215817345, 
  "t": 0.14999999999999999, 
  "x": -0.68411477275743793, 
  "y": 0.13304273368670541
}