{
  "covariance": {
    "row_0": [
      2.5843686005858391e-05, 
      -3.6584344264490386e-06, 
      2.0092097063772939e-06
    ], 
    "row_1": [
      -3.6584344264490386e-06, 
      7.5302826865385859e-05, 
      -5.1935219551878461e-06
    ], 
    "row_2": [
      2.0092097063772943e-06, 
      -5.1935219551878529e-06, 
      8.6429293452745971e-05
    ]
  }, 
  "h": 4.2775488963634976, 
  "t": 0.22001999999999999, 
  "x": -0.54485028859471551, 
  "y": 0.23599071983966036
}