{
  "h": 4.4360310675313288, 
  "t": 0.18007812500000001, 
  "x": -0.63114253089426542, 
  "y": 0.18597209840622983
}