{
  "covariance": {
    "row_0": [
      1.97511214659745e-05, 
      -3.2751116602241733e-06, 
      1.2659781921294352e-06
    ], 
    "row_1": [
      -3.2751116602241733e-06, 
      6.5794568970991416e-05, 
      -5.5823443522349947e-08
    ], 
    "row_2": [
      1.2659781921294354e-06, 
      -5.5823443522355877e-08, 
      6.6289417291127463e-05
    ]
  }, 
  "h": 4.3204292800120667, 
  "t": 0.210059, 
  "x": -0.56566128530835003, 
  "y": 0.22121369681769532
}