{
  "sigmaH": 0.079758593040080997, 
  "sigmaX": 0.051506749428139639, 
  "sigmaY": 0.043344317470185162, 
  "t": 0.12002, 
  "vh": -2.5996941755270488, 
  "vx": 1.6421890952852058, 
  "vy": 1.4636642016801784
}