{
  "h": 0.11419185621439951, 
  "t": 0.20000000000000001, 
  "x": -0.21895237910337617, 
  "y": -0.33424184279789326
}