{
  "sigmaH": 0.057413062484393769, 
  "sigmaX": 0.089999999999990088, 
  "sigmaY": 0.030787576412988047, 
  "t": 0.55000000000000004, 
  "vh": 1.9427719924816571, 
  "vx": -3.037655983659389, 
  "vy": 1.0422507664740008
}