{
  "sigmaH": 0.041781069701556588, 
  "sigmaX": 0.041428523173767752, 
  "sigmaY": 0.04223909983261067, 
  "t": 0.040038999999999998, 
  "vh": -1.4044650995594403, 
  "vx": 1.3816816020366247, 
  "vy": 1.4060721101426508
}