{
  "covariance": {
    "row_0": [
      0.00013240252659537014, 
      3.9184561068535134e-05, 
      0.0
    ], 
    "row_1": [
      3.9184561068535141e-05, 
      0.00022371361406041575, 
      0.0
    ], 
    "row_2": [
      0.0, 
      0.0, 
      0.00094785414717148565
    ]
  }, 
  "h": -0.05072153603349415, 
  "t": 0.26000000000000001, 
  "x": -0.31363720365847642, 
  "y": -0.2217633282237983
}