{
  "h": 4.398540232502981, 
  "t": 0.19003906250000002, 
  "x": -0.6111193196512793, 
  "y": 0.20068413415204472
}