{
  "covariance": {
    "row_0": [
      9.8747676663644084e-05, 
      -1.0427830216857908e-05, 
      3.997598913353944e-06
    ], 
    "row_1": [
      -1.0427830216857906e-05, 
      0.00024545843690184922, 
      1.0877645370506064e-07
    ], 
    "row_2": [
      3.9975989133539431e-06, 
      1.0877645370505725e-07, 
      0.00024644359623436407
    ]
  }, 
  "h": 3.9375176134213921, 
  "t": 0.29003899999999999, 
  "x": -0.38305577596703727, 
  "y": 0.34085573110162792
}