{
  "h": -0.21512614258523849, 
  "t": 0.39000000000000001, 
  "x": -0.58757005893979453, 
  "y": -0.018628199971585317
}