{
  "covariance": {
    "row_0": [
      8.1830046553013269e-05, 
      2.9561855040027198e-05, 
      0.0
    ], 
    "row_1": [
      2.9561855040027205e-05, 
      0.00015071751288108344, 
      0.0
    ], 
    "row_2": [
      0.0, 
      0.0, 
      0.00072238095947024187
    ]
  }, 
  "h": 0.079774867406033192, 
  "t": 0.21000000000000002, 
  "x": -0.23020855988310648, 
  "y": -0.31289305135954421
}