{
  "h": 0.64282555153521326, 
  "t": 0.070000000000000007, 
  "x": -0.075898081970637424, 
  "y": -0.60298824053061761
}