{
  "h": 4.5066304024439923, 
  "t": 0.16005859375000001, 
  "x": -0.67012476406977783, 
  "y": 0.15654202210607882
}