{
  "sigmaH": 0.079286441381282102, 
  "sigmaX": 0.089999999999990088, 
  "sigmaY": 0.026979868163317901, 
  "t": 0.59999999999999998, 
  "vh": 2.6450505668190747, 
  "vx": -3.0100404032113799, 
  "vy": 0.87958272615636968
}