{
  "sigmaH": 0.16569540226386359, 
  "sigmaX": 0.017284360617482147, 
  "sigmaY": 0.069626200559623208, 
  "t": 0.040000000000000001, 
  "vh": -5.5644022791103325, 
  "vx": -0.57937253963403434, 
  "vy": 2.2753598385392326
}