{
  "covariance": {
    "row_0": [
      9.988746092466538e-05, 
      3.3791398200357164e-05, 
      0.0
    ], 
    "row_1": [
      3.3791398200357171e-05, 
      0.00017863095664080476, 
      0.0
    ], 
    "row_2": [
      0.0, 
      0.0, 
      0.00081638339488309774
    ]
  }, 
  "h": 0.021810259116082802, 
  "t": 0.23000000000000001, 
  "x": -0.26220544292522341, 
  "y": -0.27491020148872247
}