{
  "sigmaH": 0.034455128882532882, 
  "sigmaX": 0.064516100827913481, 
  "sigmaY": 0.046779951061602668, 
  "t": 0.34000000000000002, 
  "vh": -1.1092895291070692, 
  "vx": -2.0745192675473678, 
  "vy": 1.5375619631783046
}