{
  "sigmaH": 0.13507267180821941, 
  "sigmaX": 0.028305099999915678, 
  "sigmaY": 0.06429540901008568, 
  "t": 0.11, 
  "vh": -4.6330542147239697, 
  "vx": -0.98081491748133287, 
  "vy": 2.0979898084869801
}