{
  "sigmaH": 0.060793016672015261, 
  "sigmaX": 0.046473789064234661, 
  "sigmaY": 0.042792383387440375, 
  "t": 0.080077999999999996, 
  "vh": -2.1092466949141082, 
  "vx": 1.5900259359444926, 
  "vy": 1.4706175827867403
}