{
  "h": -0.12475354300239018, 
  "t": 0.29999999999999999, 
  "x": -0.38934581417521952, 
  "y": -0.1567062744560892
}