{
  "sigmaH": 0.048663710925638565, 
  "sigmaX": 0.089999999999990088, 
  "sigmaY": 0.032310659712856182, 
  "t": 0.53000000000000003, 
  "vh": 1.6239684299973893, 
  "vx": -2.9284903748549103, 
  "vy": 1.0857287899156376
}