{
  "sigmaH": 0.11773611637860813, 
  "sigmaX": 0.061584975682512554, 
  "sigmaY": 0.044449535107759654, 
  "t": 0.20000000000000001, 
  "vh": -3.7396984296247933, 
  "vx": 2.0444905411178795, 
  "vy": 1.439873698519315
}