{
  "sigmaH": 0.14625403683427704, 
  "sigmaX": 0.069152874518213253, 
  "sigmaY": 0.045279460440004124, 
  "t": 0.26005899999999998, 
  "vh": -5.0909795141404395, 
  "vx": 2.3337415889397, 
  "vy": 1.485181343315314
}