{
  "covariance": {
    "row_0": [
      5.1579984767811338e-05, 
      -7.2438222353355024e-06, 
      6.6003428668418114e-06
    ], 
    "row_1": [
      -7.2438222353355075e-06, 
      8.671760918930671e-05, 
      8.727072572404197e-07
    ], 
    "row_2": [
      6.6003428668418131e-06, 
      8.7270725724042044e-07, 
      0.00010222798751207355
    ]
  }, 
  "h": 4.5131870966920369, 
  "t": 0.16005900000000001, 
  "x": -0.66454250020245365, 
  "y": 0.14762695944800952
}