{
  "h": 0.96992917379914922, 
  "t": 0.01, 
  "x": -0.039786457222132449, 
  "y": -0.74149433083292904
}