{
  "sigmaH": 0.15098383827568979, 
  "sigmaX": 0.070408038227549014, 
  "sigmaY": 0.045417106592668968, 
  "t": 0.27001999999999998, 
  "vh": -4.9833151572318952, 
  "vx": 2.2806458478002205, 
  "vy": 1.4938308755791903
}