{
  "covariance": {
    "row_0": [
      0.00048403254266839521, 
      9.6220691246132196e-06, 
      0.0
    ], 
    "row_1": [
      9.6220691246132332e-06, 
      0.0005064546796395246, 
      0.0
    ], 
    "row_2": [
      0.0, 
      0.0, 
      0.0011967528082703521
    ]
  }, 
  "h": -0.23070824138162641, 
  "t": 0.42000000000000004, 
  "x": -0.65871193513281512, 
  "y": 0.028478912598385954
}