{
  "sigmaH": 0.037051268260141115, 
  "sigmaX": 0.040173359464431999, 
  "sigmaY": 0.042101453679945743, 
  "t": 0.030078000000000001, 
  "vh": -1.2406191552930526, 
  "vx": 1.3104092364356408, 
  "vy": 1.4042258247075339
}