{
  "sigmaH": 0.098770540010531468, 
  "sigmaX": 0.056552015318607228, 
  "sigmaY": 0.043897601025014887, 
  "t": 0.16005900000000001, 
  "vh": -3.3491226652448254, 
  "vx": 1.9457473461561048, 
  "vy": 1.4498683528486018
}