{
  "h": 0.2143108685453913, 
  "t": 0.17000000000000001, 
  "x": -0.17806789229408287, 
  "y": -0.39245253402500568
}