{
  "covariance": {
    "row_0": [
      4.4853662217843101e-05, 
      0.0, 
      0.0
    ], 
    "row_1": [
      0.0, 
      0.0001253911571173782, 
      0.0
    ], 
    "row_2": [
      0.0, 
      0.0, 
      0.00024083518279441297
    ]
  }, 
  "h": 0.54666882575050046, 
  "t": 0.090000000000000011, 
  "x": -0.094569303490421697, 
  "y": -0.54566779231154461
}