{
  "covariance": {
    "row_0": [
      1.567438907909716e-05, 
      -4.495519909200057e-06, 
      1.8397018790723441e-06
    ], 
    "row_1": [
      -4.4955199092000604e-06, 
      3.7811870239931055e-05, 
      6.0657595827041471e-07
    ], 
    "row_2": [
      1.8397018790723458e-06, 
      6.0657595827041556e-07, 
      2.9862724938806955e-05
    ]
  }, 
  "h": 4.6875917547000956, 
  "t": 0.10000000000000095, 
  "x": -0.77181187535021989, 
  "y": 0.060188783732296719
}