{
  "sigmaH": 0.17007007804323993, 
  "sigmaX": 0.0157099692771345, 
  "sigmaY": 0.070387742209557236, 
  "t": 0.030000000000000002, 
  "vh": -5.6963217887856423, 
  "vx": -0.50878209042199851, 
  "vy": 2.4467357055776819
}