{
  "sigmaH": 0.1035003414519524, 
  "sigmaX": 0.057807179027942988, 
  "sigmaY": 0.044035247177679739, 
  "t": 0.17002, 
  "vh": -3.3910888911161963, 
  "vx": 1.8987074370255912, 
  "vy": 1.5759762649282221
}