{
  "h": 4.5397079584041968, 
  "t": 0.15000000000000002, 
  "x": -0.68907557430651867, 
  "y": 0.14182488207836186
}