{
  "h": 4.8230952394250544, 
  "t": 0.02001953125, 
  "x": -0.89573667294579951, 
  "y": -0.044162679606265604
}