{
  "sigmaH": 0.069452535117554309, 
  "sigmaX": 0.051920970105130304, 
  "sigmaY": 0.052872284261074938, 
  "t": 0.26000000000000001, 
  "vh": -2.2953290206400907, 
  "vx": -1.6790680187945732, 
  "vy": 1.7485304595702407
}