{
  "covariance": {
    "row_0": [
      3.2978329483843808e-05, 
      -4.5794494334973352e-06, 
      1.7236048194942379e-06
    ], 
    "row_1": [
      -4.5794494334973352e-06, 
      9.7513318808397446e-05, 
      3.234170086212521e-07
    ], 
    "row_2": [
      1.7236048194942381e-06, 
      3.2341700862124617e-07, 
      9.7377936787514666e-05
    ]
  }, 
  "h": 4.2346114262407957, 
  "t": 0.230078, 
  "x": -0.52342180500001556, 
  "y": 0.25019357261075037
}