{
  "sigmaH": 0.12724208986382379, 
  "sigmaX": 0.064107608627746004, 
  "sigmaY": 0.044726176885174482, 
  "t": 0.22001999999999999, 
  "vh": -4.3048271909014124, 
  "vx": 2.0892477375398553, 
  "vy": 1.4834879050261072
}