{
  "covariance": {
    "row_0": [
      4.4309778463434704e-05, 
      2.0161726423740624e-05, 
      -1.9648212807130179e-06
    ], 
    "row_1": [
      2.0161726423740634e-05, 
      9.1294061073398479e-05, 
      -1.7476361082948951e-06
    ], 
    "row_2": [
      -1.9648212807130179e-06, 
      -1.7476361082948942e-06, 
      0.00051450501381295648
    ]
  }, 
  "h": 0.24739962972648238, 
  "t": 0.16, 
  "x": -0.16333560721685436, 
  "y": -0.40862353534447393
}