{
  "covariance": {
    "row_0": [
      4.3335933757172831e-05, 
      0.0, 
      0.0
    ], 
    "row_1": [
      0.0, 
      4.4661204832833439e-05, 
      0.0
    ], 
    "row_2": [
      0.0, 
      0.0, 
      5.699742002446856e-06
    ]
  }, 
  "h": 4.7979343831218157, 
  "t": 0.040038999999999998, 
  "x": -0.8753860947978086, 
  "y": -0.01949161467476344
}