{
  "sigmaH": 0.075028791598657343, 
  "sigmaX": 0.050251585718804566, 
  "sigmaY": 0.043206671317520193, 
  "t": 0.110059, 
  "vh": -2.4121286396117498, 
  "vx": 1.7120303166618145, 
  "vy": 1.4216192732724948
}