{
  "covariance": {
    "row_0": [
      0.0003583753244305526, 
      3.1357581064544738e-05, 
      0.0
    ], 
    "row_1": [
      3.1357581064544752e-05, 
      0.00043144733925467931, 
      0.0
    ], 
    "row_2": [
      0.0, 
      0.0, 
      0.0012174886452841532
    ]
  }, 
  "h": -0.21819745190418124, 
  "t": 0.38, 
  "x": -0.55870454946502168, 
  "y": -0.028766810545740727
}