{
  "sigmaH": 0.026790332028750308, 
  "sigmaX": 0.086557579592789535, 
  "sigmaY": 0.036118367962526279, 
  "t": 0.48000000000000004, 
  "vh": 0.93180797620774691, 
  "vx": -2.7732759279076258, 
  "vy": 1.2619326012905807
}