{
  "h": 4.6803673805321608, 
  "t": 0.10000000000000001, 
  "x": -0.77697107778043795, 
  "y": 0.069359440947228138
}