{
  "h": 4.6004940655409881, 
  "t": 0.13007812500000002, 
  "x": -0.72535487133673726, 
  "y": 0.11281392827148821
}