{
  "h": 4.3184411128899178, 
  "t": 0.21005859375000002, 
  "x": -0.56961609586969042, 
  "y": 0.23039067212428677
}