{
  "covariance": {
    "row_0": [
      3.655044079225071e-05, 
      -5.3186214731335191e-06, 
      5.1854386038466796e-06
    ], 
    "row_1": [
      -5.3186214731335234e-06, 
      6.2299713333028179e-05, 
      6.3099738863660066e-07
    ], 
    "row_2": [
      5.1854386038466813e-06, 
      6.3099738863660151e-07, 
      7.6330395756861292e-05
    ]
  }, 
  "h": 4.5782709779401358, 
  "t": 0.140039, 
  "x": -0.70304685904318198, 
  "y": 0.11899844567919801
}