{
  "sigmaH": 0.027545294774909052, 
  "sigmaX": 0.037650726519197861, 
  "sigmaY": 0.041824811902530894, 
  "t": 0.010059, 
  "vh": -0.90149909297979725, 
  "vx": 1.2070141045379794, 
  "vy": 1.3460260552022378
}