{
  "sigmaH": 0.025705777323778045, 
  "sigmaX": 0.067664883508609774, 
  "sigmaY": 0.045256867761734591, 
  "t": 0.36000000000000004, 
  "vh": -0.83016699172784092, 
  "vx": -2.2235588375256197, 
  "vy": 1.4779324836257788
}