{
  "covariance": {
    "row_0": [
      5.6075452668745242e-05, 
      2.506180728971403e-05, 
      -2.334359783810248e-06
    ], 
    "row_1": [
      2.506180728971404e-05, 
      0.00011447983460965453, 
      -2.0650617253952932e-06
    ], 
    "row_2": [
      -2.334359783810248e-06, 
      -2.0650617253952924e-06, 
      0.00061580501613473946
    ]
  }, 
  "h": 0.17698551913564803, 
  "t": 0.18000000000000002, 
  "x": -0.18885703279243063, 
  "y": -0.37017009476961554
}