{
  "sigmaH": 0.10827651349575808, 
  "sigmaX": 0.059074648263841026, 
  "sigmaY": 0.044174242802429715, 
  "t": 0.18007799999999999, 
  "vh": -3.6373378668220417, 
  "vx": 1.8417795303006832, 
  "vy": 1.4666744885948593
}