{
  "h": -0.19629802454854919, 
  "t": 0.47000000000000003, 
  "x": -0.79945559133397825, 
  "y": 0.08684625550502463
}