{
  "covariance": {
    "row_0": [
      0.00017237328711138246, 
      4.2870893974114795e-05, 
      0.0
    ], 
    "row_1": [
      4.2870893974114802e-05, 
      0.00027227457074521837, 
      0.0
    ], 
    "row_2": [
      0.0, 
      0.0, 
      0.0010633035448965019
    ]
  }, 
  "h": -0.11053439135522988, 
  "t": 0.29000000000000004, 
  "x": -0.36797323962042278, 
  "y": -0.16955182092581633
}