{
  "h": 0.0069311836815848845, 
  "t": 0.59000000000000008, 
  "x": -1.1575476528207618, 
  "y": 0.2145962727225785
}