{
  "sigmaH": 0.086951238235065079, 
  "sigmaX": 0.045623404743739715, 
  "sigmaY": 0.055918450860811035, 
  "t": 0.22, 
  "vh": -3.0176637954350922, 
  "vx": -1.5719782651175698, 
  "vy": 1.9240604217930752
}