{
  "h": 4.8107113195009505, 
  "t": 0.030078125000000001, 
  "x": -0.88227740422266554, 
  "y": -0.030047763460521668
}