{
  "sigmaH": 0.1000752655731979, 
  "sigmaX": 0.040900230722696773, 
  "sigmaY": 0.058203075810612959, 
  "t": 0.19, 
  "vh": -3.1600365795240575, 
  "vx": -1.4070621989494592, 
  "vy": 1.9292038903083026
}