{
  "sigmaH": 0.089264566525299419, 
  "sigmaX": 0.05402938237337377, 
  "sigmaY": 0.043620959247600025, 
  "t": 0.140039, 
  "vh": -2.984895974043158, 
  "vx": 1.7636913983269671, 
  "vy": 1.5447818022766895
}