{
  "h": 0.49895978141044489, 
  "t": 0.10000000000000001, 
  "x": -0.10103865537645433, 
  "y": -0.53716213280416492
}