{
  "h": 4.0906822426493896, 
  "t": 0.26005859375000001, 
  "x": -0.45860671166993128, 
  "y": 0.3053908716549858
}