{
  "h": 0.85506173200533386, 
  "t": 0.030000000000000002, 
  "x": -0.049724477017837249, 
  "y": -0.69431024519891338
}