{
  "sigmaH": 0.11319929291133091, 
  "sigmaX": 0.036177056701653831, 
  "sigmaY": 0.060487700760414875, 
  "t": 0.16, 
  "vh": -3.9134040017973386, 
  "vx": -1.2040830479990527, 
  "vy": 1.9746614457132246
}