{
  "h": 4.764300239492786, 
  "t": 0.06005859375, 
  "x": -0.83963995247093748, 
  "y": 0.012299370607136213
}