{
  "h": 4.2319984888352176, 
  "t": 0.23007812500000002, 
  "x": -0.52642947445212207, 
  "y": 0.26028181805346251
}