{
  "covariance": {
    "row_0": [
      0.00011401911082604465, 
      -1.1151165958796261e-05, 
      5.8790349602823751e-06
    ], 
    "row_1": [
      -1.115116595879626e-05, 
      0.00026558709413185364, 
      -1.3716068006600718e-05
    ], 
    "row_2": [
      5.8790349602823742e-06, 
      -1.3716068006600723e-05, 
      0.00029514475090093849
    ]
  }, 
  "h": 3.883171316712442, 
  "t": 0.29999999999999999, 
  "x": -0.35870182946316242, 
  "y": 0.35651552476156267
}