{
  "sigmaH": 0.012581749985645957, 
  "sigmaX": 0.072388057529655381, 
  "sigmaY": 0.042972242811932494, 
  "t": 0.39000000000000001, 
  "vh": -0.42219896022733061, 
  "vx": -2.5701941199666063, 
  "vy": 1.4946429716052561
}