{
  "h": -0.046674086433184984, 
  "t": 0.26000000000000001, 
  "x": -0.31489087478509159, 
  "y": -0.22467433519307475
}