{
  "h": -0.10326659512734068, 
  "t": 0.54000000000000004, 
  "x": -1.0075476528207783, 
  "y": 0.16580942517321287
}