{
  "covariance": {
    "row_0": [
      0.00026656623755043514, 
      3.8564808201571658e-05, 
      0.0
    ], 
    "row_1": [
      3.8564808201571672e-05, 
      0.00035643312590494231, 
      0.0
    ], 
    "row_2": [
      0.0, 
      0.0, 
      0.0011527242043148217
    ]
  }, 
  "h": -0.18734065413672074, 
  "t": 0.34000000000000002, 
  "x": -0.46854597209408977, 
  "y": -0.088605032827810543
}