{
  "covariance": {
    "row_0": [
      7.0023655059280301e-05, 
      0.0, 
      0.0
    ], 
    "row_1": [
      0.0, 
      7.0357885063589913e-05, 
      0.0
    ], 
    "row_2": [
      0.0, 
      0.0, 
      2.0575698353418552e-05
    ]
  }, 
  "h": 4.7265564558888391, 
  "t": 0.080077999999999996, 
  "x": -0.81516982662095416, 
  "y": 0.038595952017845582
}