{
  "covariance": {
    "row_0": [
      4.2184891173451387e-05, 
      1.1889942538487689e-05, 
      -6.6236863272092322e-06
    ], 
    "row_1": [
      1.188994253848768e-05, 
      2.4548841513557042e-05, 
      -6.8852189717203946e-07
    ], 
    "row_2": [
      -6.6236863272092559e-06, 
      -6.8852189717204031e-07, 
      0.00055267099087606675
    ]
  }, 
  "h": 0.026077876543692525, 
  "t": 0.60000234375001515, 
  "x": -1.1774142057626293, 
  "y": 0.22503419189999646
}