{
  "h": -0.12093147510974811, 
  "t": 0.53000000000000003, 
  "x": -0.97754765282078149, 
  "y": 0.15529051401340568
}