{
  "sigmaH": 0.01, 
  "sigmaX": 0.073962448870003028, 
  "sigmaY": 0.042210701161998501, 
  "t": 0.40000000000000002, 
  "vh": -0.29354960135235469, 
  "vx": -2.4402646940806179, 
  "vy": 1.4356336346466934
}