{
  "h": 4.472295847674407, 
  "t": 0.17001953125000002, 
  "x": -0.65093914579688872, 
  "y": 0.17116220413673641
}