{
  "h": 4.1396803720889102, 
  "t": 0.25, 
  "x": -0.48178241935966509, 
  "y": 0.29021041287810251
}