{
  "h": -0.13713812983236304, 
  "t": 0.52000000000000002, 
  "x": -0.94754765282078479, 
  "y": 0.14451775563695385
}