{
  "covariance": {
    "row_0": [
      0.00010173830958327802, 
      -6.5043707274411307e-06, 
      3.1652832925304556e-06
    ], 
    "row_1": [
      -6.5043707274410765e-06, 
      0.00014589737264709537, 
      -1.111564010014115e-05
    ], 
    "row_2": [
      3.1652832925304319e-06, 
      -1.1115640100141158e-05, 
      0.00078606213004725955
    ]
  }, 
  "h": -0.13033285090905614, 
  "t": 0.53000000000000003, 
  "x": -0.96384139058512908, 
  "y": 0.15388273503348784
}