{
  "h": 3.8803122079015888, 
  "t": 0.30000000000000004, 
  "x": -0.3623847678867308, 
  "y": 0.36613050254670948
}