{
  "sigmaH": 0.095700589793820581, 
  "sigmaX": 0.042474622063044427, 
  "sigmaY": 0.057441534160679271, 
  "t": 0.20000000000000001, 
  "vh": -3.0827600618029023, 
  "vx": -1.4023097517000611, 
  "vy": 1.8890980601000031
}