{
  "covariance": {
    "row_0": [
      3.3249872372569459e-05, 
      0.0, 
      0.0
    ], 
    "row_1": [
      0.0, 
      3.409046238661029e-05, 
      0.0
    ], 
    "row_2": [
      0.0, 
      0.0, 
      2.5554271752547559e-06
    ]
  }, 
  "h": 4.8244024074424647, 
  "t": 0.02002, 
  "x": -0.90232912133576504, 
  "y": -0.047621202308802756
}