{
  "covariance": {
    "row_0": [
      0.00070981520465554547, 
      -3.3900856117291985e-05, 
      0.0
    ], 
    "row_1": [
      -3.3900856117291965e-05, 
      0.0006308166410975189, 
      0.0
    ], 
    "row_2": [
      0.0, 
      0.0, 
      0.0012675912653294322
    ]
  }, 
  "h": -0.19929389167961309, 
  "t": 0.48000000000000004, 
  "x": -0.82333236114032005, 
  "y": 0.1049541266902195
}