{
  "covariance": {
    "row_0": [
      2.6271897000514972e-05, 
      0.0, 
      0.0
    ], 
    "row_1": [
      0.0, 
      3.2708199233487305e-05, 
      0.0
    ], 
    "row_2": [
      0.0, 
      0.0, 
      7.7740274323582924e-06
    ]
  }, 
  "h": 0.97155487659265238, 
  "t": 0.01, 
  "x": -0.041664716110660777, 
  "y": -0.72967352969972088
}