{
  "covariance": {
    "row_0": [
      4.1064839211485581e-05, 
      -5.6600957101157286e-06, 
      1.339738733671221e-06
    ], 
    "row_1": [
      -5.6600957101157286e-06, 
      0.00012345033160604538, 
      7.2170107667855663e-06
    ], 
    "row_2": [
      1.3397387336712214e-06, 
      7.2170107667855604e-06, 
      0.00010923476520232053
    ]
  }, 
  "h": 4.189464816600359, 
  "t": 0.240039, 
  "x": -0.50041941276291257, 
  "y": 0.26572552622008933
}