{
  "sigmaH": 0.01, 
  "sigmaX": 0.078685622891048967, 
  "sigmaY": 0.039926076212196404, 
  "t": 0.42999999999999999, 
  "vh": 0.16461810969169086, 
  "vx": -2.6525182671544498, 
  "vy": 1.2767451416551006
}