{
  "covariance": {
    "row_0": [
      8.0562882441209127e-05, 
      -9.6458861844223917e-06, 
      1.0528687143104545e-05
    ], 
    "row_1": [
      -9.6458861844223968e-06, 
      0.00012709697408698486, 
      1.1120063959038351e-06
    ], 
    "row_2": [
      1.0528687143104547e-05, 
      1.1120063959038357e-06, 
      0.0001613002210687771
    ]
  }, 
  "h": 4.4041630498259714, 
  "t": 0.19003900000000001, 
  "x": -0.60753721301076002, 
  "y": 0.19229933730998891
}