{
  "covariance": {
    "row_0": [
      0.00014802054645846025, 
      -4.402747579611574e-06, 
      3.5378476335820172e-06
    ], 
    "row_1": [
      -4.4027475796115189e-06, 
      0.00017782738775395647, 
      -1.2596630178521143e-05
    ], 
    "row_2": [
      3.5378476335819935e-06, 
      -1.2596630178521151e-05, 
      0.00090246790332437787
    ]
  }, 
  "h": -0.073424521081483785, 
  "t": 0.56000000000000005, 
  "x": -1.0536259340609426, 
  "y": 0.18489584356373229
}