{
  "covariance": {
    "row_0": [
      6.0568271422297161e-05, 
      -6.684862222953237e-06, 
      3.6041031004210979e-06
    ], 
    "row_1": [
      -6.684862222953237e-06, 
      0.00015116522773323159, 
      -8.910223226640329e-06
    ], 
    "row_2": [
      3.6041031004210979e-06, 
      -8.9102232266403358e-06, 
      0.00017030160899430207
    ]
  }, 
  "h": 4.0912736542920252, 
  "t": 0.26005899999999998, 
  "x": -0.45489121072650135, 
  "y": 0.29527881814443957
}