{
  "covariance": {
    "row_0": [
      0.00030984481516438742, 
      3.5862669162352269e-05, 
      0.0
    ], 
    "row_1": [
      3.5862669162352282e-05, 
      0.00039341495685580631, 
      0.0
    ], 
    "row_2": [
      0.0, 
      0.0, 
      0.0011909162649030645
    ]
  }, 
  "h": -0.20528558763442481, 
  "t": 0.36000000000000004, 
  "x": -0.51321270457137413, 
  "y": -0.057990727797818796
}