{
  "h": 0.45392097522177383, 
  "t": 0.11, 
  "x": -0.11046844073862506, 
  "y": -0.51572779132863655
}