{
  "h": -0.14062784399521011, 
  "t": 0.31, 
  "x": -0.40927154180637459, 
  "y": -0.1403488773134545
}