{
  "h": 0.54545681285890846, 
  "t": 0.090000000000000011, 
  "x": -0.092133667127732813, 
  "y": -0.55885032149633795
}