{
  "sigmaH": 0.051287043186783197, 
  "sigmaX": 0.04395115611900087, 
  "sigmaY": 0.042515741610025533, 
  "t": 0.060059000000000001, 
  "vh": -1.6955784245171637, 
  "vx": 1.4671066234602297, 
  "vy": 1.4449274105413148
}