{
  "h": 4.6287985589444087, 
  "t": 0.12001953125000001, 
  "x": -0.74303903751286404, 
  "y": 0.098235693376577948
}