{
  "sigmaH": 0.070252619554870749, 
  "sigmaX": 0.048984116482906188, 
  "sigmaY": 0.043067675692770264, 
  "t": 0.10000000000000001, 
  "vh": -2.2925438266847409, 
  "vx": 1.6601209021863024, 
  "vy": 1.4380726861546933
}