{
  "covariance": {
    "row_0": [
      8.4669266609557672e-05, 
      -7.8456348754092722e-06, 
      3.094112865463804e-06
    ], 
    "row_1": [
      -7.845634875409218e-06, 
      0.00013797794245009099, 
      -1.0776141176771013e-05
    ], 
    "row_2": [
      3.0941128654637803e-06, 
      -1.0776141176771021e-05, 
      0.00075901408070098498
    ]
  }, 
  "h": -0.14657253520903005, 
  "t": 0.52000000000000002, 
  "x": -0.93455648683657999, 
  "y": 0.14302544713433146
}