{
  "sigmaH": 0.1320182619076295, 
  "sigmaX": 0.065375077863644035, 
  "sigmaY": 0.044865172509924209, 
  "t": 0.230078, 
  "vh": -4.2689868883179338, 
  "vx": 2.1304915087194254, 
  "vy": 1.4120951253817826
}