{
  "sigmaH": 0.056016844628215039, 
  "sigmaX": 0.04520631982833731, 
  "sigmaY": 0.042653387762690488, 
  "t": 0.070019999999999999, 
  "vh": -1.8017075298935601, 
  "vx": 1.5228969205707357, 
  "vy": 1.4412533234147324
}