{
  "sigmaH": 0.17444475382261859, 
  "sigmaX": 0.014135577936786853, 
  "sigmaY": 0.071149283859491264, 
  "t": 0.02, 
  "vh": -5.8412138617330687, 
  "vx": -0.51515415912925322, 
  "vy": 2.3140957498744559
}