{
  "h": -0.17950139541491447, 
  "t": 0.34000000000000002, 
  "x": -0.47219750738053617, 
  "y": -0.09279976918541849
}