{
  "sigmaH": 0.093994367966736714, 
  "sigmaX": 0.055284546082709538, 
  "sigmaY": 0.043758605400264994, 
  "t": 0.14999999999999999, 
  "vh": -3.1517976466621018, 
  "vx": 1.9006210506720289, 
  "vy": 1.4099275180712185
}