{
  "sigmaH": 0.0300804531031553, 
  "sigmaX": 0.066090492168261961, 
  "sigmaY": 0.046018409411668591, 
  "t": 0.35000000000000003, 
  "vh": -0.96432635804256439, 
  "vx": -2.2431144102028107, 
  "vy": 1.5834980193733923
}