{
  "h": 0.027196871221540759, 
  "t": 0.23000000000000001, 
  "x": -0.26456003993371241, 
  "y": -0.27831577652058298
}