{
  "h": 4.7457316895279575, 
  "t": 0.070019531250000003, 
  "x": -0.82463821322916753, 
  "y": 0.026460732128910629
}