{
  "sigmaH": 0.044289035146260723, 
  "sigmaX": 0.089999999999990088, 
  "sigmaY": 0.03307220136279012, 
  "t": 0.52000000000000002, 
  "vh": 1.4364195773333461, 
  "vx": -2.8874358542258283, 
  "vy": 1.1003360138830587
}