{
  "h": 0.0011149934101729545, 
  "t": 0.24000000000000002, 
  "x": -0.28081218777072292, 
  "y": -0.26018144886143557
}