{
  "sigmaH": 0.16048981176092184, 
  "sigmaX": 0.072930671172782471, 
  "sigmaY": 0.045693748370084393, 
  "t": 0.29003899999999999, 
  "vh": -5.2701210615537537, 
  "vx": 2.4699233695782774, 
  "vy": 1.5924219121396144
}