{
  "h": 4.7968694916797388, 
  "t": 0.0400390625, 
  "x": -0.86853001152635811, 
  "y": -0.016023958478031564
}