{
  "sigmaH": 0.053038386705016059, 
  "sigmaX": 0.089999999999990421, 
  "sigmaY": 0.031549118062922155, 
  "t": 0.54000000000000004, 
  "vh": 1.7494501743018431, 
  "vx": -2.9916488555065719, 
  "vy": 1.1000066936754247
}