{
  "sigmaH": 0.16521961320234821, 
  "sigmaX": 0.074185834882118579, 
  "sigmaY": 0.04583139452274889, 
  "t": 0.29999999999999999, 
  "vh": -5.4559077109678045, 
  "vx": 2.444929876907425, 
  "vy": 1.5721105973230343
}