{
  "covariance": {
    "row_0": [
      4.9114525303407839e-05, 
      0.0, 
      0.0
    ], 
    "row_1": [
      0.0, 
      5.0481290569905647e-05, 
      0.0
    ], 
    "row_2": [
      0.0, 
      0.0, 
      8.1265362863600751e-06
    ]
  }, 
  "h": 4.7827738912237736, 
  "t": 0.050000000000000003, 
  "x": -0.86108950923587535, 
  "y": -0.0050863688069926801
}