{
  "h": -0.15188655929518535, 
  "t": 0.51000000000000001, 
  "x": -0.9175476528207881, 
  "y": 0.13349115004385737
}