{
  "h": 4.1866246514044905, 
  "t": 0.24003906250000001, 
  "x": -0.50431432369357632, 
  "y": 0.275223264053719
}