{
  "h": 4.8337807869875036, 
  "t": 0.010058593750000001, 
  "x": -0.90864647267200971, 
  "y": -0.058094630873598424
}