{
  "sigmaH": 0.13674806334904496, 
  "sigmaX": 0.066630241572979462, 
  "sigmaY": 0.045002818662589393, 
  "t": 0.240039, 
  "vh": -4.532337078650448, 
  "vx": 2.3092452803034833, 
  "vy": 1.5592765394377006
}