{
  "covariance": {
    "row_0": [
      3.8562923129817821e-05, 
      0.0, 
      0.0
    ], 
    "row_1": [
      0.0, 
      9.7492598633144135e-05, 
      0.0
    ], 
    "row_2": [
      0.0, 
      0.0, 
      0.00015872669134071968
    ]
  }, 
  "h": 0.64082938481905116, 
  "t": 0.070000000000000007, 
  "x": -0.078446433687177131, 
  "y": -0.59093459390985392
}