{
  "h": 4.5708862329150186, 
  "t": 0.14003906250000001, 
  "x": -0.70742359960931067, 
  "y": 0.1272965537628615
}