{
  "covariance": {
    "row_0": [
      0.00080087907358913967, 
      -5.4558498065479154e-05, 
      0.0
    ], 
    "row_1": [
      -5.4558498065479134e-05, 
      0.00067374237349684366, 
      0.0
    ], 
    "row_2": [
      0.0, 
      0.0, 
      0.0013155342902724592
    ]
  }, 
  "h": -0.17673429835451443, 
  "t": 0.5, 
  "x": -0.88438901979258577, 
  "y": 0.12837294816048353
}