{
  "estimInitialHPosition": 5.9835855346822759, 
  "estimInitialXPosition": -0.22342592429113453, 
  "estimInitialYPosition": -0.29865233170219996, 
  "trueInitialHPosition": 5.9826011717625001, 
  "trueInitialXPosition": -0.22072417200879602, 
  "trueInitialYPosition": -0.30197379425537357
}