{
  "h": 6.8463785708640321, 
  "t": 0.24003906250000001, 
  "x": -0.56940112765835327, 
  "y": 0.21354724494815672
}