{
  "h": 7.1973203240461654, 
  "t": 0.44003906250000002, 
  "x": -0.55738501433835896, 
  "y": 0.59978134947303618
}