{
  "covariance": {
    "row_0": [
      4.0796194963102385e-05, 
      6.4724759460357421e-05, 
      2.805898268578871e-06
    ], 
    "row_1": [
      6.4724759460357421e-05, 
      0.00013686028554034168, 
      1.858183042352363e-05
    ], 
    "row_2": [
      2.8058982685788688e-06, 
      1.8581830423523627e-05, 
      0.00012997676252679427
    ]
  }, 
  "h": 7.1165870063508239, 
  "t": 0.37002000000000002, 
  "x": -0.59183316675336217, 
  "y": 0.48038307690644144
}