{
  "h": 6.7648816301687305, 
  "t": 0.21005859375000002, 
  "x": -0.54750059782163596, 
  "y": 0.1522577801712893
}