{
  "h": 7.2210373659943414, 
  "t": 0.47001953125000001, 
  "x": -0.53188199740277609, 
  "y": 0.65428667970509236
}