{
  "covariance": {
    "row_0": [
      4.2882714896957259e-05, 
      4.1451018465563056e-05, 
      -6.8283536497134156e-06
    ], 
    "row_1": [
      4.1451018465563056e-05, 
      8.4145246183493365e-05, 
      3.8547904980789655e-06
    ], 
    "row_2": [
      -6.8283536497134165e-06, 
      3.8547904980789672e-06, 
      0.00011049880025997295
    ]
  }, 
  "h": 6.8254328783080416, 
  "t": 0.230078, 
  "x": -0.56210560792103326, 
  "y": 0.20231190321434508
}