{
  "covariance": {
    "row_0": [
      0.00011658609009865296, 
      0.0, 
      0.0
    ], 
    "row_1": [
      0.0, 
      0.00013569951771200426, 
      0.0
    ], 
    "row_2": [
      0.0, 
      0.0, 
      0.00018361237870157112
    ]
  }, 
  "h": 6.4065224801691443, 
  "t": 0.10000000000000001, 
  "x": -0.41589932372354554, 
  "y": -0.078601203153187874
}