{
  "covariance": {
    "row_0": [
      5.1565888522823593e-05, 
      8.2113678297123958e-05, 
      4.4217417738381588e-06
    ], 
    "row_1": [
      8.2113678297123958e-05, 
      0.00017362827891129521, 
      2.4905047027452936e-05
    ], 
    "row_2": [
      4.4217417738381562e-06, 
      2.4905047027452932e-05, 
      0.00016139977374604299
    ]
  }, 
  "h": 7.158202780475551, 
  "t": 0.40000000000000002, 
  "x": -0.58109334166815996, 
  "y": 0.53638813489252257
}