{
  "sigmaH": 0.12926484833205903, 
  "sigmaX": 0.061060789601217316, 
  "sigmaY": 0.066931751595784128, 
  "t": 0.040038999999999998, 
  "vh": 4.5452923344167244, 
  "vx": -2.0530765426833302, 
  "vy": 2.1208977136231684
}