{
  "h": 6.7927943378539961, 
  "t": 0.22001953125000001, 
  "x": -0.5554624924025503, 
  "y": 0.17271915967531401
}