{
  "h": 7.1772890868658976, 
  "t": 0.42001953125000002, 
  "x": -0.57097378985440095, 
  "y": 0.56289283562600934
}