{
  "covariance": {
    "row_0": [
      3.0105799815614391e-05, 
      3.498564749511579e-05, 
      5.1445260264816075e-06
    ], 
    "row_1": [
      3.4985647495115777e-05, 
      8.9676189630454582e-05, 
      1.7029032069984739e-05
    ], 
    "row_2": [
      5.1445260264816083e-06, 
      1.7029032069984745e-05, 
      6.0241189114626324e-05
    ]
  }, 
  "h": 7.1852098976015988, 
  "t": 0.42002, 
  "x": -0.56976032650438313, 
  "y": 0.5759106601585563
}