{
  "sigmaH": 0.10915760180678262, 
  "sigmaX": 0.044564485145991969, 
  "sigmaY": 0.064570891353533, 
  "t": 0.12002, 
  "vh": 3.6689684849424955, 
  "vx": -1.5475730203396094, 
  "vy": 2.1249551943754725
}