{
  "sigmaH": 0.096587503856881085, 
  "sigmaX": 0.034251777110491162, 
  "sigmaY": 0.063094993375471239, 
  "t": 0.17002, 
  "vh": 3.3348334470534153, 
  "vx": -1.2068986966792894, 
  "vy": 2.1438184505734346
}