{
  "sigmaH": 0.1217276997566514, 
  "sigmaX": 0.05487719318149311, 
  "sigmaY": 0.066046789331594691, 
  "t": 0.070019999999999999, 
  "vh": 4.1260420570010323, 
  "vx": -1.7612615227953186, 
  "vy": 2.2082075900558942
}