{
  "sigmaH": 0.041274162682748285, 
  "sigmaX": 0.011128166647289843, 
  "sigmaY": 0.056600465749351937, 
  "t": 0.39003900000000002, 
  "vh": 1.3719478343360563, 
  "vx": 0.35471146509979606, 
  "vy": 1.9640676634667993
}