{
  "covariance": {
    "row_0": [
      1.9496325209684172e-05, 
      2.2110431753444367e-05, 
      4.3944616486263756e-06
    ], 
    "row_1": [
      2.2110431753444357e-05, 
      7.431665348756316e-05, 
      1.7998904067327511e-05
    ], 
    "row_2": [
      4.3944616486263773e-06, 
      1.7998904067327521e-05, 
      3.7959471842921248e-05
    ]
  }, 
  "h": 7.2438199666495526, 
  "t": 0.5000000000000151, 
  "x": -0.50245357666714063, 
  "y": 0.71510073041812849
}