{
  "sigmaH": 0.078984456532452896, 
  "sigmaX": 0.01980995745921257, 
  "sigmaY": 0.061028159683536982, 
  "t": 0.240039, 
  "vh": 2.6248929841498163, 
  "vx": -0.63148605012177295, 
  "vy": 1.9974613770503451
}