{
  "h": 6.9203432699816902, 
  "t": 0.27001953125, 
  "x": -0.58512208685426537, 
  "y": 0.27395232360814237
}