{
  "sigmaH": 0.08401740590697955, 
  "sigmaX": 0.023939069074990015, 
  "sigmaY": 0.061619095397409382, 
  "t": 0.22001999999999999, 
  "vh": 2.9150949292321244, 
  "vx": -0.79188691109722842, 
  "vy": 2.0541180808866586
}