{
  "covariance": {
    "row_0": [
      5.7286852121752012e-05, 
      0.0, 
      0.0
    ], 
    "row_1": [
      0.0, 
      5.9253443992126359e-05, 
      0.0
    ], 
    "row_2": [
      0.0, 
      0.0, 
      4.002804247430021e-05
    ]
  }, 
  "h": 6.1609640366297098, 
  "t": 0.040038999999999998, 
  "x": -0.30847462924929919, 
  "y": -0.20930207720978861
}