{
  "h": 7.0971989328071601, 
  "t": 0.36005859375000004, 
  "x": -0.59518826501901356, 
  "y": 0.45004791483105006
}