{
  "covariance": {
    "row_0": [
      3.7605218544510922e-05, 
      5.9197818307844686e-05, 
      2.5207865651816072e-06
    ], 
    "row_1": [
      5.9197818307844679e-05, 
      0.00012545623747294905, 
      1.692482597433424e-05
    ], 
    "row_2": [
      2.5207865651816051e-06, 
      1.6924825974334236e-05, 
      0.00011934507002092507
    ]
  }, 
  "h": 7.1012710413931037, 
  "t": 0.36005900000000002, 
  "x": -0.59402469722122797, 
  "y": 0.46121337266569551
}