{
  "covariance": {
    "row_0": [
      5.8298530147767018e-05, 
      5.8150948031840101e-05, 
      -1.1602009486159408e-05
    ], 
    "row_1": [
      5.8150948031840101e-05, 
      0.00011572568889820241, 
      3.7611146883887511e-06
    ], 
    "row_2": [
      -1.160200948615941e-05, 
      3.7611146883887523e-06, 
      0.0001631883488379302
    ]
  }, 
  "h": 6.9033965230114127, 
  "t": 0.26005899999999998, 
  "x": -0.57943932598823034, 
  "y": 0.26291677736684538
}