{
  "sigmaH": 0.036241213308273471, 
  "sigmaX": 0.015257278263066949, 
  "sigmaY": 0.056009530035480565, 
  "t": 0.41005900000000001, 
  "vh": 1.2407690407779375, 
  "vx": 0.51556899171576631, 
  "vy": 1.9195076907840096
}