{
  "sigmaH": 0.11919894958300574, 
  "sigmaX": 0.052802566369663961, 
  "sigmaY": 0.065749880168039287, 
  "t": 0.080077999999999996, 
  "vh": 4.0024131423525899, 
  "vx": -1.7951881682711708, 
  "vy": 2.2502632887928193
}