{
  "h": 7.1272895154168809, 
  "t": 0.38007812500000004, 
  "x": -0.58985233628710887, 
  "y": 0.48811753065827751
}