{
  "h": 6.0284896078201147, 
  "t": 0.010058593750000001, 
  "x": -0.24328718739677313, 
  "y": -0.27923335219649942
}