{
  "sigmaH": 0.081488655733366611, 
  "sigmaX": 0.021864442263160526, 
  "sigmaY": 0.061322186233854041, 
  "t": 0.230078, 
  "vh": 2.7818659289388949, 
  "vx": -0.68701891677906191, 
  "vy": 2.040235188890851
}