{
  "h": 6.7062677244439675, 
  "t": 0.19003906250000002, 
  "x": -0.52943553917376429, 
  "y": 0.11083914390834629
}