{
  "sigmaH": 0.031208263933905071, 
  "sigmaX": 0.019386389878843717, 
  "sigmaY": 0.055418594321605952, 
  "t": 0.43007800000000002, 
  "vh": 1.0631801208003315, 
  "vx": 0.66799657068268026, 
  "vy": 1.8614839000699059
}