{
  "sigmaH": 0.11419055118115375, 
  "sigmaX": 0.048693596761768897, 
  "sigmaY": 0.065161827067405392, 
  "t": 0.10000000000000001, 
  "vh": 3.9249466443063912, 
  "vx": -1.6857119981085116, 
  "vy": 2.1301948020240706
}