{
  "h": 6.6758524478957844, 
  "t": 0.18007812500000001, 
  "x": -0.51942049734411344, 
  "y": 0.090083929277539929
}