{
  "covariance": {
    "row_0": [
      4.7788110658890685e-05, 
      7.6222628697603434e-05, 
      3.7476982190913442e-06
    ], 
    "row_1": [
      7.6222628697603434e-05, 
      0.00016101487297352687, 
      2.2567334477786897e-05
    ], 
    "row_2": [
      3.7476982190913425e-06, 
      2.2567334477786894e-05, 
      0.00015111064470811085
    ]
  }, 
  "h": 7.1448947170819093, 
  "t": 0.39003900000000002, 
  "x": -0.58529030285234451, 
  "y": 0.51855460591040714
}