{
  "covariance": {
    "row_0": [
      7.4363188146383719e-05, 
      7.7985983513654327e-05, 
      -1.6494357952930241e-05
    ], 
    "row_1": [
      7.7985983513654327e-05, 
      0.00015116616124522331, 
      4.2828282329500345e-06
    ], 
    "row_2": [
      -1.6494357952930245e-05, 
      4.2828282329500345e-06, 
      0.00021966788825256224
    ]
  }, 
  "h": 6.9704452718547261, 
  "t": 0.29003899999999999, 
  "x": -0.59105217811548449, 
  "y": 0.32298546223694985
}