{
  "h": 7.2273070696785533, 
  "t": 0.48007812500000002, 
  "x": -0.52194117540359652, 
  "y": 0.67237535156802897
}