{
  "sigmaH": 0.066414358582551361, 
  "sigmaX": 0.0094972494237117646, 
  "sigmaY": 0.059552261705475472, 
  "t": 0.29003899999999999, 
  "vh": 2.1627548516623114, 
  "vx": -0.33177739049722665, 
  "vy": 2.0890468177892325
}