{
  "covariance": {
    "row_0": [
      6.4628530841024517e-05, 
      3.3816987756442573e-05, 
      6.8420980000030142e-06
    ], 
    "row_1": [
      3.3816987756442559e-05, 
      0.00012270450141822742, 
      1.9278746811994343e-05
    ], 
    "row_2": [
      6.8420980000030151e-06, 
      1.9278746811994347e-05, 
      8.554015908452623e-05
    ]
  }, 
  "h": 7.2352358103644239, 
  "t": 0.480078, 
  "x": -0.51947420568502989, 
  "y": 0.6834611224863516
}