{
  "sigmaH": 0.1166947503821575, 
  "sigmaX": 0.050748081565716342, 
  "sigmaY": 0.065455853617722409, 
  "t": 0.090038999999999994, 
  "vh": 3.8489929824083591, 
  "vx": -1.7259274031424345, 
  "vy": 2.1642740398496927
}