{
  "covariance": {
    "row_0": [
      6.6529628329324781e-05, 
      0.0, 
      0.0
    ], 
    "row_1": [
      0.0, 
      6.9913080972149944e-05, 
      0.0
    ], 
    "row_2": [
      0.0, 
      0.0, 
      5.7599519219814911e-05
    ]
  }, 
  "h": 6.2048541347129156, 
  "t": 0.050000000000000003, 
  "x": -0.32718849640515424, 
  "y": -0.18760093491543073
}