{
  "h": 6.324432934636361, 
  "t": 0.080078125, 
  "x": -0.38107749751760478, 
  "y": -0.1236918511934465
}