{
  "covariance": {
    "row_0": [
      8.0322858878328302e-05, 
      3.3311550087413093e-05, 
      8.7573447850776188e-06
    ], 
    "row_1": [
      3.331155008741308e-05, 
      0.00013806552909882664, 
      2.2032432704634373e-05
    ], 
    "row_2": [
      8.7573447850776188e-06, 
      2.2032432704634376e-05, 
      9.2053876408143846e-05
    ]
  }, 
  "h": 7.2452097931601935, 
  "t": 0.5, 
  "x": -0.49762153190316732, 
  "y": 0.72060423862766276
}