{
  "h": 6.3631955418544006, 
  "t": 0.090039062500000003, 
  "x": -0.39794082202708059, 
  "y": -0.10195654806158347
}