{
  "sigmaH": 0.058877210007176467, 
  "sigmaX": 0.0033136530039880653, 
  "sigmaY": 0.058667299441285931, 
  "t": 0.32002000000000003, 
  "vh": 1.8985854937458662, 
  "vx": -0.11479375793597629, 
  "vy": 1.9896174109167373
}