{
  "sigmaH": 0.028704064732846743, 
  "sigmaX": 0.021440874682790989, 
  "sigmaY": 0.055124567771290683, 
  "t": 0.44003900000000001, 
  "vh": 0.98725182463100181, 
  "vx": 0.74401727864177691, 
  "vy": 1.7533621316734194
}