{
  "h": 6.8966042276313528, 
  "t": 0.26005859375000001, 
  "x": -0.58058433361326367, 
  "y": 0.25398098835464583
}