{
  "sigmaH": 0.048811311258139541, 
  "sigmaX": 0.0049445702275658053, 
  "sigmaY": 0.057485428013541305, 
  "t": 0.36005900000000002, 
  "vh": 1.6160563908315777, 
  "vx": 0.16790744880302547, 
  "vy": 1.9783922021029674
}