{
  "covariance": {
    "row_0": [
      4.8449692242369123e-05, 
      0.0, 
      0.0
    ], 
    "row_1": [
      0.0, 
      4.9433817619801012e-05, 
      0.0
    ], 
    "row_2": [
      0.0, 
      0.0, 
      2.5393181175395479e-05
    ]
  }, 
  "h": 6.1156883796865849, 
  "t": 0.030078000000000001, 
  "x": -0.28802393380763053, 
  "y": -0.23042833933518897
}