{
  "covariance": {
    "row_0": [
      3.1758979955954379e-05, 
      4.8537175134442735e-05, 
      2.2546540671453137e-06
    ], 
    "row_1": [
      4.8537175134442728e-05, 
      0.00010383069172362709, 
      1.4166935560048333e-05
    ], 
    "row_2": [
      2.2546540671453112e-06, 
      1.4166935560048334e-05, 
      9.8058386681272114e-05
    ]
  }, 
  "h": 7.0675591912376508, 
  "t": 0.34003899999999998, 
  "x": -0.5966446873018445, 
  "y": 0.42201255523439402
}