{
  "covariance": {
    "row_0": [
      0.00017559272542002016, 
      0.0, 
      0.0
    ], 
    "row_1": [
      0.0, 
      0.00025878081563770051, 
      0.0
    ], 
    "row_2": [
      0.0, 
      0.0, 
      0.00041670671675107877
    ]
  }, 
  "h": 6.6507845778190102, 
  "t": 0.17002, 
  "x": -0.51278485417894237, 
  "y": 0.071335506938837126
}