{
  "h": 6.54520671477409, 
  "t": 0.14003906250000001, 
  "x": -0.47228210396334003, 
  "y": 0.0056712129050995441
}