{
  "h": 7.213992984983717, 
  "t": 0.46005859375000002, 
  "x": -0.54104080952142408, 
  "y": 0.63627552145370925
}