{
  "covariance": {
    "row_0": [
      4.0015339334987608e-05, 
      0.0, 
      0.0
    ], 
    "row_1": [
      0.0, 
      4.0382997700076981e-05, 
      0.0
    ], 
    "row_2": [
      0.0, 
      0.0, 
      1.3792545523401564e-05
    ]
  }, 
  "h": 6.0707329776807493, 
  "t": 0.02002, 
  "x": -0.26755609672301162, 
  "y": -0.25350570965712216
}