{
  "sigmaH": 0.1066288516331042, 
  "sigmaX": 0.042489858334162647, 
  "sigmaY": 0.064273982189977624, 
  "t": 0.130078, 
  "vh": 3.2908485797047451, 
  "vx": -1.3815460637557628, 
  "vy": 2.1270300888668148
}