{
  "h": 6.4385859454940473, 
  "t": 0.11005859375, 
  "x": -0.42976958606087501, 
  "y": -0.058568126085732496
}