{
  "covariance": {
    "row_0": [
      9.6176568884969685e-05, 
      0.0, 
      0.0
    ], 
    "row_1": [
      0.0, 
      0.00010707967342780755, 
      0.0
    ], 
    "row_2": [
      0.0, 
      0.0, 
      0.00012657411103034381
    ]
  }, 
  "h": 6.3290862675474386, 
  "t": 0.080077999999999996, 
  "x": -0.38191598364768481, 
  "y": -0.12137840728709245
}