{
  "sigmaH": 0.043778361883771134, 
  "sigmaX": 0.0090736818433425695, 
  "sigmaY": 0.056894492299669079, 
  "t": 0.38007800000000003, 
  "vh": 1.4557305978587975, 
  "vx": 0.29922280743274682, 
  "vy": 1.850015013737613
}