{
  "covariance": {
    "row_0": [
      2.6568460830635825e-05, 
      3.8597763036015384e-05, 
      2.3043992638634835e-06
    ], 
    "row_1": [
      3.8597763036015377e-05, 
      8.3993969779204647e-05, 
      1.2055571477371399e-05
    ], 
    "row_2": [
      2.3043992638634814e-06, 
      1.2055571477371402e-05, 
      7.7329658865593111e-05
    ]
  }, 
  "h": 7.0315300123497009, 
  "t": 0.32002000000000003, 
  "x": -0.59646836750728072, 
  "y": 0.38468999014038313
}