{
  "sigmaH": 0.094058753683232674, 
  "sigmaX": 0.032177150298660986, 
  "sigmaY": 0.06279808421191585, 
  "t": 0.18007799999999999, 
  "vh": 3.0257085709548108, 
  "vx": -1.1272424908935592, 
  "vy": 2.1142034970830705
}