{
  "covariance": {
    "row_0": [
      5.0966772808715987e-05, 
      3.4337832623474521e-05, 
      5.6462724938824242e-06
    ], 
    "row_1": [
      3.4337832623474507e-05, 
      0.00010959235177970873, 
      1.7613826737126552e-05
    ], 
    "row_2": [
      5.6462724938824251e-06, 
      1.7613826737126555e-05, 
      7.7919992341758716e-05
    ]
  }, 
  "h": 7.2219648145696427, 
  "t": 0.460059, 
  "x": -0.53910055349110964, 
  "y": 0.64791591330108689
}