{
  "h": 6.4011266766814838, 
  "t": 0.10000000000000001, 
  "x": -0.41412199337899569, 
  "y": -0.080318870932755401
}