{
  "h": 6.7358515286012182, 
  "t": 0.20000000000000001, 
  "x": -0.53876842784585444, 
  "y": 0.13149673253611771
}