{
  "sigmaH": 0.12423189895753239, 
  "sigmaX": 0.056931677985440556, 
  "sigmaY": 0.066340815881911736, 
  "t": 0.060059000000000001, 
  "vh": 4.262486978720867, 
  "vx": -1.9015367946609985, 
  "vy": 2.1466769723743284
}