{
  "covariance": {
    "row_0": [
      6.3589457273767819e-05, 
      6.4392765282463704e-05, 
      -1.3237202457785697e-05
    ], 
    "row_1": [
      6.4392765282463704e-05, 
      0.00012709220220073105, 
      3.8474285443287242e-06
    ], 
    "row_2": [
      -1.32372024577857e-05, 
      3.847428544328725e-06, 
      0.00018167165755158057
    ]
  }, 
  "h": 6.9257374279092332, 
  "t": 0.27001999999999998, 
  "x": -0.58388449138896303, 
  "y": 0.28185512241449534
}