{
  "h": 7.1877733741726235, 
  "t": 0.43007812500000003, 
  "x": -0.56449067920827034, 
  "y": 0.58147635609487103
}