{
  "h": 7.2372221663648739, 
  "t": 0.5, 
  "x": -0.500199409826388, 
  "y": 0.7079076238202664
}