{
  "covariance": {
    "row_0": [
      0.00015737085022101679, 
      0.0, 
      0.0
    ], 
    "row_1": [
      0.0, 
      0.00021964859532360944, 
      0.0
    ], 
    "row_2": [
      0.0, 
      0.0, 
      0.00034056945441872778
    ]
  }, 
  "h": 6.5855122173261558, 
  "t": 0.14999999999999999, 
  "x": -0.48882429873660604, 
  "y": 0.02739832423282949
}