{
  "sigmaH": 0.091554554482354431, 
  "sigmaX": 0.030122665494714054, 
  "sigmaY": 0.062504057661598833, 
  "t": 0.19003900000000001, 
  "vh": 3.0985242633639425, 
  "vx": -1.0111502349004546, 
  "vy": 2.0433509020091223
}