{
  "h": 6.073096976845072, 
  "t": 0.02001953125, 
  "x": -0.26494564733733728, 
  "y": -0.25681179569036128
}