{
  "covariance": {
    "row_0": [
      0.00014792499199308586, 
      0.0, 
      0.0
    ], 
    "row_1": [
      0.0, 
      0.00020124744341944335, 
      0.0
    ], 
    "row_2": [
      0.0, 
      0.0, 
      0.00030423322302096384
    ]
  }, 
  "h": 6.5542129318495022, 
  "t": 0.140039, 
  "x": -0.47612715388354848, 
  "y": 0.0072126085102610822
}