{
  "h": 6.5106177728909786, 
  "t": 0.13007812500000002, 
  "x": -0.4588429207937767, 
  "y": -0.01557404597623515
}