{
  "covariance": {
    "row_0": [
      8.6041896204606171e-05, 
      0.0, 
      0.0
    ], 
    "row_1": [
      0.0, 
      9.3830579551483858e-05, 
      0.0
    ], 
    "row_2": [
      0.0, 
      0.0, 
      0.00010103492388271174
    ]
  }, 
  "h": 6.2888299961616561, 
  "t": 0.070019999999999999, 
  "x": -0.36385998105121337, 
  "y": -0.14401155544577063
}