{
  "covariance": {
    "row_0": [
      5.749868899185124e-05, 
      3.4084006621920305e-05, 
      6.1540777020355651e-06
    ], 
    "row_1": [
      3.4084006621920291e-05, 
      0.00011583655649726715, 
      1.8312178580172741e-05
    ], 
    "row_2": [
      6.1540777020355659e-06, 
      1.8312178580172744e-05, 
      8.1837130249103965e-05
    ]
  }, 
  "h": 7.2291429927719273, 
  "t": 0.47001999999999999, 
  "x": -0.52924246700882727, 
  "y": 0.6659147884800084
}