{
  "sigmaH": 0.046307112057274932, 
  "sigmaX": 0.0069990550315127392, 
  "sigmaY": 0.05719140146322399, 
  "t": 0.37002000000000002, 
  "vh": 1.5375931088966714, 
  "vx": 0.2200110900377279, 
  "vy": 1.9244758800066193
}