{
  "sigmaH": 0.08905035528142434, 
  "sigmaX": 0.028068180690766782, 
  "sigmaY": 0.062210031111281865, 
  "t": 0.20000000000000001, 
  "vh": 3.0109372741905878, 
  "vx": -0.9335656989338349, 
  "vy": 2.0724882571567371
}