{
  "h": 6.965539254034284, 
  "t": 0.2900390625, 
  "x": -0.59217886941710707, 
  "y": 0.31379551602453104
}