{
  "covariance": {
    "row_0": [
      3.9446516513882915e-05, 
      3.4759592333166054e-05, 
      5.107141109595059e-06
    ], 
    "row_1": [
      3.4759592333166041e-05, 
      9.8630901702502876e-05, 
      1.6912752887394739e-05
    ], 
    "row_2": [
      5.1071411095950598e-06, 
      1.6912752887394745e-05, 
      6.9405406145301178e-05
    ]
  }, 
  "h": 7.205737378681758, 
  "t": 0.44003900000000001, 
  "x": -0.555630460883906, 
  "y": 0.61209870541905842
}