{
  "h": 7.112590644487641, 
  "t": 0.37001953125000003, 
  "x": -0.59287773558019063, 
  "y": 0.46903916158348979
}