{
  "h": 7.1660710405203449, 
  "t": 0.41005859375000003, 
  "x": -0.57670846063313652, 
  "y": 0.544391633124098
}