{
  "covariance": {
    "row_0": [
      0.00010634697491321281, 
      0.0, 
      0.0
    ], 
    "row_1": [
      0.0, 
      0.00012099860596368373, 
      0.0
    ], 
    "row_2": [
      0.0, 
      0.0, 
      0.00015408039530553306
    ]
  }, 
  "h": 6.3674260866452084, 
  "t": 0.090038999999999994, 
  "x": -0.39910794651038661, 
  "y": -0.099820073576149665
}