{
  "covariance": {
    "row_0": [
      4.421115511744796e-05, 
      7.0440086139663148e-05, 
      3.2139755240805899e-06
    ], 
    "row_1": [
      7.0440086139663148e-05, 
      0.00014879319110463216, 
      2.0470179144131901e-05
    ], 
    "row_2": [
      3.2139755240805878e-06, 
      2.0470179144131897e-05, 
      0.00014065174202498073
    ]
  }, 
  "h": 7.1312287447040879, 
  "t": 0.38007800000000003, 
  "x": -0.58882358375620358, 
  "y": 0.4989905279146144
}