{
  "sigmaH": 0.016133966782945208, 
  "sigmaX": 0.031753582718292137, 
  "sigmaY": 0.053648669793228229, 
  "t": 0.490039, 
  "vh": 0.54495521870859853, 
  "vx": 1.0860523499640402, 
  "vy": 1.8477729946807373
}