{
  "sigmaH": 0.018638165984039005, 
  "sigmaX": 0.029699097914345201, 
  "sigmaY": 0.053942696343546571, 
  "t": 0.480078, 
  "vh": 0.6057683030917046, 
  "vx": 0.97119321175157569, 
  "vy": 1.7445152124023824
}