{
  "h": 6.2023390058468983, 
  "t": 0.050000000000000003, 
  "x": -0.32601700605681344, 
  "y": -0.18991641761234637
}