{
  "covariance": {
    "row_0": [
      7.6199725098619555e-05, 
      0.0, 
      0.0
    ], 
    "row_1": [
      0.0, 
      8.1517902453448924e-05, 
      0.0
    ], 
    "row_2": [
      0.0, 
      0.0, 
      7.812939502998909e-05
    ]
  }, 
  "h": 6.2477304912318692, 
  "t": 0.060059000000000001, 
  "x": -0.34631605502264923, 
  "y": -0.16600751125031737
}