{
  "covariance": {
    "row_0": [
      3.2221645008184174e-05, 
      0.0, 
      0.0
    ], 
    "row_1": [
      0.0, 
      3.2287036870422586e-05, 
      0.0
    ], 
    "row_2": [
      0.0, 
      0.0, 
      5.6458098036434997e-06
    ]
  }, 
  "h": 6.0282355050025123, 
  "t": 0.010059, 
  "x": -0.24601958809235278, 
  "y": -0.27623078140053453
}