{
  "sigmaH": 0.021166916157471859, 
  "sigmaX": 0.027624471102515372, 
  "sigmaY": 0.054239605507100122, 
  "t": 0.47001999999999999, 
  "vh": 0.72062827048331712, 
  "vx": 0.98966835481200577, 
  "vy": 1.8069345626866322
}