{
  "covariance": {
    "row_0": [
      2.9126901751021888e-05, 
      4.3479189532862707e-05, 
      2.2489310867471547e-06
    ], 
    "row_1": [
      4.34791895328627e-05, 
      9.373859500533892e-05, 
      1.3044576061723811e-05
    ], 
    "row_2": [
      2.2489310867471526e-06, 
      1.3044576061723812e-05, 
      8.7638228252314392e-05
    ]
  }, 
  "h": 7.0500295789273428, 
  "t": 0.33007799999999998, 
  "x": -0.59689542667402729, 
  "y": 0.4037735564219066
}