{
  "sigmaH": 0.033737014107373398, 
  "sigmaX": 0.017311763067014228, 
  "sigmaY": 0.055715503485162222, 
  "t": 0.42002, 
  "vh": 1.1347754647187442, 
  "vx": 0.56198257487364478, 
  "vy": 1.8554345732300115
}