{
  "sigmaH": 0.099091703057729311, 
  "sigmaX": 0.036306261914438434, 
  "sigmaY": 0.063389019925788215, 
  "t": 0.16005900000000001, 
  "vh": 3.1866074686106853, 
  "vx": -1.1868612709726545, 
  "vy": 2.245015122760277
}