{
  "covariance": {
    "row_0": [
      6.898388505981927e-05, 
      7.1047626584276949e-05, 
      -1.4883712937667389e-05
    ], 
    "row_1": [
      7.1047626584276949e-05, 
      0.00013898626486237106, 
      4.0183358503227292e-06
    ], 
    "row_2": [
      -1.4883712937667393e-05, 
      4.0183358503227301e-06, 
      0.00020065087952108321
    ]
  }, 
  "h": 6.9489020707773177, 
  "t": 0.28007799999999999, 
  "x": -0.58774734352874158, 
  "y": 0.30217646688495131
}