{
  "covariance": {
    "row_0": [
      0.0001085650436156118, 
      0.0, 
      0.0
    ], 
    "row_1": [
      0.0, 
      0.00013471622637900219, 
      0.0
    ], 
    "row_2": [
      0.0, 
      0.0, 
      0.00017218948322030481
    ]
  }, 
  "h": 6.4098785455232932, 
  "t": 0.10000000000000095, 
  "x": -0.41787047223589757, 
  "y": -0.078073079412924545
}