{
  "covariance": {
    "row_0": [
      3.7957419130199259e-05, 
      3.6542927540582532e-05, 
      -5.3370290727029208e-06
    ], 
    "row_1": [
      3.6542927540582532e-05, 
      7.4489250132951554e-05, 
      3.9542532319727062e-06
    ], 
    "row_2": [
      -5.3370290727029225e-06, 
      3.9542532319727071e-06, 
      9.418056264905862e-05
    ]
  }, 
  "h": 6.7974528707947739, 
  "t": 0.22001999999999999, 
  "x": -0.55519557165606948, 
  "y": 0.18179121768448089
}