{
  "sigmaH": 0.056348459833637204, 
  "sigmaX": 0.0012390261921578938, 
  "sigmaY": 0.058370390277730506, 
  "t": 0.33007799999999998, 
  "vh": 1.839288782823828, 
  "vx": -0.042459650700597394, 
  "vy": 1.8973519866299025
}