{
  "h": 6.9434713081559574, 
  "t": 0.28007812500000001, 
  "x": -0.58901211026728117, 
  "y": 0.29402038989478124
}