{
  "covariance": {
    "row_0": [
      0.0001284210710883635, 
      0.0, 
      0.0
    ], 
    "row_1": [
      0.0, 
      0.00016647189479957754, 
      0.0
    ], 
    "row_2": [
      0.0, 
      0.0, 
      0.00023508935774756758
    ]
  }, 
  "h": 6.4849492997424223, 
  "t": 0.12002, 
  "x": -0.44894392680341016, 
  "y": -0.035506587439842072
}