{
  "h": 6.8201369596507773, 
  "t": 0.23007812500000002, 
  "x": -0.56281022716861506, 
  "y": 0.19328207456787866
}