{
  "h": 6.1602342056848984, 
  "t": 0.0400390625, 
  "x": -0.30641169336498586, 
  "y": -0.21204413899170274
}