{
  "sigmaH": 0.076480257331558263, 
  "sigmaX": 0.017755472655265291, 
  "sigmaY": 0.060734133133220181, 
  "t": 0.25, 
  "vh": 2.6302060417621504, 
  "vx": -0.58107413557457999, 
  "vy": 2.0150069548977134
}