{
  "h": 6.284446561972028, 
  "t": 0.070019531250000003, 
  "x": -0.36335662869239332, 
  "y": -0.14573931190378808
}