{
  "sigmaH": 0.13176904753290727, 
  "sigmaX": 0.063115274405165109, 
  "sigmaY": 0.06722577814610102, 
  "t": 0.030078000000000001, 
  "vh": 4.4696164253167217, 
  "vx": -2.0349808197075849, 
  "vy": 2.294429342009662
}