{
  "sigmaH": 0.10162045323129042, 
  "sigmaX": 0.038380888726267756, 
  "sigmaY": 0.063685929089343618, 
  "t": 0.14999999999999999, 
  "vh": 3.1421830616056137, 
  "vx": -1.2746857597688539, 
  "vy": 2.0264748240707169
}