{
  "sigmaH": 0.13429779770651748, 
  "sigmaX": 0.06518990121699425, 
  "sigmaY": 0.067522687309656701, 
  "t": 0.02002, 
  "vh": 4.2663861739019442, 
  "vx": -2.1620829867140694, 
  "vy": 2.2814046524859353
}