{
  "covariance": {
    "row_0": [
      0.00013828972335984472, 
      0.0, 
      0.0
    ], 
    "row_1": [
      0.0, 
      0.00018357178378908666, 
      0.0
    ], 
    "row_2": [
      0.0, 
      0.0, 
      0.00026912720619610595
    ]
  }, 
  "h": 6.5180486547570924, 
  "t": 0.130078, 
  "x": -0.46283951711266563, 
  "y": -0.014112918806019652
}