{
  "covariance": {
    "row_0": [
      2.8676369750295846e-05, 
      2.7788279441003098e-05, 
      -2.6460806763371138e-06
    ], 
    "row_1": [
      2.7788279441003098e-05, 
      5.6776973094775223e-05, 
      4.1567801546958142e-06
    ], 
    "row_2": [
      -2.6460806763371146e-06, 
      4.1567801546958142e-06, 
      6.442472210772273e-05
    ]
  }, 
  "h": 6.739648880519348, 
  "t": 0.19999999999999624, 
  "x": -0.53813988137049273, 
  "y": 0.140004838394513
}