{
  "sigmaH": 0.023671115358407404, 
  "sigmaX": 0.025569986298568093, 
  "sigmaY": 0.05453363205741709, 
  "t": 0.460059, 
  "vh": 0.76643974571621987, 
  "vx": 0.86241646309102904, 
  "vy": 1.7686510164952982
}