{
  "covariance": {
    "row_0": [
      0.00019251091256537934, 
      0.0, 
      0.0
    ], 
    "row_1": [
      0.0, 
      0.00030070652913640177, 
      0.0
    ], 
    "row_2": [
      0.0, 
      0.0, 
      0.00049601585412433705
    ]
  }, 
  "h": 6.7120815548130413, 
  "t": 0.19003900000000001, 
  "x": -0.53419472664219325, 
  "y": 0.11295398404741153
}