{
  "sigmaH": 0.11166180100763086, 
  "sigmaX": 0.046618969949939415, 
  "sigmaY": 0.064864917903849989, 
  "t": 0.110059, 
  "vh": 3.8298199762024367, 
  "vx": -1.5566238902387135, 
  "vy": 2.1274294941754057
}