{
  "covariance": {
    "row_0": [
      2.4062143175666934e-05, 
      3.4033988129203242e-05, 
      2.4019578502992358e-06
    ], 
    "row_1": [
      3.4033988129203235e-05, 
      7.4779159006387941e-05, 
      1.1201490078448672e-05
    ], 
    "row_2": [
      2.4019578502992341e-06, 
      1.1201490078448675e-05, 
      6.740227807772208e-05
    ]
  }, 
  "h": 7.0126182022464985, 
  "t": 0.31005899999999997, 
  "x": -0.59532490688448048, 
  "y": 0.36487141111024141
}