{
  "h": 7.0808125821072156, 
  "t": 0.35000000000000003, 
  "x": -0.59682922910237846, 
  "y": 0.43077141301365535
}