{
  "sigmaH": 0.068918557783500548, 
  "sigmaX": 0.011551734227659382, 
  "sigmaY": 0.059846288255791934, 
  "t": 0.28007799999999999, 
  "vh": 2.303106270439879, 
  "vx": -0.38405767943711788, 
  "vy": 2.020416034048115
}