{
  "h": 7.0269420388595716, 
  "t": 0.32001953125000004, 
  "x": -0.59759383458014526, 
  "y": 0.37272565757753423
}