{
  "sigmaH": 0.073951507157926241, 
  "sigmaX": 0.015680845843436143, 
  "sigmaY": 0.060437223969665013, 
  "t": 0.26005899999999998, 
  "vh": 2.546734596506782, 
  "vx": -0.5224581029402281, 
  "vy": 2.0515634852336952
}