{
  "covariance": {
    "row_0": [
      3.4523856996395562e-05, 
      3.4902252737185529e-05, 
      5.059209876986776e-06
    ], 
    "row_1": [
      3.4902252737185515e-05, 
      9.3932887840528724e-05, 
      1.6878296781460159e-05
    ], 
    "row_2": [
      5.0592098769867769e-06, 
      1.6878296781460166e-05, 
      6.490852179270538e-05
    ]
  }, 
  "h": 7.1959033632566083, 
  "t": 0.43007800000000002, 
  "x": -0.56304161699645672, 
  "y": 0.59463346522545946
}