{
  "h": 7.2326803542171669, 
  "t": 0.49003906250000001, 
  "x": -0.51141136919377261, 
  "y": 0.69019030069566534
}