{
  "covariance": {
    "row_0": [
      3.3242747917627609e-05, 
      3.2020046624420506e-05, 
      -3.9452493935291896e-06
    ], 
    "row_1": [
      3.2020046624420506e-05, 
      6.5419140951368434e-05, 
      4.0601581958486827e-06
    ], 
    "row_2": [
      -3.9452493935291905e-06, 
      4.0601581958486836e-06, 
      7.8880313959290359e-05
    ]
  }, 
  "h": 6.7684156102046931, 
  "t": 0.210059, 
  "x": -0.54730758613462993, 
  "y": 0.1613301474807689
}