{
  "covariance": {
    "row_0": [
      4.7898873504726695e-05, 
      4.6653530948303331e-05, 
      -8.3722816526446618e-06
    ], 
    "row_1": [
      4.6653530948303331e-05, 
      9.4184256111160767e-05, 
      3.7793678841079714e-06
    ], 
    "row_2": [
      -8.3722816526446635e-06, 
      3.7793678841079727e-06, 
      0.00012740851798281853
    ]
  }, 
  "h": 6.8515794373231582, 
  "t": 0.240039, 
  "x": -0.56839584046629621, 
  "y": 0.22220861599114355
}