{
  "h": 6.6122088694562953, 
  "t": 0.16005859375000001, 
  "x": -0.49722901530417313, 
  "y": 0.048074742024496547
}