{
  "covariance": {
    "row_0": [
      7.2215341231264787e-05, 
      3.3554947637569392e-05, 
      7.7048141245901383e-06
    ], 
    "row_1": [
      3.3554947637569378e-05, 
      0.00013008399936665664, 
      2.0510026137325951e-05
    ], 
    "row_2": [
      7.7048141245901383e-06, 
      2.0510026137325955e-05, 
      8.893977950777278e-05
    ]
  }, 
  "h": 7.2406641092979802, 
  "t": 0.490039, 
  "x": -0.50865603822703809, 
  "y": 0.70186678928636637
}