{
  "sigmaH": 0.13680199690743391, 
  "sigmaX": 0.06724438602094171, 
  "sigmaY": 0.067816713859973496, 
  "t": 0.010059, 
  "vh": 4.4388080644434087, 
  "vx": -2.2461143057180886, 
  "vy": 2.2290039071145671
}