{
  "covariance": {
    "row_0": [
      2.2989633865035062e-05, 
      3.4935968557736018e-05, 
      5.6725859823568023e-06
    ], 
    "row_1": [
      3.4935968557736005e-05, 
      8.2617327384648117e-05, 
      1.7812029186160424e-05
    ], 
    "row_2": [
      5.6725859823568032e-06, 
      1.7812029186160431e-05, 
      5.0729009827329619e-05
    ]
  }, 
  "h": 7.1614255034163685, 
  "t": 0.40000000000001512, 
  "x": -0.58054434342036065, 
  "y": 0.5381203485130448
}