{
  "sigmaH": 0.02619986553199851, 
  "sigmaX": 0.023495359486738608, 
  "sigmaY": 0.054830541220973715, 
  "t": 0.45000000000000001, 
  "vh": 0.85511680410852153, 
  "vx": 0.78856140854970969, 
  "vy": 1.8096925315834043
}