{
  "sigmaH": 0.10412465243225597, 
  "sigmaX": 0.040435373530215202, 
  "sigmaY": 0.063979955639660621, 
  "t": 0.140039, 
  "vh": 3.6305869985352861, 
  "vx": -1.3339661450539952, 
  "vy": 2.1409022504046522
}