{
  "h": 6.8717887096863661, 
  "t": 0.25, 
  "x": -0.57530987499053088, 
  "y": 0.23371478932539985
}