{
  "sigmaH": 0.12676064913101981, 
  "sigmaX": 0.059006304797270044, 
  "sigmaY": 0.066637725045467069, 
  "t": 0.050000000000000003, 
  "vh": 4.4061939647832702, 
  "vx": -1.8787136990116495, 
  "vy": 2.1786108116010299
}