{
  "sigmaH": 0.063910159381692214, 
  "sigmaX": 0.0074427646197641481, 
  "sigmaY": 0.059258235155158157, 
  "t": 0.29999999999999999, 
  "vh": 2.1758693848696389, 
  "vx": -0.25246281153938466, 
  "vy": 2.0088584816840118
}