{
  "h": 7.1538992734429145, 
  "t": 0.40000000000000002, 
  "x": -0.58180713606955026, 
  "y": 0.52560997991262881
}