{
  "h": 7.0458554934113256, 
  "t": 0.330078125, 
  "x": -0.59802614664011222, 
  "y": 0.39229887525824747
}