{
  "h": 6.9867757275217013, 
  "t": 0.30000000000000004, 
  "x": -0.59466347540937214, 
  "y": 0.3334730161512458
}