{
  "h": 6.4748459838491694, 
  "t": 0.12001953125000001, 
  "x": -0.4445797633216142, 
  "y": -0.037126658080651111
}