{
  "covariance": {
    "row_0": [
      0.00011855715160811403, 
      0.0, 
      0.0
    ], 
    "row_1": [
      0.0, 
      0.00015028818450019181, 
      0.0
    ], 
    "row_2": [
      0.0, 
      0.0, 
      0.00020292871729282779
    ]
  }, 
  "h": 6.4484027046639101, 
  "t": 0.110059, 
  "x": -0.43352855194780732, 
  "y": -0.056673266131016149
}