{
  "covariance": {
    "row_0": [
      4.4908505263051854e-05, 
      3.4568209930834548e-05, 
      5.2978673772588307e-06
    ], 
    "row_1": [
      3.4568209930834535e-05, 
      0.00010382503045877204, 
      1.714959000346931e-05
    ], 
    "row_2": [
      5.2978673772588315e-06, 
      1.7149590003469317e-05, 
      7.3740498739558802e-05
    ]
  }, 
  "h": 7.2142551971674829, 
  "t": 0.45000000000000001, 
  "x": -0.5477756006933423, 
  "y": 0.63012505272616071
}