{
  "sigmaH": 0.086521605107827776, 
  "sigmaX": 0.02599355387893695, 
  "sigmaY": 0.061913121947726434, 
  "t": 0.210059, 
  "vh": 2.8598001476622659, 
  "vx": -0.91139325620178469, 
  "vy": 2.1200227742566784
}