{
  "h": 7.0637497739547239, 
  "t": 0.34003906250000004, 
  "x": -0.59776876445002569, 
  "y": 0.41158395713746898
}