{
  "sigmaH": 0.051340061431801587, 
  "sigmaX": 0.0028699434157363158, 
  "sigmaY": 0.057782337177096216, 
  "t": 0.34999999999999998, 
  "vh": 1.7524283626220383, 
  "vx": 0.093465420450438944, 
  "vy": 1.9375735639341154
}