{
  "h": 6.1172979331319306, 
  "t": 0.030078125000000001, 
  "x": -0.28612422751559763, 
  "y": -0.23426948637409406
}