{
  "sigmaH": 0.038769963481900045, 
  "sigmaX": 0.013182651451237461, 
  "sigmaY": 0.056306439199034455, 
  "t": 0.40000000000000002, 
  "vh": 1.3360168049033132, 
  "vx": 0.42133934185167443, 
  "vy": 1.7903352055130493
}