{
  "covariance": {
    "row_0": [
      0.00018427460617933321, 
      0.0, 
      0.0
    ], 
    "row_1": [
      0.0, 
      0.00027950118382107547, 
      0.0
    ], 
    "row_2": [
      0.0, 
      0.0, 
      0.00045622561162025628
    ]
  }, 
  "h": 6.6812171546256733, 
  "t": 0.18007799999999999, 
  "x": -0.52412265915234979, 
  "y": 0.092600165712498614
}