{
  "h": 7.0073766618441624, 
  "t": 0.31005859375, 
  "x": -0.59648022267905587, 
  "y": 0.35324436657456609
}