{
  "covariance": {
    "row_0": [
      5.3027890557351766e-05, 
      5.2199492066709224e-05, 
      -9.9642243138393265e-06
    ], 
    "row_1": [
      5.2199492066709224e-05, 
      0.00010467995607589251, 
      3.7428559747208851e-06
    ], 
    "row_2": [
      -9.9642243138393282e-06, 
      3.7428559747208864e-06, 
      0.00014494886596054269
    ]
  }, 
  "h": 6.8777789197051513, 
  "t": 0.25, 
  "x": -0.57418391993075457, 
  "y": 0.24228010026887967
}