{
  "covariance": {
    "row_0": [
      0.00016666703056320242, 
      0.0, 
      0.0
    ], 
    "row_1": [
      0.0, 
      0.00023895522201268821, 
      0.0
    ], 
    "row_2": [
      0.0, 
      0.0, 
      0.00037835258137779751
    ]
  }, 
  "h": 6.6175663018529107, 
  "t": 0.16005900000000001, 
  "x": -0.50076293626131996, 
  "y": 0.049980931352675145
}