{
  "covariance": {
    "row_0": [
      3.4572962180891372e-05, 
      5.376351057384892e-05, 
      2.3398082556414636e-06
    ], 
    "row_1": [
      5.3763510573848913e-05, 
      0.00011437043644670299, 
      1.5449007126588627e-05
    ], 
    "row_2": [
      2.3398082556414606e-06, 
      1.5449007126588627e-05, 
      0.00010861577294192641
    ]
  }, 
  "h": 7.0850151301577284, 
  "t": 0.34999999999999998, 
  "x": -0.59571367824873767, 
  "y": 0.44131272550474171
}