{
  "h": 7.1410101306253511, 
  "t": 0.39003906250000003, 
  "x": -0.58617081275710992, 
  "y": 0.50691256828697062
}