{
  "sigmaH": 0.013629767582096974, 
  "sigmaX": 0.033808067522239749, 
  "sigmaY": 0.053354643242909901, 
  "t": 0.5, 
  "vh": 0.45634814398289458, 
  "vx": 1.107770939049368, 
  "vy": 1.8810811506170473
}