{
  "covariance": {
    "row_0": [
      2.6283879304346602e-05, 
      3.5000078068635124e-05, 
      5.3517903610988964e-06
    ], 
    "row_1": [
      3.5000078068635111e-05, 
      8.5933210869874695e-05, 
      1.7345352294699178e-05
    ], 
    "row_2": [
      5.3517903610988973e-06, 
      1.7345352294699185e-05, 
      5.5529985947746755e-05
    ]
  }, 
  "h": 7.1739063991975351, 
  "t": 0.41005900000000001, 
  "x": -0.57535823493269955, 
  "y": 0.55742867637461213
}