{
  "h": 7.2060358015288006, 
  "t": 0.45000000000000001, 
  "x": -0.54959719631088677, 
  "y": 0.61798871684816614
}