{
  "h": 6.5789641842662574, 
  "t": 0.15000000000000002, 
  "x": -0.48503913397534265, 
  "y": 0.026818845783399294
}