{
  "sigmaH": 0.053844260632649819, 
  "sigmaX": 0.001, 
  "sigmaY": 0.058076363727413705, 
  "t": 0.34003899999999998, 
  "vh": 1.7598245467631302, 
  "vx": 0.025172108441198913, 
  "vy": 1.8310409409183253
}