{
  "covariance": {
    "row_0": [
      7.9763989418003232e-05, 
      8.5268682123471149e-05, 
      -1.8068775193169161e-05
    ], 
    "row_1": [
      8.5268682123471149e-05, 
      0.0001637314423223388, 
      4.6550195727439217e-06
    ], 
    "row_2": [
      -1.8068775193169164e-05, 
      4.6550195727439217e-06, 
      0.00023880704697055684
    ]
  }, 
  "h": 6.9921191067974124, 
  "t": 0.29999999999999999, 
  "x": -0.59356696018122834, 
  "y": 0.3429957015730043
}