{
  "covariance": {
    "row_0": [
      2.1568772309077639e-05, 
      2.970602772392443e-05, 
      2.5275240618543885e-06
    ], 
    "row_1": [
      2.9706027723924427e-05, 
      6.5931204800516962e-05, 
      1.0442570107824272e-05
    ], 
    "row_2": [
      2.5275240618543868e-06, 
      1.0442570107824276e-05, 
      5.7744553465991463e-05
    ]
  }, 
  "h": 6.9916884646321265, 
  "t": 0.29999999999999616, 
  "x": -0.59352363604309533, 
  "y": 0.34441763381886814
}