{
  "sigmaH": 0.071447307957078002, 
  "sigmaX": 0.013626361039488529, 
  "sigmaY": 0.060143197419347871, 
  "t": 0.27001999999999998, 
  "vh": 2.24283755625139, 
  "vx": -0.44625694214764455, 
  "vy": 1.9012493773366086
}