{
  "sigmaH": 0.061381409208024706, 
  "sigmaX": 0.0053681378079346587, 
  "sigmaY": 0.058961325991603246, 
  "t": 0.31005899999999997, 
  "vh": 2.0806976453289288, 
  "vx": -0.17907056778849381, 
  "vy": 2.0333807825196839
}