{
  "h": 6.6442952424764892, 
  "t": 0.17001953125000002, 
  "x": -0.50861505122499995, 
  "y": 0.069026165779049617
}