{
  "h": 6.2440128582819874, 
  "t": 0.06005859375, 
  "x": -0.34512231009174166, 
  "y": -0.1676708241593978
}