{
  "covariance": {
    "row_0": [
      0.00020034752993362161, 
      0.0, 
      0.0
    ], 
    "row_1": [
      0.0, 
      0.00032258192890577441, 
      0.0
    ], 
    "row_2": [
      0.0, 
      0.0, 
      0.00053631352725210218
    ]
  }, 
  "h": 6.7420735010012534, 
  "t": 0.20000000000000001, 
  "x": -0.54349397456927317, 
  "y": 0.13359803957694977
}