{
  "h": 3.1606998412555196, 
  "x": 0.60267107558356581, 
  "y": 0.066308037485296012
}