{
  "initialHPosition": 1.5304375034161186, 
  "initialXPosition": -0.23630217877627269, 
  "initialYPosition": -0.30129787452123219, 
  "trueH": 1.4792364880992492, 
  "trueX": -0.25667573302136004, 
  "trueY": -0.26437534654392703
}