{
  "t": 0.27000000000000007, 
  "vh": -0.012441344838070419, 
  "vx": 0.00024767974533733569, 
  "vy": 5.2576775709789533e-05
}