{
  "t": 0.21000000000000005, 
  "vh": 0.0033423015273333608, 
  "vx": -0.0032207989169735348, 
  "vy": 0.00061961158810211535
}