{
  "t": 0.43000000000000022, 
  "vh": -0.016299688706887191, 
  "vx": 0.00059764655974749788, 
  "vy": -0.0001424352511240864
}