{
  "covariance": {
    "row_0": [
      2.1330509011924672e-05, 
      1.0366207419590085e-05, 
      -1.9884724331611865e-06
    ], 
    "row_1": [
      1.0366207419590085e-05, 
      4.2769948648268585e-05, 
      -2.0042985490639567e-06
    ], 
    "row_2": [
      -1.9884724331611865e-06, 
      -2.0042985490639567e-06, 
      0.00066079306908446993
    ]
  }, 
  "h": 1.4869491584864472, 
  "t": 0.27000000000000007, 
  "x": -0.24822403483763036, 
  "y": -0.26458925245866788
}