{
  "t": 0.080000000000000002, 
  "vh": -0.0064664938760835124, 
  "vx": 0.00051030197354888182, 
  "vy": -0.0017549316029183142
}