{
  "t": 0.36000000000000015, 
  "vh": 0.013153467075711908, 
  "vx": 0.00083362487791549013, 
  "vy": 9.4587360407831137e-05
}