{
  "t": 0.34000000000000014, 
  "vh": -0.0036148722366802217, 
  "vx": -0.00074562507193485985, 
  "vy": 0.00077966213156314751
}