{
  "covariance": {
    "row_0": [
      2.4150992682044551e-05, 
      1.4808711646619813e-05, 
      -5.7725340027345263e-06
    ], 
    "row_1": [
      1.4808711646619813e-05, 
      5.7499386204664961e-05, 
      -6.7159454037393175e-06
    ], 
    "row_2": [
      -5.7725340027345805e-06, 
      -6.7159454037391006e-06, 
      0.0011372439287753646
    ]
  }, 
  "h": 1.4907373441712313, 
  "t": 0.099902343750000927, 
  "x": -0.25326163080042952, 
  "y": -0.27271812601975137
}