{
  "t": 0.11999999999999998, 
  "vh": 0.00051683256466983699, 
  "vx": -0.0016100458360893831, 
  "vy": -0.0016359342108351056
}