{
  "t": 0.099999999999999992, 
  "vh": -0.0072930656296173535, 
  "vx": -0.0014079139831002058, 
  "vy": -0.0028656168753254108
}