{
  "t": 0.18000000000000002, 
  "vh": 0.0082437475255576088, 
  "vx": -0.0023655675651941244, 
  "vy": -0.00048858902406809495
}