{
  "covariance": {
    "row_0": [
      0.0025908100000000029, 
      0.0, 
      0.0
    ], 
    "row_1": [
      0.0, 
      0.0025908100000000029, 
      0.0
    ], 
    "row_2": [
      0.0, 
      0.0, 
      0.010180810000000007
    ]
  }, 
  "h": 1.5304289432845404, 
  "t": 0.089999999999999997, 
  "x": -0.2362536762302353, 
  "y": -0.30132426937570128
}