{
  "t": 0.02, 
  "vh": -0.01357864448403682, 
  "vx": -0.00011751631768235359, 
  "vy": -8.7632638674066179e-05
}