{
  "covariance": {
    "row_0": [
      1.7787234521468093e-05, 
      8.1576327266718834e-06, 
      -1.1713257026632456e-06
    ], 
    "row_1": [
      8.1576327266718817e-06, 
      3.3844416584333134e-05, 
      -1.0699356849204379e-06
    ], 
    "row_2": [
      -1.1713257026632456e-06, 
      -1.0699356849204383e-06, 
      0.00047189124261493308
    ]
  }, 
  "h": 1.4853749186416003, 
  "t": 0.36000000000000015, 
  "x": -0.24834689191876472, 
  "y": -0.26248990781158332
}