{
  "t": 0.029999999999999999, 
  "vh": 0.0045704844260306332, 
  "vx": 0.00080387410223238791, 
  "vy": -0.0010090067148230794
}