{
  "t": 0.42000000000000021, 
  "vh": -0.0020704544994929034, 
  "vx": 0.0008502331501253781, 
  "vy": 0.0015925500887086364
}