{
  "covariance": {
    "row_0": [
      0.002601000000000003, 
      0.0, 
      0.0
    ], 
    "row_1": [
      0.0, 
      0.002601000000000003, 
      0.0
    ], 
    "row_2": [
      0.0, 
      0.0, 
      0.010201000000000007
    ]
  }, 
  "h": 1.5303560126282443, 
  "t": 0.099999999999999992, 
  "x": -0.23626775537006631, 
  "y": -0.30135292554445453
}