{
  "covariance": {
    "row_0": [
      1.7873860721095878e-05, 
      9.6120406296043906e-06, 
      -1.9373513909216281e-06
    ], 
    "row_1": [
      9.6120406296043906e-06, 
      3.7752916351003677e-05, 
      -1.9559644942939468e-06
    ], 
    "row_2": [
      -1.9373513909216281e-06, 
      -1.9559644942939468e-06, 
      0.0006403884729378822
    ]
  }, 
  "h": 1.4870841129663592, 
  "t": 0.23000000000000007, 
  "x": -0.2482010189728063, 
  "y": -0.26456991452069095
}