{
  "covariance": {
    "row_0": [
      2.9172799026008692e-05, 
      1.6018465459760722e-05, 
      -5.9178358728329138e-06
    ], 
    "row_1": [
      1.6018465459760722e-05, 
      6.5249391240292589e-05, 
      -6.8749878472815503e-06
    ], 
    "row_2": [
      -5.917835872832968e-06, 
      -6.8749878472813334e-06, 
      0.0011712831323322942
    ]
  }, 
  "h": 1.4909548254609468, 
  "t": 0.14999999999999999, 
  "x": -0.25331280949623419, 
  "y": -0.27272618846782393
}