{
  "covariance": {
    "row_0": [
      0.0025100100000000005, 
      0.0, 
      0.0
    ], 
    "row_1": [
      0.0, 
      0.0025100100000000005, 
      0.0
    ], 
    "row_2": [
      0.0, 
      0.0, 
      0.010020010000000001
    ]
  }, 
  "h": 1.5304598813714851, 
  "t": 0.01, 
  "x": -0.23628169286542303, 
  "y": -0.30129715698370541
}