{
  "covariance": {
    "row_0": [
      1.7059698648388678e-05, 
      9.4234989321079675e-06, 
      -1.9245711303617384e-06
    ], 
    "row_1": [
      9.4234989321079675e-06, 
      3.6548658276687449e-05, 
      -1.9438809806014444e-06
    ], 
    "row_2": [
      -1.9245711303617384e-06, 
      -1.9438809806014444e-06, 
      0.00063533732390123518
    ]
  }, 
  "h": 1.487157842507665, 
  "t": 0.22000000000000006, 
  "x": -0.24819774325096453, 
  "y": -0.26455479198741011
}