{
  "covariance": {
    "row_0": [
      1.3901311663126497e-05, 
      7.3333560730011496e-06, 
      -1.1272277488662871e-06
    ], 
    "row_1": [
      7.3333560730011471e-06, 
      2.8335634588390715e-05, 
      -1.0323257692597361e-06
    ], 
    "row_2": [
      -1.1272277488662871e-06, 
      -1.0323257692597365e-06, 
      0.00045041826207635049
    ]
  }, 
  "h": 1.485400418385129, 
  "t": 0.31000000000000011, 
  "x": -0.2483650322320731, 
  "y": -0.26250940890588381
}