{
  "covariance": {
    "row_0": [
      1.3034582204422343e-05, 
      6.4801967551583761e-06, 
      -8.3133994735224082e-07
    ], 
    "row_1": [
      6.4801967551583736e-06, 
      2.5382178860320975e-05, 
      -7.1190086961979697e-07
    ], 
    "row_2": [
      -8.3133994735224082e-07, 
      -7.1190086961979697e-07, 
      0.00036087144813893532
    ]
  }, 
  "h": 1.484404003088394, 
  "t": 0.4100000000000002, 
  "x": -0.2509774582017531, 
  "y": -0.26095509391435034
}