{
  "t": 0.14999999999999999, 
  "vh": -0.0024239895805418486, 
  "vx": -0.00071028695852885467, 
  "vy": -0.00028013210832103844
}