{
  "covariance": {
    "row_0": [
      1.9320903754933328e-05, 
      7.6985055850218343e-06, 
      -8.8884635250273022e-07
    ], 
    "row_1": [
      7.6985055850218326e-06, 
      3.399036653503305e-05, 
      -7.5758082217110907e-07
    ], 
    "row_2": [
      -8.8884635250273022e-07, 
      -7.5758082217110907e-07, 
      0.000391905946219854
    ]
  }, 
  "h": 1.4841525422318855, 
  "t": 0.49000000000000027, 
  "x": -0.25099484059784705, 
  "y": -0.26097311598634421
}