{
  "covariance": {
    "row_0": [
      1.6970049949799774e-05, 
      7.992777395937736e-06, 
      -1.1625061119038542e-06
    ], 
    "row_1": [
      7.9927773959377343e-06, 
      3.270266018514465e-05, 
      -1.0624137017882976e-06
    ], 
    "row_2": [
      -1.1625061119038542e-06, 
      -1.062413701788298e-06, 
      0.00046755664650721662
    ]
  }, 
  "h": 1.4852433839708432, 
  "t": 0.35000000000000014, 
  "x": -0.24835522816754388, 
  "y": -0.26249085368518738
}