{
  "covariance": {
    "row_0": [
      1.2332095794422357e-05, 
      6.3264209580298411e-06, 
      -8.2408144845996569e-07
    ], 
    "row_1": [
      6.3264209580298385e-06, 
      2.438662487556264e-05, 
      -7.0613511389006222e-07
    ], 
    "row_2": [
      -8.2408144845996569e-07, 
      -7.0613511389006222e-07, 
      0.00035704522948621032
    ]
  }, 
  "h": 1.4844342740289505, 
  "t": 0.39990234375001527, 
  "x": -0.25098542229931603, 
  "y": -0.26095601820021258
}