{
  "t": 0.040000000000000001, 
  "vh": 0.0050066286077110013, 
  "vx": 0.0011827902403729208, 
  "vy": 0.00038427147331793437
}