{
  "covariance": {
    "row_0": [
      0.0025502500000000017, 
      0.0, 
      0.0
    ], 
    "row_1": [
      0.0, 
      0.0025502500000000017, 
      0.0
    ], 
    "row_2": [
      0.0, 
      0.0, 
      0.010100250000000003
    ]
  }, 
  "h": 1.5304324812964247, 
  "t": 0.050000000000000003, 
  "x": -0.23625761088250724, 
  "y": -0.30130504144921477
}