{
  "t": 0.45000000000000023, 
  "vh": -0.0087433131040306408, 
  "vx": 0.0014533211344554171, 
  "vy": -0.00042232054391077667
}