{
  "t": 0.29000000000000009, 
  "vh": 0.0053479766749298862, 
  "vx": -0.00011842285216797637, 
  "vy": 0.00059349252735145183
}