{
  "t": 0.060000000000000005, 
  "vh": 0.0099555318689214436, 
  "vx": -0.000409494593515076, 
  "vy": -0.0013406841928349999
}