{
  "t": 0.31000000000000011, 
  "vh": -0.0055118218364398229, 
  "vx": -0.00099471760540552844, 
  "vy": -3.3114866583969949e-05
}