{
  "covariance": {
    "row_0": [
      0.0025704900000000025, 
      0.0, 
      0.0
    ], 
    "row_1": [
      0.0, 
      0.0025704900000000025, 
      0.0
    ], 
    "row_2": [
      0.0, 
      0.0, 
      0.010140490000000005
    ]
  }, 
  "h": 1.5304745196670728, 
  "t": 0.070000000000000007, 
  "x": -0.23625752718316076, 
  "y": -0.30131522911282987
}