{
  "t": 0.20000000000000004, 
  "vh": 0.0095266006138192087, 
  "vx": 0.00014471551335626512, 
  "vy": 0.00054009861312318539
}