{
  "t": 0.070000000000000007, 
  "vh": -0.0057516948041000564, 
  "vx": 0.00041786452816193953, 
  "vy": 0.00032191783132748359
}