{
  "t": 0.35000000000000014, 
  "vh": -0.0094839765155089583, 
  "vx": 0.00010368449328846814, 
  "vy": 0.00087063151026091161
}