{
  "t": 0.48000000000000026, 
  "vh": -0.0024494086995340493, 
  "vx": -0.0006190661871713801, 
  "vy": 1.6022643642943668e-05
}