{
  "covariance": {
    "row_0": [
      0.0025401600000000014, 
      0.0, 
      0.0
    ], 
    "row_1": [
      0.0, 
      0.0025401600000000014, 
      0.0
    ], 
    "row_2": [
      0.0, 
      0.0, 
      0.010080160000000003
    ]
  }, 
  "h": 1.5304198660569823, 
  "t": 0.040000000000000001, 
  "x": -0.23626300138517381, 
  "y": -0.3013042806625072
}