{
  "covariance": {
    "row_0": [
      0.002560360000000002, 
      0.0, 
      0.0
    ], 
    "row_1": [
      0.0, 
      0.002560360000000002, 
      0.0
    ], 
    "row_2": [
      0.0, 
      0.0, 
      0.010120360000000005
    ]
  }, 
  "h": 1.5305320366151138, 
  "t": 0.060000000000000005, 
  "x": -0.23626170582844239, 
  "y": -0.30131844829114313
}