{
  "t": 0.17000000000000001, 
  "vh": 0.0076662479374698137, 
  "vx": 0.001086427839493866, 
  "vy": -0.00097276118106767316
}