{
  "t": 0.4100000000000002, 
  "vh": -0.0029978184845153954, 
  "vx": 0.00078870753428114573, 
  "vy": 9.1534692739084678e-05
}