{
  "covariance": {
    "row_0": [
      3.4685304555035878e-05, 
      1.7225861078334136e-05, 
      -6.0628545034184409e-06
    ], 
    "row_1": [
      1.7225861078334136e-05, 
      7.348477733487872e-05, 
      -7.0337202665673661e-06
    ], 
    "row_2": [
      -6.0628545034184951e-06, 
      -7.0337202665671493e-06, 
      0.0012057564709471663
    ]
  }, 
  "h": 1.4913696061778368, 
  "t": 0.20000000000000004, 
  "x": -0.25335374485732154, 
  "y": -0.27275108188263514
}