{
  "t": 0.19000000000000003, 
  "vh": 0.0010163172444801333, 
  "vx": -0.0017358734898607815, 
  "vy": 0.0003461804679574642
}