{
  "t": 0.26000000000000006, 
  "vh": -0.0074255674513736356, 
  "vx": -0.0012388794923813991, 
  "vy": 8.5920769760875284e-05
}