{
  "t": 0.32000000000000012, 
  "vh": 0.00095527673412666161, 
  "vx": 0.0017253252848883635, 
  "vy": -0.0014622334133045963
}