{
  "covariance": {
    "row_0": [
      2.610529570859239e-05, 
      1.5294028088616678e-05, 
      -5.8308246944815977e-06
    ], 
    "row_1": [
      1.5294028088616678e-05, 
      6.0548159583540925e-05, 
      -6.7797483957100592e-06
    ], 
    "row_2": [
      -5.8308246944816519e-06, 
      -6.7797483957098424e-06, 
      0.0011508391291633708
    ]
  }, 
  "h": 1.4909408139475211, 
  "t": 0.11999999999999998, 
  "x": -0.25329339314217175, 
  "y": -0.27274626936711177
}