{
  "covariance": {
    "row_0": [
      2.1255972808141373e-05, 
      8.8170540496084766e-06, 
      -1.2066040657008127e-06
    ], 
    "row_1": [
      8.8170540496084749e-06, 
      3.8611442181087082e-05, 
      -1.1000236174489993e-06
    ], 
    "row_2": [
      -1.2066040657008127e-06, 
      -1.1000236174489997e-06, 
      0.00048942962704579917
    ]
  }, 
  "h": 1.4853264114907065, 
  "t": 0.40000000000000019, 
  "x": -0.24836189184462301, 
  "y": -0.26247944701275067
}