{
  "covariance": {
    "row_0": [
      1.6813533173491709e-05, 
      7.2416397738230378e-06, 
      -8.672814505712966e-07
    ], 
    "row_1": [
      7.2416397738230352e-06, 
      3.0612296157016023e-05, 
      -7.4045083996436704e-07
    ], 
    "row_2": [
      -8.672814505712966e-07, 
      -7.4045083996436704e-07, 
      0.00038011800943950949
    ]
  }, 
  "h": 1.4840933363001407, 
  "t": 0.46000000000000024, 
  "x": -0.25095143256150521, 
  "y": -0.26097320643617161
}