{
  "t": 0.16, 
  "vh": 0.015025158367690682, 
  "vx": -0.0012232384065285126, 
  "vy": -0.001914270357068693
}