{
  "t": 0.25000000000000006, 
  "vh": 0.0084511831669153766, 
  "vx": -0.00030776120308435427, 
  "vy": -0.00071994461429223885
}