{
  "covariance": {
    "row_0": [
      3.2420302343425006e-05, 
      1.674290283090477e-05, 
      -6.0048470511842299e-06
    ], 
    "row_1": [
      1.674290283090477e-05, 
      7.0130622897044269e-05, 
      -6.9702272988530396e-06
    ], 
    "row_2": [
      -6.0048470511842841e-06, 
      -6.9702272988528227e-06, 
      0.0011919071355012175
    ]
  }, 
  "h": 1.4912641769992538, 
  "t": 0.18000000000000002, 
  "x": -0.25333783327755649, 
  "y": -0.27275994467344594
}