{
  "covariance": {
    "row_0": [
      1.6017742979677835e-05, 
      7.0893511700901039e-06, 
      -8.6009314992748547e-07
    ], 
    "row_1": [
      7.0893511700901014e-06, 
      2.9526272697677009e-05, 
      -7.3474084589545313e-07
    ], 
    "row_2": [
      -8.6009314992748547e-07, 
      -7.3474084589545313e-07, 
      0.00037622869717939466
    ]
  }, 
  "h": 1.4840565276985567, 
  "t": 0.45000000000000023, 
  "x": -0.25094476427593315, 
  "y": -0.26095549608424329
}