{
  "t": 0.050000000000000003, 
  "vh": 0.0012615239442341909, 
  "vx": 0.00053905026665807616, 
  "vy": -7.6078670759705333e-05
}