{
  "t": 0.12999999999999998, 
  "vh": -0.0075526967195772808, 
  "vx": -0.00046986697785793145, 
  "vy": 0.0010372311672948488
}