{
  "t": 0.38000000000000017, 
  "vh": -0.0097265670022698668, 
  "vx": 0.00023141278444952605, 
  "vy": -0.00049295375041207132
}