{
  "covariance": {
    "row_0": [
      0.0025300900000000013, 
      0.0, 
      0.0
    ], 
    "row_1": [
      0.0, 
      0.0025300900000000013, 
      0.0
    ], 
    "row_2": [
      0.0, 
      0.0, 
      0.010060090000000002
    ]
  }, 
  "h": 1.5303697997709051, 
  "t": 0.029999999999999999, 
  "x": -0.23627482928757754, 
  "y": -0.30130812337724039
}