{
  "covariance": {
    "row_0": [
      2.8130297920203261e-05, 
      1.5776986336046044e-05, 
      -5.8888321467158087e-06
    ], 
    "row_1": [
      1.5776986336046044e-05, 
      6.3662314021375378e-05, 
      -6.8432413634243883e-06
    ], 
    "row_2": [
      -5.8888321467158629e-06, 
      -6.8432413634241714e-06, 
      0.0011644484646093198
    ]
  }, 
  "h": 1.4909790653567523, 
  "t": 0.13999999999999999, 
  "x": -0.25330570662664892, 
  "y": -0.27272338714674071
}