{
  "t": 0.13999999999999999, 
  "vh": 0.011377837642694611, 
  "vx": -0.00076148146985665092, 
  "vy": 0.0012509908698134487
}