{
  "t": 0.22000000000000006, 
  "vh": 0.011059896639079188, 
  "vx": -0.0011890781786146295, 
  "vy": 0.00073806406969607571
}