{
  "covariance": {
    "row_0": [
      1.8708022793803077e-05, 
      9.8005823271008153e-06, 
      -1.9501316514815178e-06
    ], 
    "row_1": [
      9.8005823271008153e-06, 
      3.8977174425319907e-05, 
      -1.9680480079864497e-06
    ], 
    "row_2": [
      -1.9501316514815178e-06, 
      -1.9680480079864497e-06, 
      0.0006454596219745292
    ]
  }, 
  "h": 1.4870633157776723, 
  "t": 0.24000000000000007, 
  "x": -0.24821104522812909, 
  "y": -0.26458343798797967
}