{
  "t": 0.23000000000000007, 
  "vh": -0.0073729541305814729, 
  "vx": -0.00032757218417845058, 
  "vy": -0.0015122533280840698
}