{
  "covariance": {
    "row_0": [
      3.1317801237619572e-05, 
      1.6501423707190085e-05, 
      -5.9758433250671256e-06
    ], 
    "row_1": [
      1.6501423707190085e-05, 
      6.8483545678127035e-05, 
      -6.9384808149958776e-06
    ], 
    "row_2": [
      -5.9758433250671798e-06, 
      -6.9384808149956608e-06, 
      0.0011850124677782433
    ]
  }, 
  "h": 1.4911817395239984, 
  "t": 0.17000000000000001, 
  "x": -0.25331417760190456, 
  "y": -0.27275505878320527
}