{
  "covariance": {
    "row_0": [
      1.4486162592050087e-05, 
      6.7847739626242413e-06, 
      -8.457165486398633e-07
    ], 
    "row_1": [
      6.7847739626242387e-06, 
      2.7414225778998994e-05, 
      -7.2332085775762532e-07
    ], 
    "row_2": [
      -8.457165486398633e-07, 
      -7.2332085775762532e-07, 
      0.00036851007265916504
    ]
  }, 
  "h": 1.4842203016563302, 
  "t": 0.43000000000000022, 
  "x": -0.2509629794046544, 
  "y": -0.26094059276597448
}