{
  "covariance": {
    "row_0": [
      2.4132995230046275e-05, 
      1.0931832512079354e-05, 
      -2.0268132148408556e-06
    ], 
    "row_1": [
      1.0931832512079354e-05, 
      4.6742722871217272e-05, 
      -2.0405490901414636e-06
    ], 
    "row_2": [
      -2.0268132148408556e-06, 
      -2.0405490901414636e-06, 
      0.00067630651619441078
    ]
  }, 
  "h": 1.4870951796500533, 
  "t": 0.3000000000000001, 
  "x": -0.24820910083569664, 
  "y": -0.26458391429454992
}