{
  "covariance": {
    "row_0": [
      0.0025806400000000025, 
      0.0, 
      0.0
    ], 
    "row_1": [
      0.0, 
      0.0025806400000000025, 
      0.0
    ], 
    "row_2": [
      0.0, 
      0.0, 
      0.010160640000000006
    ]
  }, 
  "h": 1.530409854728312, 
  "t": 0.080000000000000002, 
  "x": -0.23625242416342526, 
  "y": -0.30133277842885908
}