{
  "covariance": {
    "row_0": [
      3.3542803449230437e-05, 
      1.6984381954619448e-05, 
      -6.0338507773013349e-06
    ], 
    "row_1": [
      1.6984381954619448e-05, 
      7.1797700115961479e-05, 
      -7.0019737827102033e-06
    ], 
    "row_2": [
      -6.0338507773013892e-06, 
      -7.0019737827099864e-06, 
      0.0011988218032241919
    ]
  }, 
  "h": 1.4912743401716986, 
  "t": 0.19000000000000003, 
  "x": -0.2533551920124551, 
  "y": -0.27275648286876636
}