{
  "covariance": {
    "row_0": [
      1.4638496234794817e-05, 
      7.4982114037352945e-06, 
      -1.136047339625679e-06
    ], 
    "row_1": [
      7.498211403735292e-06, 
      2.9397390987579196e-05, 
      -1.0398477523918766e-06
    ], 
    "row_2": [
      -1.136047339625679e-06, 
      -1.039847752391877e-06, 
      0.00045467285818406709
    ]
  }, 
  "h": 1.4854099711524702, 
  "t": 0.32000000000000012, 
  "x": -0.24834777897922422, 
  "y": -0.26252403124001683
}