{
  "covariance": {
    "row_0": [
      1.5241952785863961e-05, 
      6.9370625663571743e-06, 
      -8.5290484928367433e-07
    ], 
    "row_1": [
      6.9370625663571718e-06, 
      2.8460249238338005e-05, 
      -7.2903085182653912e-07
    ], 
    "row_2": [
      -8.5290484928367433e-07, 
      -7.2903085182653912e-07, 
      0.00037235938491927983
    ]
  }, 
  "h": 1.484143960829597, 
  "t": 0.44000000000000022, 
  "x": -0.25095929748727769, 
  "y": -0.26095127287880421
}