{
  "covariance": {
    "row_0": [
      2.5122794602786955e-05, 
      1.5052548964902e-05, 
      -5.8018209683644917e-06
    ], 
    "row_1": [
      1.5052548964902e-05, 
      5.902108236462371e-05, 
      -6.7480019118528955e-06
    ], 
    "row_2": [
      -5.801820968364546e-06, 
      -6.7480019118526787e-06, 
      0.0011440644614403963
    ]
  }, 
  "h": 1.4909356456218743, 
  "t": 0.10999999999999999, 
  "x": -0.25327729268381088, 
  "y": -0.27272991002500341
}