{
  "covariance": {
    "row_0": [
      1.3750372398236214e-05, 
      6.6324853588913083e-06, 
      -8.3852824799605206e-07
    ], 
    "row_1": [
      6.6324853588913057e-06, 
      2.6388202319659983e-05, 
      -7.1761086368871109e-07
    ], 
    "row_2": [
      -8.3852824799605206e-07, 
      -7.1761086368871109e-07, 
      0.00036468076039905019
    ]
  }, 
  "h": 1.4843832985433991, 
  "t": 0.42000000000000021, 
  "x": -0.25096895587025186, 
  "y": -0.26093916841346326
}