{
  "t": 0.37000000000000016, 
  "vh": -0.0017347162890114908, 
  "vx": -0.00094323655944295092, 
  "vy": 0.00025016403670095053
}