{
  "covariance": {
    "row_0": [
      1.5483912936407024e-05, 
      9.0445743096004359e-06, 
      -1.8988858020099239e-06
    ], 
    "row_1": [
      9.0445743096004359e-06, 
      3.4188871030221879e-05, 
      -1.9195959501530319e-06
    ], 
    "row_2": [
      -1.8988858020099239e-06, 
      -1.9195959501530319e-06, 
      0.00062524618743555274
    ]
  }, 
  "h": 1.4870134941293673, 
  "t": 0.19990234374999627, 
  "x": -0.24815332994886438, 
  "y": -0.26456842925293222
}