{
  "t": 0.49000000000000027, 
  "vh": 0.0084901877286287127, 
  "vx": -0.0011345469492007089, 
  "vy": -0.0015727902616274319
}