{
  "t": 0.24000000000000007, 
  "vh": -0.0020797188687038909, 
  "vx": -0.001002625532277985, 
  "vy": -0.00135234672886977
}