{
  "t": 0.10999999999999999, 
  "vh": 0.01963836416426111, 
  "vx": -0.0015510414489848417, 
  "vy": -0.0011670040017518375
}