{
  "t": 0.40000000000000019, 
  "vh": -0.0074225009206411235, 
  "vx": -0.0014192808703004768, 
  "vy": 0.00091265591546019112
}