{
  "covariance": {
    "row_0": [
      3.0235300131814131e-05, 
      1.62599445834754e-05, 
      -5.9468395989500197e-06
    ], 
    "row_1": [
      1.62599445834754e-05, 
      6.6856468459209803e-05, 
      -6.9067343311387139e-06
    ], 
    "row_2": [
      -5.9468395989500739e-06, 
      -6.9067343311384971e-06, 
      0.0011781378000552687
    ]
  }, 
  "h": 1.4911050770446237, 
  "t": 0.16, 
  "x": -0.25332504188029947, 
  "y": -0.2727453311713946
}