{
  "covariance": {
    "row_0": [
      1.6265536575681478e-05, 
      9.2349572346115461e-06, 
      -1.9117908698018487e-06
    ], 
    "row_1": [
      9.2349572346115461e-06, 
      3.5364400202371224e-05, 
      -1.9317974669089424e-06
    ], 
    "row_2": [
      -1.9117908698018487e-06, 
      -1.9317974669089424e-06, 
      0.00063030617486458827
    ]
  }, 
  "h": 1.4870472435412743, 
  "t": 0.21000000000000005, 
  "x": -0.24818585246917838, 
  "y": -0.26456217262810705
}