{
  "covariance": {
    "row_0": [
      1.8624419093136412e-05, 
      8.3224880574060326e-06, 
      -1.1801452934226375e-06
    ], 
    "row_1": [
      8.3224880574060309e-06, 
      3.5006172983521621e-05, 
      -1.0774576680525783e-06
    ], 
    "row_2": [
      -1.1801452934226375e-06, 
      -1.0774576680525787e-06, 
      0.00047624583872264963
    ]
  }, 
  "h": 1.4853575714787102, 
  "t": 0.37000000000000016, 
  "x": -0.24835632428435914, 
  "y": -0.2624874061712163
}