{
  "t": 0.44000000000000022, 
  "vh": -0.0076340826733272884, 
  "vx": 0.00036819173767161224, 
  "vy": -0.001068011282974477
}