{
  "t": 0.3000000000000001, 
  "vh": 0.0021992184866670948, 
  "vx": 0.0012339628526262694, 
  "vy": -2.5708622235692749e-06
}