{
  "t": 0.33000000000000013, 
  "vh": -0.0035598694105236899, 
  "vx": -0.00010297825332017133, 
  "vy": 0.001667461841120213
}