{
  "covariance": {
    "row_0": [
      2.0358788236473052e-05, 
      8.6521987188743309e-06, 
      -1.197784474941421e-06
    ], 
    "row_1": [
      8.6521987188743292e-06, 
      3.7389685781898598e-05, 
      -1.0925016343168591e-06
    ], 
    "row_2": [
      -1.197784474941421e-06, 
      -1.0925016343168595e-06, 
      0.00048501503093808271
    ]
  }, 
  "h": 1.4854006364999131, 
  "t": 0.39000000000000018, 
  "x": -0.24834769903591999, 
  "y": -0.26248857357190525
}