{
  "covariance": {
    "row_0": [
      2.2244671084631871e-05, 
      1.0554749117086509e-05, 
      -2.0012526937210762e-06
    ], 
    "row_1": [
      1.0554749117086509e-05, 
      4.4074206722584815e-05, 
      -2.0163820627564587e-06
    ], 
    "row_2": [
      -2.0012526937210762e-06, 
      -2.0163820627564587e-06, 
      0.00066594421812111689
    ]
  }, 
  "h": 1.4870197076984373, 
  "t": 0.28000000000000008, 
  "x": -0.24822025623570121, 
  "y": -0.26458982351120119
}