{
  "covariance": {
    "row_0": [
      1.948160366480473e-05, 
      8.4873433881401834e-06, 
      -1.1889648841820291e-06
    ], 
    "row_1": [
      8.4873433881401817e-06, 
      3.6187929382710111e-05, 
      -1.0849796511847186e-06
    ], 
    "row_2": [
      -1.1889648841820291e-06, 
      -1.084979651184719e-06, 
      0.00048062043483036612
    ]
  }, 
  "h": 1.4852603058086875, 
  "t": 0.38000000000000017, 
  "x": -0.24835401015651465, 
  "y": -0.26249233570872044
}