{
  "covariance": {
    "row_0": [
      1.5395680806463136e-05, 
      7.6630667344694428e-06, 
      -1.1448669303850706e-06
    ], 
    "row_1": [
      7.6630667344694411e-06, 
      3.0479147386767684e-05, 
      -1.0473697355240166e-06
    ], 
    "row_2": [
      -1.1448669303850706e-06, 
      -1.0473697355240171e-06, 
      0.00045894745429178358
    ]
  }, 
  "h": 1.485374372458365, 
  "t": 0.33000000000000013, 
  "x": -0.24834880876175741, 
  "y": -0.26250735662160563
}