{
  "t": 0.47000000000000025, 
  "vh": -0.00012018585461831419, 
  "vx": -0.0025871904978112493, 
  "vy": 0.0015658126007221421
}