{
  "t": 0.39000000000000018, 
  "vh": 0.014033069122562173, 
  "vx": 0.00063111205946413508, 
  "vy": 0.00037621368151938143
}