{
  "t": 0.28000000000000008, 
  "vh": 0.0070549211990090215, 
  "vx": 0.00037786019291682432, 
  "vy": -5.7105253330114816e-05
}