{
  "covariance": {
    "row_0": [
      2.0196693948747195e-05, 
      7.8507941887547665e-06, 
      -8.9603465314654125e-07
    ], 
    "row_1": [
      7.8507941887547648e-06, 
      3.5156389994372049e-05, 
      -7.6329081624002298e-07
    ], 
    "row_2": [
      -8.9603465314654125e-07, 
      -7.6329081624002298e-07, 
      0.00039587525847996878
    ]
  }, 
  "h": 1.4841814645508238, 
  "t": 0.50000000000000022, 
  "x": -0.25099219180561405, 
  "y": -0.26097897988905716
}