{
  "t": 0.50000000000000022, 
  "vh": 0.0028922318938350644, 
  "vx": 0.00026487922329857438, 
  "vy": -0.00058639027129346762
}