{
  "covariance": {
    "row_0": [
      1.956218486651027e-05, 
      9.9891240245972384e-06, 
      -1.9629119120414075e-06
    ], 
    "row_1": [
      9.9891240245972384e-06, 
      4.0221432499636128e-05, 
      -1.9801315216789522e-06
    ], 
    "row_2": [
      -1.9629119120414075e-06, 
      -1.9801315216789522e-06, 
      0.00065055077101117608
    ]
  }, 
  "h": 1.4871478276093415, 
  "t": 0.25000000000000006, 
  "x": -0.24821412284015992, 
  "y": -0.26459063743412259
}