{
  "covariance": {
    "row_0": [
      2.7107796814397826e-05, 
      1.5535507212331363e-05, 
      -5.8598284205987028e-06
    ], 
    "row_1": [
      1.5535507212331363e-05, 
      6.2095236802458157e-05, 
      -6.8114948795672237e-06
    ], 
    "row_2": [
      -5.859828420598757e-06, 
      -6.8114948795670069e-06, 
      0.0011576337968863452
    ]
  }, 
  "h": 1.4908652869803254, 
  "t": 0.12999999999999998, 
  "x": -0.25329809181195034, 
  "y": -0.27273589705543883
}