{
  "t": 0.089999999999999997, 
  "vh": 0.0019088556228375323, 
  "vx": -0.00012520668100407132, 
  "vy": 0.00085090531577741897
}