{
  "covariance": {
    "row_0": [
      1.1983806185248842e-05, 
      5.9041505845475361e-06, 
      -6.7729210170106587e-07
    ], 
    "row_1": [
      5.9041505845475336e-06, 
      2.2996190228188234e-05, 
      -5.5345694077032125e-07
    ], 
    "row_2": [
      -6.7729210170106577e-07, 
      -5.5345694077032125e-07, 
      0.00030491325535179068
    ]
  }, 
  "h": 1.4833989064589985, 
  "t": 0.4999023437500153, 
  "x": -0.25303064856865565, 
  "y": -0.2644484087237704
}