{
  "covariance": {
    "row_0": [
      1.3177221945799532e-05, 
      7.1668908269277394e-06, 
      -1.118322029290882e-06
    ], 
    "row_1": [
      7.1668908269277369e-06, 
      2.728380339679033e-05, 
      -1.0247303292610678e-06
    ], 
    "row_2": [
      -1.118322029290882e-06, 
      -1.0247303292610682e-06, 
      0.00044614241110094209
    ]
  }, 
  "h": 1.4854560748673447, 
  "t": 0.2999023437499963, 
  "x": -0.24835498791562788, 
  "y": -0.26250907452334427
}