{
  "covariance": {
    "row_0": [
      2.0436346939217469e-05, 
      1.017766572209366e-05, 
      -1.9756921726012968e-06
    ], 
    "row_1": [
      1.017766572209366e-05, 
      4.1485690573952352e-05, 
      -1.9922150353714542e-06
    ], 
    "row_2": [
      -1.9756921726012968e-06, 
      -1.9922150353714542e-06, 
      0.00065566192004782296
    ]
  }, 
  "h": 1.4870735719348278, 
  "t": 0.26000000000000006, 
  "x": -0.24822651163508375, 
  "y": -0.26458977822642499
}