{
  "covariance": {
    "row_0": [
      2.3178833157339073e-05, 
      1.0743290814582931e-05, 
      -2.0140329542809659e-06
    ], 
    "row_1": [
      1.0743290814582931e-05, 
      4.5398464796901042e-05, 
      -2.0284655764489611e-06
    ], 
    "row_2": [
      -2.0140329542809659e-06, 
      -2.0284655764489611e-06, 
      0.00067111536715776384
    ]
  }, 
  "h": 1.4870731874651866, 
  "t": 0.29000000000000009, 
  "x": -0.2482214404642229, 
  "y": -0.26458388858592768
}