{
  "t": 0.46000000000000024, 
  "vh": 0.0036808601584167669, 
  "vx": -0.00066682855720598183, 
  "vy": -0.0017710351928328265
}