{
  "covariance": {
    "row_0": [
      1.8465113561119455e-05, 
      7.5462169812889021e-06, 
      -8.8165805185891898e-07
    ], 
    "row_1": [
      7.5462169812888996e-06, 
      3.284434307569404e-05, 
      -7.5187082810219506e-07
    ], 
    "row_2": [
      -8.8165805185891898e-07, 
      -7.5187082810219506e-07, 
      0.00038795663395973915
    ]
  }, 
  "h": 1.4840676403545991, 
  "t": 0.48000000000000026, 
  "x": -0.25098349512835505, 
  "y": -0.26095738808372793
}