{
  "covariance": {
    "row_0": [
      1.7629323367305582e-05, 
      7.3939283775559708e-06, 
      -8.7446975121510785e-07
    ], 
    "row_1": [
      7.3939283775559683e-06, 
      3.1718319616355033e-05, 
      -7.4616083403328105e-07
    ], 
    "row_2": [
      -8.7446975121510785e-07, 
      -7.4616083403328105e-07, 
      0.00038402732169962435
    ]
  }, 
  "h": 1.4840921344415945, 
  "t": 0.47000000000000025, 
  "x": -0.25097730446648331, 
  "y": -0.26095754831016438
}