{
  "t": 0.01, 
  "vh": 0.0022377955366584342, 
  "vx": 0.0020485910849658818, 
  "vy": 7.1753752678309167e-05
}