{
  "covariance": {
    "row_0": [
      1.6172865378131455e-05, 
      7.8279220652035902e-06, 
      -1.1536865211444625e-06
    ], 
    "row_1": [
      7.8279220652035885e-06, 
      3.1580903785956169e-05, 
      -1.0548917186561573e-06
    ], 
    "row_2": [
      -1.1536865211444625e-06, 
      -1.0548917186561578e-06, 
      0.00046324205039950016
    ]
  }, 
  "h": 1.4853382237359982, 
  "t": 0.34000000000000014, 
  "x": -0.24835626501247676, 
  "y": -0.26249956000029001
}