{
  "initialHPosition": -2.1606872866545288, 
  "initialXPosition": 0.62563311768854679, 
  "initialYPosition": 0.40267982049636053, 
  "trueH": -1.9200998740833741, 
  "trueX": 0.58468764394273109, 
  "trueY": 0.42582361077882047
}