{
  "covariance": {
    "row_0": [
      0.0025100100000000005, 
      0.0, 
      0.0
    ], 
    "row_1": [
      0.0, 
      0.0025100100000000005, 
      0.0
    ], 
    "row_2": [
      0.0, 
      0.0, 
      0.010020010000000001
    ]
  }, 
  "h": -2.1606737562185856, 
  "t": 0.01, 
  "x": 0.62563147270870745, 
  "y": 0.4026802561158887
}