{
  "t": 0.20000000000000004, 
  "vh": -0.0036619301128773068, 
  "vx": 0.0011606404463043556, 
  "vy": 0.00057892693741454909
}