{
  "t": 0.43000000000000022, 
  "vh": -0.0045349178672091399, 
  "vx": 0.00044414541306431291, 
  "vy": -0.00055151490835006521
}