{
  "covariance": {
    "row_0": [
      0.0025401600000000014, 
      0.0, 
      0.0
    ], 
    "row_1": [
      0.0, 
      0.0025401600000000014, 
      0.0
    ], 
    "row_2": [
      0.0, 
      0.0, 
      0.010080160000000003
    ]
  }, 
  "h": -2.1606208289222448, 
  "t": 0.040000000000000001, 
  "x": 0.62561629597766555, 
  "y": 0.40267162907260157
}