{
  "t": 0.11999999999999998, 
  "vh": -0.014245820302226349, 
  "vx": 0.00065158051478917691, 
  "vy": -0.0023334778233054881
}