{
  "t": 0.21000000000000005, 
  "vh": -0.01464842963481304, 
  "vx": -0.00022949485598269757, 
  "vy": 0.00026563344291978205
}