{
  "covariance": {
    "row_0": [
      8.5926373465125331e-06, 
      2.447284308558537e-06, 
      5.9140736278412634e-07
    ], 
    "row_1": [
      2.4472843085582719e-06, 
      2.4656234794223962e-05, 
      -5.2466684824146321e-07
    ], 
    "row_2": [
      5.9140736278412348e-07, 
      -5.2466684824146871e-07, 
      0.00029621849563767061
    ]
  }, 
  "h": -1.9275052730117066, 
  "t": 0.42000000000000021, 
  "x": 0.58078151343186957, 
  "y": 0.42239755083630798
}