{
  "covariance": {
    "row_0": [
      0.0025908100000000029, 
      0.0, 
      0.0
    ], 
    "row_1": [
      0.0, 
      0.0025908100000000029, 
      0.0
    ], 
    "row_2": [
      0.0, 
      0.0, 
      0.010180810000000007
    ]
  }, 
  "h": -2.1606879650317503, 
  "t": 0.089999999999999997, 
  "x": 0.62560517049871556, 
  "y": 0.40259537311449639
}