{
  "covariance": {
    "row_0": [
      1.1084332617916956e-05, 
      2.696118216411408e-06, 
      6.1521386149946647e-07
    ], 
    "row_1": [
      2.6961182164111429e-06, 
      2.878079033607342e-05, 
      -5.439362591513826e-07
    ], 
    "row_2": [
      6.1521386149946361e-07, 
      -5.439362591513881e-07, 
      0.00031014726098350058
    ]
  }, 
  "h": -1.9273706861884727, 
  "t": 0.46000000000000024, 
  "x": 0.58079492024006718, 
  "y": 0.42239894528491412
}