{
  "covariance": {
    "row_0": [
      1.4144546296980125e-05, 
      4.0020245789880097e-06, 
      7.8383033917034167e-07
    ], 
    "row_1": [
      4.002024578987742e-06, 
      3.7604724587945499e-05, 
      -8.2489338029507933e-07
    ], 
    "row_2": [
      7.8383033917033924e-07, 
      -8.248933802950895e-07, 
      0.00042619780148475949
    ]
  }, 
  "h": -1.9309727507302303, 
  "t": 0.39000000000000018, 
  "x": 0.58182150400255694, 
  "y": 0.41995718161593709
}