{
  "covariance": {
    "row_0": [
      1.3406787794750296e-05, 
      3.9208064351306891e-06, 
      7.7729678496253789e-07
    ], 
    "row_1": [
      3.9208064351304214e-06, 
      3.6390978958728605e-05, 
      -8.1862986700556703e-07
    ], 
    "row_2": [
      7.7729678496253546e-07, 
      -8.186298670055772e-07, 
      0.00042207889967671647
    ]
  }, 
  "h": -1.9308791747239116, 
  "t": 0.38000000000000017, 
  "x": 0.58181899048324781, 
  "y": 0.41995313155686198
}