{
  "t": 0.49000000000000027, 
  "vh": 0.00657618634572147, 
  "vx": 0.00083608782260870902, 
  "vy": -0.0013303812123332476
}