{
  "t": 0.48000000000000026, 
  "vh": 0.00092107614987748374, 
  "vx": -0.00067028853919106105, 
  "vy": -0.00017714822541086667
}