{
  "covariance": {
    "row_0": [
      1.1991270790290636e-05, 
      3.7583701474160458e-06, 
      7.6422967654693012e-07
    ], 
    "row_1": [
      3.7583701474157781e-06, 
      3.4023487700294797e-05, 
      -8.0610284042654232e-07
    ], 
    "row_2": [
      7.6422967654692769e-07, 
      -8.0610284042655248e-07, 
      0.00041390109606063042
    ]
  }, 
  "h": -1.9307074332955818, 
  "t": 0.36000000000000015, 
  "x": 0.58181077619104948, 
  "y": 0.41993049880108257
}