{
  "covariance": {
    "row_0": [
      1.1757256435768061e-05, 
      2.7583266933746258e-06, 
      6.2116548617830153e-07
    ], 
    "row_1": [
      2.7583266933743611e-06, 
      2.9861929221535777e-05, 
      -5.4875361187886287e-07
    ], 
    "row_2": [
      6.2116548617829867e-07, 
      -5.4875361187886837e-07, 
      0.0003136794523199581
    ]
  }, 
  "h": -1.9273370653112916, 
  "t": 0.47000000000000025, 
  "x": 0.58077635663422, 
  "y": 0.42239646330128705
}