{
  "t": 0.25000000000000006, 
  "vh": -0.00069937682080483223, 
  "vx": -0.00077694808993945461, 
  "vy": 0.0015312817214222715
}