{
  "t": 0.46000000000000024, 
  "vh": 0.012644097581303488, 
  "vx": -0.00072521113543886186, 
  "vy": 0.00013195367492434029
}