{
  "t": 0.27000000000000007, 
  "vh": 0.0049837957146214229, 
  "vx": -0.0011538420921771301, 
  "vy": 0.00056539076947690399
}