{
  "covariance": {
    "row_0": [
      0.00049419524160523431, 
      0.00095018537831769302, 
      -0.00050294611444391549
    ], 
    "row_1": [
      0.00095018537831769291, 
      0.0019527845737145853, 
      -0.0010553543726353166
    ], 
    "row_2": [
      -0.00050294611444391538, 
      -0.0010553543726353168, 
      0.002590669472541171
    ]
  }, 
  "h": -2.0067583208608726, 
  "t": 0.099902343750000927, 
  "x": 0.59207521031999089, 
  "y": 0.44540739512780841
}