{
  "t": 0.47000000000000025, 
  "vh": 0.0033620877181188245, 
  "vx": -0.0018563605847138451, 
  "vy": -0.00024819836270865812
}