{
  "t": 0.080000000000000002, 
  "vh": 0.0073299982739060141, 
  "vx": -0.00028433886850970434, 
  "vy": -0.0017880402011113397
}