{
  "t": 0.45000000000000023, 
  "vh": 0.019535556262153812, 
  "vx": 5.6321161105773136e-05, 
  "vy": -0.00098641611939424508
}