{
  "covariance": {
    "row_0": [
      1.3896027889321375e-05, 
      2.9449521242642812e-06, 
      6.3902036021480649e-07
    ], 
    "row_1": [
      2.9449521242640165e-06, 
      3.3225345877922855e-05, 
      -5.6320567006130252e-07
    ], 
    "row_2": [
      6.3902036021480363e-07, 
      -5.6320567006130802e-07, 
      0.0003243960263293305
    ]
  }, 
  "h": -1.9273082917704525, 
  "t": 0.50000000000000022, 
  "x": 0.58077174404661747, 
  "y": 0.42237123563355405
}