{
  "t": 0.37000000000000016, 
  "vh": -0.02114852159486718, 
  "vx": 0.0017164603272141854, 
  "vy": 0.00064317754620114376
}