{
  "covariance": {
    "row_0": [
      1.7208612093111238e-05, 
      8.2710484193881559e-06, 
      1.0829596090626357e-06
    ], 
    "row_1": [
      8.2710484193878882e-06, 
      5.3954827482952641e-05, 
      -1.4230860226070512e-06
    ], 
    "row_2": [
      1.0829596090626353e-06, 
      -1.4230860226071004e-06, 
      0.00069310240281326486
    ]
  }, 
  "h": -1.9396410277356764, 
  "t": 0.28000000000000008, 
  "x": 0.5769558210192719, 
  "y": 0.41644353501906123
}