{
  "t": 0.36000000000000015, 
  "vh": 0.0070963266105993749, 
  "vx": -6.7566597711467353e-05, 
  "vy": 0.00036270194691355299
}