{
  "covariance": {
    "row_0": [
      1.1980839108654788e-05, 
      7.254524671418087e-06, 
      1.0316636976141069e-06
    ], 
    "row_1": [
      7.2545246714178185e-06, 
      4.4211817146533517e-05, 
      -1.3627470539417937e-06
    ], 
    "row_2": [
      1.0316636976141064e-06, 
      -1.3627470539418428e-06, 
      0.00065673491459916785
    ]
  }, 
  "h": -1.9395178733254994, 
  "t": 0.21000000000000005, 
  "x": 0.57698934313002326, 
  "y": 0.41642708872890694
}