{
  "covariance": {
    "row_0": [
      0.00049964411842496985, 
      0.00095700254399162668, 
      -0.0005049758542051766
    ], 
    "row_1": [
      0.00095700254399162658, 
      0.0019686284982414395, 
      -0.0010597451362935719
    ], 
    "row_2": [
      -0.00050497585420517649, 
      -0.0010597451362935721, 
      0.0026105886535768542
    ]
  }, 
  "h": -2.0069741401569052, 
  "t": 0.11999999999999998, 
  "x": 0.59210408612466026, 
  "y": 0.44538378368540632
}