{
  "t": 0.23000000000000007, 
  "vh": -0.010421595433965281, 
  "vx": 0.00071059582151540958, 
  "vy": 0.0006644327460887824
}