{
  "covariance": {
    "row_0": [
      0.00051639190513042715, 
      0.00097735466542051399, 
      -0.00051103548544579236
    ], 
    "row_1": [
      0.00097735466542051377, 
      0.0020164098967605706, 
      -0.0010728534219671966
    ], 
    "row_2": [
      -0.00051103548544579225, 
      -0.0010728534219671968, 
      0.0026705364155509138
    ]
  }, 
  "h": -2.0066851593529895, 
  "t": 0.18000000000000002, 
  "x": 0.59209650969060001, 
  "y": 0.44539569681612634
}