{
  "t": 0.060000000000000005, 
  "vh": 0.001444003843078115, 
  "vx": 0.00022102327601197848, 
  "vy": -0.0024252821273319739
}