{
  "covariance": {
    "row_0": [
      1.3163104071470276e-05, 
      2.8827436473010622e-06, 
      6.3306873553597154e-07
    ], 
    "row_1": [
      2.8827436473007975e-06, 
      3.2084206992460498e-05, 
      -5.5838831733382267e-07
    ], 
    "row_2": [
      6.3306873553596868e-07, 
      -5.5838831733382817e-07, 
      0.00032080383499287306
    ]
  }, 
  "h": -1.9272620926863355, 
  "t": 0.49000000000000027, 
  "x": 0.58077801462705414, 
  "y": 0.42238138800690961
}