{
  "covariance": {
    "row_0": [
      0.00049692282064072693, 
      0.00095361052375347876, 
      -0.00050396591566507381
    ], 
    "row_1": [
      0.00095361052375347866, 
      0.0019607349318215843, 
      -0.0010575604220146341
    ], 
    "row_2": [
      -0.0005039659156650737, 
      -0.0010575604220146343, 
      0.0026006673599145106
    ]
  }, 
  "h": -2.0068316819538832, 
  "t": 0.10999999999999999, 
  "x": 0.59209757031951238, 
  "y": 0.4454071184636394
}