{
  "covariance": {
    "row_0": [
      1.4848137956915613e-05, 
      7.8353953845438381e-06, 
      1.0609756470132662e-06
    ], 
    "row_1": [
      7.8353953845435704e-06, 
      4.9659251624487292e-05, 
      -1.3972264646076551e-06
    ], 
    "row_2": [
      1.0609756470132658e-06, 
      -1.3972264646077042e-06, 
      0.00067739633643579462
    ]
  }, 
  "h": -1.93940990218079, 
  "t": 0.25000000000000006, 
  "x": 0.57697160952580917, 
  "y": 0.41646951263404636
}