{
  "covariance": {
    "row_0": [
      1.0017995283601148e-05, 
      3.5147157158440844e-06, 
      7.4462901392351868e-07
    ], 
    "row_1": [
      3.5147157158438167e-06, 
      3.0622250812644097e-05, 
      -7.8731230055800519e-07
    ], 
    "row_2": [
      7.4462901392351625e-07, 
      -7.8731230055801536e-07, 
      0.00040178439063650136
    ]
  }, 
  "h": -1.9306246972383674, 
  "t": 0.33000000000000013, 
  "x": 0.58182596886128057, 
  "y": 0.41992459032743884
}