{
  "t": 0.13999999999999999, 
  "vh": 0.0021323815777879642, 
  "vx": -0.00077306813958163685, 
  "vy": -0.00029742457240859005
}