{
  "t": 0.40000000000000019, 
  "vh": 0.02280180954484886, 
  "vx": 9.5428408706211177e-05, 
  "vy": -0.00058724355296261904
}