{
  "covariance": {
    "row_0": [
      0.00051355060734618429, 
      0.00097396264518236607, 
      -0.00051002554690568989
    ], 
    "row_1": [
      0.00097396264518236596, 
      0.0020083963303407153, 
      -0.0010706687076882594
    ], 
    "row_2": [
      -0.00051002554690568979, 
      -0.0010706687076882597, 
      0.0026604951218885706
    ]
  }, 
  "h": -2.0067636865785516, 
  "t": 0.17000000000000001, 
  "x": 0.59210243700778575, 
  "y": 0.44540687914170257
}