{
  "covariance": {
    "row_0": [
      1.0655753785830978e-05, 
      3.5959338597014054e-06, 
      7.5116256813132236e-07
    ], 
    "row_1": [
      3.5959338597011377e-06, 
      3.1735996441861003e-05, 
      -7.935758138475176e-07
    ], 
    "row_2": [
      7.5116256813131992e-07, 
      -7.9357581384752777e-07, 
      0.00040580329244454432
    ]
  }, 
  "h": -1.9307986343235315, 
  "t": 0.34000000000000014, 
  "x": 0.58182304672772667, 
  "y": 0.41991373168669671
}