{
  "t": 0.44000000000000022, 
  "vh": -0.014186053652859194, 
  "vx": 0.001565425381044543, 
  "vy": 0.0015454222134293604
}