{
  "covariance": {
    "row_0": [
      9.1855611643636388e-06, 
      2.5094927855217543e-06, 
      5.973589874629614e-07
    ], 
    "row_1": [
      2.5094927855214892e-06, 
      2.5657373679686331e-05, 
      -5.2948420096894316e-07
    ], 
    "row_2": [
      5.9735898746295854e-07, 
      -5.2948420096894867e-07, 
      0.00029967068697412812
    ]
  }, 
  "h": -1.9275506221903786, 
  "t": 0.43000000000000022, 
  "x": 0.58078595488600016, 
  "y": 0.4223920356872245
}