{
  "t": 0.18000000000000002, 
  "vh": 0.0078527225561933894, 
  "vx": -0.00059273171857782679, 
  "vy": -0.0011182325576226126
}