{
  "t": 0.31000000000000011, 
  "vh": 0.012840571680838013, 
  "vx": 0.00057901584553270396, 
  "vy": -0.00048344614638259355
}