{
  "t": 0.35000000000000014, 
  "vh": 0.0020237761843692184, 
  "vx": -0.0011594870700050624, 
  "vy": 0.0013140094916684179
}