{
  "t": 0.029999999999999999, 
  "vh": 0.012095799060530068, 
  "vx": -4.9156294161452949e-05, 
  "vy": -0.00031033155839065235
}