{
  "t": 0.26000000000000006, 
  "vh": -0.018514817646745237, 
  "vx": 0.0008853416872572137, 
  "vy": -0.001671776575150364
}