{
  "covariance": {
    "row_0": [
      0.0025200400000000007, 
      0.0, 
      0.0
    ], 
    "row_1": [
      0.0, 
      0.0025200400000000007, 
      0.0
    ], 
    "row_2": [
      0.0, 
      0.0, 
      0.010040040000000002
    ]
  }, 
  "h": -2.1606031444161715, 
  "t": 0.02, 
  "x": 0.62560794150178378, 
  "y": 0.40267473236406953
}