{
  "covariance": {
    "row_0": [
      1.8882261517241659e-05, 
      8.561483775951031e-06, 
      1.0976155837622153e-06
    ], 
    "row_1": [
      8.5614837759507634e-06, 
      5.6918544721929529e-05, 
      -1.4403257279399815e-06
    ], 
    "row_2": [
      1.0976155837622148e-06, 
      -1.4403257279400306e-06, 
      0.00070367311373157823
    ]
  }, 
  "h": -1.9397042602347436, 
  "t": 0.3000000000000001, 
  "x": 0.57696225836518988, 
  "y": 0.41644862155524026
}