{
  "t": 0.16, 
  "vh": 0.0081394476814624223, 
  "vx": 7.1615151428557815e-05, 
  "vy": 0.0010142504902676201
}