{
  "t": 0.39000000000000018, 
  "vh": -0.0093576006318751136, 
  "vx": 0.00025135193091125252, 
  "vy": 0.00040500590751056019
}