{
  "covariance": {
    "row_0": [
      9.7984849822147426e-06, 
      2.5717012624849713e-06, 
      6.0331061214179646e-07
    ], 
    "row_1": [
      2.5717012624847061e-06, 
      2.6678512565148688e-05, 
      -5.3430155369642301e-07
    ], 
    "row_2": [
      6.033106121417936e-07, 
      -5.3430155369642851e-07, 
      0.00030314287831058562
    ]
  }, 
  "h": -1.9276924827269073, 
  "t": 0.44000000000000022, 
  "x": 0.5808016091398106, 
  "y": 0.42240748990935878
}