{
  "covariance": {
    "row_0": [
      0.0025806400000000025, 
      0.0, 
      0.0
    ], 
    "row_1": [
      0.0, 
      0.0025806400000000025, 
      0.0
    ], 
    "row_2": [
      0.0, 
      0.0, 
      0.010160640000000006
    ]
  }, 
  "h": -2.1605831961401183, 
  "t": 0.080000000000000002, 
  "x": 0.62562141977839358, 
  "y": 0.40260385481831501
}