{
  "t": 0.34000000000000014, 
  "vh": -0.01739370851641912, 
  "vx": -0.00029221335538914101, 
  "vy": -0.001085864074212891
}