{
  "t": 0.19000000000000003, 
  "vh": 0.0001925195805513466, 
  "vx": -0.0017072828066493336, 
  "vy": -0.00041863900338945609
}