{
  "covariance": {
    "row_0": [
      1.4101313244850409e-05, 
      7.6901777062624022e-06, 
      1.0536476596634764e-06
    ], 
    "row_1": [
      7.6901777062621346e-06, 
      4.8267393004998862e-05, 
      -1.3886066119411894e-06
    ], 
    "row_2": [
      1.053647659663476e-06, 
      -1.3886066119412386e-06, 
      0.00067220098097663789
    ]
  }, 
  "h": -1.9394029084125819, 
  "t": 0.24000000000000007, 
  "x": 0.57697937900670859, 
  "y": 0.41645419981683213
}