{
  "covariance": {
    "row_0": [
      1.043140880006585e-05, 
      2.6339097394481894e-06, 
      6.0926223682063162e-07
    ], 
    "row_1": [
      2.6339097394479243e-06, 
      2.7719651450611056e-05, 
      -5.3911890642390285e-07
    ], 
    "row_2": [
      6.0926223682062876e-07, 
      -5.3911890642390836e-07, 
      0.00030663506964704316
    ]
  }, 
  "h": -1.9274971271642858, 
  "t": 0.45000000000000023, 
  "x": 0.58080217235142162, 
  "y": 0.42239762574816486
}