{
  "covariance": {
    "row_0": [
      0.002601000000000003, 
      0.0, 
      0.0
    ], 
    "row_1": [
      0.0, 
      0.002601000000000003, 
      0.0
    ], 
    "row_2": [
      0.0, 
      0.0, 
      0.010201000000000007
    ]
  }, 
  "h": -2.1605598811318645, 
  "t": 0.099999999999999992, 
  "x": 0.62561107140055228, 
  "y": 0.40258053579075365
}