{
  "covariance": {
    "row_0": [
      0.002560360000000002, 
      0.0, 
      0.0
    ], 
    "row_1": [
      0.0, 
      0.002560360000000002, 
      0.0
    ], 
    "row_2": [
      0.0, 
      0.0, 
      0.010120360000000005
    ]
  }, 
  "h": -2.1605653997110177, 
  "t": 0.060000000000000005, 
  "x": 0.62561603218096595, 
  "y": 0.40264031191778354
}