{
  "t": 0.02, 
  "vh": 0.0070611802414285198, 
  "vx": -0.0023531206923675433, 
  "vy": -0.00055237518191738233
}