{
  "covariance": {
    "row_0": [
      0.00050514671399345566, 
      0.00096378658446792252, 
      -0.00050699573128538207
    ], 
    "row_1": [
      0.00096378658446792242, 
      0.0019844756310811499, 
      -0.0010641145648514472
    ], 
    "row_2": [
      -0.00050699573128538196, 
      -0.0010641145648514474, 
      0.0026304912409015413
    ]
  }, 
  "h": -2.0068786406114625, 
  "t": 0.13999999999999999, 
  "x": 0.59210560193990813, 
  "y": 0.44536647634053078
}