{
  "covariance": {
    "row_0": [
      0.0025300900000000013, 
      0.0, 
      0.0
    ], 
    "row_1": [
      0.0, 
      0.0025300900000000013, 
      0.0
    ], 
    "row_2": [
      0.0, 
      0.0, 
      0.010060090000000002
    ]
  }, 
  "h": -2.1604821864255661, 
  "t": 0.029999999999999999, 
  "x": 0.62560744993884221, 
  "y": 0.40267162904848564
}