{
  "covariance": {
    "row_0": [
      0.00051072930956194142, 
      0.00097057062494421825, 
      -0.00050901560836558732
    ], 
    "row_1": [
      0.00097057062494421815, 
      0.0020004027639208602, 
      -0.0010684839934093221
    ], 
    "row_2": [
      -0.00050901560836558721, 
      -0.0010684839934093223, 
      0.0026504738282262276
    ]
  }, 
  "h": -2.0067810542280773, 
  "t": 0.16, 
  "x": 0.59211764142869749, 
  "y": 0.44538469762726257
}