{
  "t": 0.099999999999999992, 
  "vh": 0.01280838998858388, 
  "vx": 0.00059009018367301976, 
  "vy": -0.0014837323742769276
}