{
  "covariance": {
    "row_0": [
      0.00050792801177769855, 
      0.00096717860470607044, 
      -0.00050800566982548464
    ], 
    "row_1": [
      0.00096717860470607033, 
      0.0019924291975010051, 
      -0.0010662992791303845
    ], 
    "row_2": [
      -0.00050800566982548453, 
      -0.0010662992791303848, 
      0.0026404725345638845
    ]
  }, 
  "h": -2.0068624487048918, 
  "t": 0.14999999999999999, 
  "x": 0.59211692527718318, 
  "y": 0.44537455512235991
}