{
  "t": 0.050000000000000003, 
  "vh": 0.0040989172796569344, 
  "vx": -0.00024740294597881506, 
  "vy": -0.00070643335446972518
}