{
  "covariance": {
    "row_0": [
      1.2689029292520466e-05, 
      3.8395882912733668e-06, 
      7.707632307547339e-07
    ], 
    "row_1": [
      3.8395882912730991e-06, 
      3.5197233329511699e-05, 
      -8.1236635371605462e-07
    ], 
    "row_2": [
      7.7076323075473147e-07, 
      -8.1236635371606479e-07, 
      0.0004179799978686734
    ]
  }, 
  "h": -1.9309189185115305, 
  "t": 0.37000000000000016, 
  "x": 0.58182794079432165, 
  "y": 0.41993693057654458
}