{
  "t": 0.28000000000000008, 
  "vh": -0.0095815335565289494, 
  "vx": -0.0013103502488178594, 
  "vy": -0.0014913756928349934
}