{
  "covariance": {
    "row_0": [
      8.0197135286614273e-06, 
      2.3850758315953201e-06, 
      5.8545573810529138e-07
    ], 
    "row_1": [
      2.385075831595055e-06, 
      2.3675095908761597e-05, 
      -5.1984949551398346e-07
    ], 
    "row_2": [
      5.8545573810528853e-07, 
      -5.1984949551398897e-07, 
      0.00029278630430121315
    ]
  }, 
  "h": -1.9275446577896844, 
  "t": 0.4100000000000002, 
  "x": 0.58077648022955952, 
  "y": 0.4223945892997687
}