{
  "covariance": {
    "row_0": [
      8.8024782791414906e-06, 
      3.352279428129444e-06, 
      7.3156190550791081e-07
    ], 
    "row_1": [
      3.3522794281291763e-06, 
      2.8454759554210298e-05, 
      -7.7478527397898048e-07
    ], 
    "row_2": [
      7.3156190550790837e-07, 
      -7.7478527397899065e-07, 
      0.00039380658702041526
    ]
  }, 
  "h": -1.9305588768969273, 
  "t": 0.31000000000000011, 
  "x": 0.58182751033122193, 
  "y": 0.41991774911888363
}