{
  "t": 0.01, 
  "vh": 0.0013530435943268238, 
  "vx": -0.00016449798393161467, 
  "vy": 4.356195281976122e-05
}