{
  "t": 0.50000000000000022, 
  "vh": -0.0046199084117033943, 
  "vx": -0.00062705804367034685, 
  "vy": -0.0010152373355556347
}