{
  "t": 0.089999999999999997, 
  "vh": -0.010476889163193585, 
  "vx": -0.0016249279678043212, 
  "vy": -0.00084817038186079654
}