{
  "covariance": {
    "row_0": [
      1.2450180253619169e-05, 
      2.820535170337844e-06, 
      6.2711711085713659e-07
    ], 
    "row_1": [
      2.8205351703375793e-06, 
      3.0963068106998138e-05, 
      -5.5357096460634271e-07
    ], 
    "row_2": [
      6.2711711085713373e-07, 
      -5.5357096460634822e-07, 
      0.00031723164365641561
    ]
  }, 
  "h": -1.9273278545497927, 
  "t": 0.48000000000000026, 
  "x": 0.58076965374882805, 
  "y": 0.42239469181903294
}