{
  "t": 0.12999999999999998, 
  "vh": 0.0074175729664924233, 
  "vx": 0.00092464966436594099, 
  "vy": -0.0014333099151438288
}