{
  "covariance": {
    "row_0": [
      8.2191762139624268e-06, 
      3.2702681383359871e-06, 
      7.2496454705979373e-07
    ], 
    "row_1": [
      3.2702681383357195e-06, 
      2.7390822050257001e-05, 
      -7.684605935674977e-07
    ], 
    "row_2": [
      7.2496454705979129e-07, 
      -7.6846059356750786e-07, 
      0.00038980912267182584
    ]
  }, 
  "h": -1.930688536575814, 
  "t": 0.2999023437499963, 
  "x": 0.58182166362825039, 
  "y": 0.41992263079188519
}