{
  "covariance": {
    "row_0": [
      0.00050238541620921276, 
      0.0009603945642297746, 
      -0.00050598579274527928
    ], 
    "row_1": [
      0.0009603945642297745, 
      0.0019765420646612945, 
      -0.0010619298505725094
    ], 
    "row_2": [
      -0.00050598579274527917, 
      -0.0010619298505725096, 
      0.0026205299472391976
    ]
  }, 
  "h": -2.0068999644272405, 
  "t": 0.12999999999999998, 
  "x": 0.59211333262130394, 
  "y": 0.44536945058625488
}