{
  "t": 0.38000000000000017, 
  "vh": 0.00397437876188848, 
  "vx": -0.0008950311073801624, 
  "vy": 0.0016200980317431879
}