{
  "t": 0.3000000000000001, 
  "vh": -0.0088433689850110526, 
  "vx": 0.0010978729170931009, 
  "vy": -1.7892811958447998e-05
}