{
  "covariance": {
    "row_0": [
      0.0005192532029146701, 
      0.00098074668565866201, 
      -0.00051204542398589504
    ], 
    "row_1": [
      0.0009807466856586618, 
      0.0020244434631804262, 
      -0.0010750381362461341
    ], 
    "row_2": [
      -0.00051204542398589493, 
      -0.0010750381362461343, 
      0.0026805977092132574
    ]
  }, 
  "h": -2.0066832341571841, 
  "t": 0.19000000000000003, 
  "x": 0.5920794368625335, 
  "y": 0.44539151042609243
}