{
  "covariance": {
    "row_0": [
      1.1313512288060808e-05, 
      3.6771520035587251e-06, 
      7.5769612233912613e-07
    ], 
    "row_1": [
      3.6771520035584575e-06, 
      3.2869742071077899e-05, 
      -7.9983932713702991e-07
    ], 
    "row_2": [
      7.576961223391237e-07, 
      -7.9983932713704007e-07, 
      0.00040984219425258732
    ]
  }, 
  "h": -1.9307783965616878, 
  "t": 0.35000000000000014, 
  "x": 0.58181145185702665, 
  "y": 0.41992687178161342
}