{
  "t": 0.32000000000000012, 
  "vh": -0.0021838436632505122, 
  "vx": 0.00043418727162023091, 
  "vy": 0.00039061002170996586
}