{
  "t": 0.17000000000000001, 
  "vh": 0.0017367649525488122, 
  "vx": -0.0015204420911739203, 
  "vy": 0.0022181514439979558
}