{
  "covariance": {
    "row_0": [
      1.4902304799209956e-05, 
      4.083242722845332e-06, 
      7.9036389337814556e-07
    ], 
    "row_1": [
      4.0832427228450643e-06, 
      3.8838470217162404e-05, 
      -8.3115689358459164e-07
    ], 
    "row_2": [
      7.9036389337814312e-07, 
      -8.311568935846018e-07, 
      0.00043033670329280254
    ]
  }, 
  "h": -1.9307447326347817, 
  "t": 0.40000000000000019, 
  "x": 0.58182245828664403, 
  "y": 0.41995130918040746
}