{
  "t": 0.33000000000000013, 
  "vh": -0.0043981904807451795, 
  "vx": -0.00058833426576545254, 
  "vy": 0.00029351083381134779
}