{
  "covariance": {
    "row_0": [
      7.2261568324223599e-06, 
      1.9770732037649271e-06, 
      4.9610299165675827e-07
    ], 
    "row_1": [
      1.9770732037646611e-06, 
      2.0747599114387766e-05, 
      -3.9886912277427723e-07
    ], 
    "row_2": [
      4.9610299165675531e-07, 
      -3.9886912277428167e-07, 
      0.00023772555566990792
    ]
  }, 
  "h": -1.9253338359745635, 
  "t": 0.4999023437500153, 
  "x": 0.58428607416001155, 
  "y": 0.42201905509445742
}