{
  "t": 0.10999999999999999, 
  "vh": -0.0072651604683724525, 
  "vx": 0.0022143751943968512, 
  "vy": -2.7398850005038907e-05
}