{
  "covariance": {
    "row_0": [
      1.803543680517645e-05, 
      8.4162660976695952e-06, 
      1.0902875964124255e-06
    ], 
    "row_1": [
      8.4162660976693275e-06, 
      5.542668610244109e-05, 
      -1.4317058752735165e-06
    ], 
    "row_2": [
      1.0902875964124251e-06, 
      -1.4317058752735656e-06, 
      0.00069837775827242155
    ]
  }, 
  "h": -1.9396158265448935, 
  "t": 0.29000000000000009, 
  "x": 0.576951279636019, 
  "y": 0.41644880048335986
}