{
  "covariance": {
    "row_0": [
      1.1307601046434888e-05, 
      7.1078888517471284e-06, 
      1.0242641478878514e-06
    ], 
    "row_1": [
      7.1078888517468591e-06, 
      4.2887246017637954e-05, 
      -1.354043023026629e-06
    ], 
    "row_2": [
      1.024264147887851e-06, 
      -1.3540430230266781e-06, 
      0.00065156970310677762
    ]
  }, 
  "h": -1.9393699585184447, 
  "t": 0.19990234374999627, 
  "x": 0.57699166049019013, 
  "y": 0.41642440645371182
}