{
  "t": 0.24000000000000007, 
  "vh": 0.012183276589739819, 
  "vx": -0.0007601477280662455, 
  "vy": 0.0015452873848237666
}