{
  "t": 0.22000000000000006, 
  "vh": 0.0097348101359677162, 
  "vx": -0.00094686042492246169, 
  "vy": 0.00050138866160446866
}