{
  "t": 0.070000000000000007, 
  "vh": -0.009109641183951505, 
  "vx": 0.00082309861127309581, 
  "vy": -0.0018576697457441691
}