{
  "t": 0.14999999999999999, 
  "vh": 0.0016191906570611047, 
  "vx": 0.0011323337275051086, 
  "vy": 0.00080787818291476389
}