{
  "covariance": {
    "row_0": [
      9.4002367813713195e-06, 
      3.4334975719867637e-06, 
      7.380954597157148e-07
    ], 
    "row_1": [
      3.4334975719864961e-06, 
      2.9528505183427198e-05, 
      -7.8104878726849289e-07
    ], 
    "row_2": [
      7.3809545971571236e-07, 
      -7.8104878726850305e-07, 
      0.00039778548882845834
    ]
  }, 
  "h": -1.9305807153335599, 
  "t": 0.32000000000000012, 
  "x": 0.58183185220393818, 
  "y": 0.41992165521910074
}