{
  "t": 0.29000000000000009, 
  "vh": 0.0025201190782807911, 
  "vx": -0.00045413832529266063, 
  "vy": 0.00052654642986467643
}