{
  "covariance": {
    "row_0": [
      0.0025502500000000017, 
      0.0, 
      0.0
    ], 
    "row_1": [
      0.0, 
      0.0025502500000000017, 
      0.0
    ], 
    "row_2": [
      0.0, 
      0.0, 
      0.010100250000000003
    ]
  }, 
  "h": -2.1605798397494484, 
  "t": 0.050000000000000003, 
  "x": 0.62561382194820581, 
  "y": 0.40266456473905687
}