{
  "covariance": {
    "row_0": [
      1.2667663820719995e-05, 
      7.3997423496995254e-06, 
      1.0389916849638966e-06
    ], 
    "row_1": [
      7.3997423496992569e-06, 
      4.5543675766021965e-05, 
      -1.3713669066082589e-06
    ], 
    "row_2": [
      1.0389916849638962e-06, 
      -1.3713669066083081e-06, 
      0.0006618702700583245
    ]
  }, 
  "h": -1.9394205252241397, 
  "t": 0.22000000000000006, 
  "x": 0.57697987452577404, 
  "y": 0.41643210261552299
}