{
  "covariance": {
    "row_0": [
      1.6401787381046032e-05, 
      8.1258307411067149e-06, 
      1.0756316217128457e-06
    ], 
    "row_1": [
      8.1258307411064473e-06, 
      5.2502968863464188e-05, 
      -1.4144661699405856e-06
    ], 
    "row_2": [
      1.0756316217128453e-06, 
      -1.4144661699406347e-06, 
      0.00068784704735410805
    ]
  }, 
  "h": -1.9395452124001111, 
  "t": 0.27000000000000007, 
  "x": 0.57696892452176007, 
  "y": 0.41645844877598959
}