{
  "covariance": {
    "row_0": [
      1.3374488532785202e-05, 
      7.544960027980963e-06, 
      1.0463196723136864e-06
    ], 
    "row_1": [
      7.5449600279806945e-06, 
      4.6895534385510408e-05, 
      -1.3799867592747242e-06
    ], 
    "row_2": [
      1.046319672313686e-06, 
      -1.3799867592747733e-06, 
      0.00066702562551748115
    ]
  }, 
  "h": -1.9395247411784793, 
  "t": 0.23000000000000007, 
  "x": 0.57698698048398922, 
  "y": 0.41643874694298388
}