{
  "t": 0.040000000000000001, 
  "vh": -0.013864249667879247, 
  "vx": 0.00088460388233050811, 
  "vy": 2.4115957106035122e-09
}