{
  "covariance": {
    "row_0": [
      7.4614886740767571e-06, 
      2.3222598499743536e-06, 
      5.7944599209171099e-07
    ], 
    "row_1": [
      2.3222598499740884e-06, 
      2.2704669511296644e-05, 
      -5.1498509832628131e-07
    ], 
    "row_2": [
      5.7944599209170813e-07, 
      -5.1498509832628682e-07, 
      0.00028934088939366496
    ]
  }, 
  "h": -1.9275661285122225, 
  "t": 0.39990234375001527, 
  "x": 0.58076416275857257, 
  "y": 0.42240584333147951
}