{
  "covariance": {
    "row_0": [
      1.5614962668980823e-05, 
      7.9806130628252774e-06, 
      1.068303634363056e-06
    ], 
    "row_1": [
      7.9806130628250097e-06, 
      5.1071110243975745e-05, 
      -1.4058463172741201e-06
    ], 
    "row_2": [
      1.0683036343630555e-06, 
      -1.4058463172741693e-06, 
      0.00068261169189495134
    ]
  }, 
  "h": -1.9395950503572574, 
  "t": 0.26000000000000006, 
  "x": 0.57698046294268179, 
  "y": 0.41645279486829484
}