{
  "t": 0.4100000000000002, 
  "vh": 0.0021263075318212221, 
  "vx": 0.001219834650937706, 
  "vy": -0.0011145191945736356
}