{
  "t": 0.42000000000000021, 
  "vh": 0.0039384777977908916, 
  "vx": 0.000503320230999278, 
  "vy": 0.00029615365392554762
}