{
  "covariance": {
    "row_0": [
      0.00052213450069891305, 
      0.00098413870589681004, 
      -0.00051305536252599783
    ], 
    "row_1": [
      0.00098413870589680983, 
      0.0020324970296002817, 
      -0.0010772228505250719
    ], 
    "row_2": [
      -0.00051305536252599772, 
      -0.0010772228505250721, 
      0.0026906790028756009
    ]
  }, 
  "h": -2.0067198534583128, 
  "t": 0.20000000000000004, 
  "x": 0.59209104326699658, 
  "y": 0.4453972996954666
}