{
  "h": 0.12717572128114749, 
  "x": 0.2457282161767822, 
  "y": -0.60359289680927208
}