{
  "estimInitialHPosition": 2.8676709306252826, 
  "estimInitialXPosition": 0.19023111727268857, 
  "estimInitialYPosition": 0.1212139746926843, 
  "trueInitialHPosition": 2.8673143442913398, 
  "trueInitialXPosition": 0.18869952229086806, 
  "trueInitialYPosition": 0.12490223163933756
}