{
  "covariance": {
    "row_0": [
      1.2101993222358234e-05, 
      -1.9445000584266905e-07, 
      -2.8213979369182416e-09
    ], 
    "row_1": [
      -1.9445000584267074e-07, 
      2.976881533786644e-05, 
      8.4800529005760427e-07
    ], 
    "row_2": [
      -2.8213979369182478e-09, 
      8.4800529005760448e-07, 
      5.6326224068406728e-05
    ]
  }, 
  "h": 3.0189279593123928, 
  "t": 0.710059, 
  "x": 0.11080334764689106, 
  "y": -0.077405337430426963
}