{
  "covariance": {
    "row_0": [
      9.9571312012083395e-06, 
      -2.1478107598494717e-07, 
      -3.0094309020277277e-09
    ], 
    "row_1": [
      -2.1478107598494675e-07, 
      2.4073689787738469e-05, 
      2.3390259942110317e-07
    ], 
    "row_2": [
      -3.009430902027724e-09, 
      2.3390259942110338e-07, 
      2.3834338767749122e-05
    ]
  }, 
  "h": 2.9174100364855335, 
  "t": 0.45000000000000001, 
  "x": 0.17646851750727835, 
  "y": 0.038824645284447845
}