{
  "covariance": {
    "row_0": [
      9.4341762955896835e-06, 
      -4.8446321637928299e-07, 
      -1.6008627908204901e-08
    ], 
    "row_1": [
      -4.8446321637928341e-07, 
      1.7799449207135434e-05, 
      9.1244564595848927e-08
    ], 
    "row_2": [
      -1.6008627908204904e-08, 
      9.1244564595848954e-08, 
      1.3618059224388811e-05
    ]
  }, 
  "h": 2.8850754330199431, 
  "t": 0.31005899999999997, 
  "x": 0.19352791267545316, 
  "y": 0.08306810442807791
}