{
  "h": 3.1144197898673562, 
  "t": 0.88007812500000004, 
  "x": 0.050822357218122304, 
  "y": -0.16347401232261408
}