{
  "sigmaH": 0.01, 
  "sigmaX": 0.0050134231043039105, 
  "sigmaY": 0.010870082111098127, 
  "t": 0.460059, 
  "vh": 0.30798765808197981, 
  "vx": -0.16132925669694745, 
  "vy": -0.35592873803379887
}