{
  "covariance": {
    "row_0": [
      1.0032318514131762e-05, 
      -2.1924636240354586e-07, 
      -1.4425522990516255e-08
    ], 
    "row_1": [
      -2.1924636240354669e-07, 
      2.5520047089435249e-05, 
      7.343767004368477e-07
    ], 
    "row_2": [
      -1.4425522990516262e-08, 
      7.343767004368478e-07, 
      3.1063196078787169e-05
    ]
  }, 
  "h": 2.9429988154227527, 
  "t": 0.53007800000000005, 
  "x": 0.16070423505939144, 
  "y": 0.0058752090008856355
}