{
  "covariance": {
    "row_0": [
      9.6571570580827317e-06, 
      -2.0393486011453664e-07, 
      -2.5435622075403486e-09
    ], 
    "row_1": [
      -2.0393486011453622e-07, 
      2.3060790962365255e-05, 
      2.0151131706958965e-07
    ], 
    "row_2": [
      -2.5435622075403449e-09, 
      2.0151131706958984e-07, 
      2.2854873967184571e-05
    ]
  }, 
  "h": 2.9145415116090092, 
  "t": 0.44003900000000001, 
  "x": 0.17806061435206996, 
  "y": 0.042232215947846881
}