{
  "covariance": {
    "row_0": [
      1.1873277728763997e-05, 
      -2.7075376395131917e-07, 
      -1.4388066397518029e-08
    ], 
    "row_1": [
      -2.7075376395132002e-07, 
      3.1002512050034121e-05, 
      6.8711734399354294e-07
    ], 
    "row_2": [
      -1.4388066397518035e-08, 
      6.8711734399354304e-07, 
      3.6189965630852834e-05
    ]
  }, 
  "h": 2.9576673482394695, 
  "t": 0.57001999999999997, 
  "x": 0.15143786977993787, 
  "y": -0.011485820722957006
}