{
  "covariance": {
    "row_0": [
      2.3032049554290209e-05, 
      -2.119123883189401e-07, 
      -1.8197716524474582e-09
    ], 
    "row_1": [
      -2.119123883189401e-07, 
      4.6138589147765937e-05, 
      1.6367964441840397e-06
    ], 
    "row_2": [
      -1.8197716524474845e-09, 
      1.6367964441840395e-06, 
      0.00010545817482143855
    ]
  }, 
  "h": 3.1207961498116168, 
  "t": 0.89003900000000002, 
  "x": 0.0401861597767618, 
  "y": -0.16674428867017316
}