{
  "h": 2.9085870164641712, 
  "t": 0.42001953125000002, 
  "x": 0.18916775318633561, 
  "y": 0.048338086802977812
}