{
  "h": 3.1207337318293522, 
  "t": 0.89003906250000009, 
  "x": 0.04622131867092491, 
  "y": -0.16845448107261521
}