{
  "sigmaH": 0.013070003110470223, 
  "sigmaX": 0.008716937007484632, 
  "sigmaY": 0.01483381184918587, 
  "t": 0.64003900000000002, 
  "vh": 0.45268896583751189, 
  "vx": -0.2947319439636466, 
  "vy": -0.49028026892270465
}