{
  "covariance": {
    "row_0": [
      9.9239859085219615e-06, 
      -3.7310650429500618e-07, 
      9.5564233465325476e-10
    ], 
    "row_1": [
      -3.7310650429500618e-07, 
      1.8052081554141301e-05, 
      5.0241474255463567e-08
    ], 
    "row_2": [
      9.5564233465325745e-10, 
      5.024147425546358e-08, 
      8.1157471131711466e-06
    ]
  }, 
  "h": 2.8698163045117475, 
  "t": 0.19999999999999624, 
  "x": 0.19872427028099249, 
  "y": 0.10725426069107176
}