{
  "covariance": {
    "row_0": [
      8.8551039604307867e-06, 
      -1.7307247107961656e-07, 
      -2.0484781278508244e-09
    ], 
    "row_1": [
      -1.7307247107961614e-07, 
      2.023028627047718e-05, 
      1.6379375677871405e-07
    ], 
    "row_2": [
      -2.0484781278508186e-09, 
      1.6379375677871413e-07, 
      2.0063022941453154e-05
    ]
  }, 
  "h": 2.9065282075217067, 
  "t": 0.41005900000000001, 
  "x": 0.18238190488729575, 
  "y": 0.052507910152194998
}