{
  "sigmaH": 0.015450304499193407, 
  "sigmaX": 0.010774668009577482, 
  "sigmaY": 0.014999999999999146, 
  "t": 0.740039, 
  "vh": 0.5068033533030194, 
  "vx": -0.35966528610044912, 
  "vy": -0.46502605055081675
}