{
  "sigmaH": 0.01, 
  "sigmaX": 0.0029556921022109747, 
  "sigmaY": 0.008667771068340685, 
  "t": 0.36005900000000002, 
  "vh": 0.2078506530169259, 
  "vx": -0.097977222269948469, 
  "vy": -0.28205178969841904
}