{
  "h": 2.9356538896049544, 
  "t": 0.51005859375000007, 
  "x": 0.17351784344520987, 
  "y": 0.015068198365296282
}