{
  "h": 2.8648878791334562, 
  "t": 0.050000000000000003, 
  "x": 0.19510026697904154, 
  "y": 0.12257869383436386
}