{
  "sigmaH": 0.01, 
  "sigmaX": 0.0054253712053088914, 
  "sigmaY": 0.011310974458525198, 
  "t": 0.480078, 
  "vh": 0.30980928941162633, 
  "vx": -0.18433321768130639, 
  "vy": -0.37257262336154462
}