{
  "h": 2.891984362488794, 
  "t": 0.35000000000000003, 
  "x": 0.19749444257145909, 
  "y": 0.070097023756270985
}