{
  "sigmaH": 0.016403354859912268, 
  "sigmaX": 0.011598564211587359, 
  "sigmaY": 0.014999999999999146, 
  "t": 0.78007800000000005, 
  "vh": 0.53519830649749001, 
  "vx": -0.37404731847179207, 
  "vy": -0.49311889659537089
}