{
  "h": 2.8661047029189288, 
  "t": 0.02001953125, 
  "x": 0.19146816040984463, 
  "y": 0.12419221153946208
}