{
  "h": 3.0187890811858784, 
  "t": 0.71005859375000002, 
  "x": 0.11886127510455693, 
  "y": -0.078464246697607973
}