{
  "covariance": {
    "row_0": [
      1.0614169429173411e-05, 
      -2.3751324494650641e-07, 
      -4.4582262259906578e-09
    ], 
    "row_1": [
      -2.3751324494650598e-07, 
      2.6225000086567645e-05, 
      3.3276140438925122e-07
    ], 
    "row_2": [
      -4.4582262259906553e-09, 
      3.3276140438925148e-07, 
      2.5883449609239927e-05
    ]
  }, 
  "h": 2.9233586702208436, 
  "t": 0.47001999999999999, 
  "x": 0.17323154714055947, 
  "y": 0.031423282637272447
}