{
  "sigmaH": 0.01, 
  "sigmaX": 0.0037775788012891381, 
  "sigmaY": 0.0095474050688170997, 
  "t": 0.40000000000000002, 
  "vh": 0.24321795431407425, 
  "vx": -0.12930618564967064, 
  "vy": -0.3068181157417148
}