{
  "covariance": {
    "row_0": [
      1.8118204724653322e-05, 
      -1.8544547402106688e-07, 
      -1.6316586382433013e-09
    ], 
    "row_1": [
      -1.8544547402106688e-07, 
      3.8339043114231003e-05, 
      1.4439855712688408e-06
    ], 
    "row_2": [
      -1.6316586382433276e-09, 
      1.4439855712688408e-06, 
      9.067091236439154e-05
    ]
  }, 
  "h": 3.0962366057055095, 
  "t": 0.84999999999999998, 
  "x": 0.058213067957539937, 
  "y": -0.14624286974599951
}