{
  "covariance": {
    "row_0": [
      1.3541337170733849e-05, 
      -4.8787080332026696e-07, 
      8.0541241518516864e-10
    ], 
    "row_1": [
      -4.878708033202678e-07, 
      2.0155802514350996e-05, 
      1.9220997033549876e-08
    ], 
    "row_2": [
      8.0541241518516957e-10, 
      1.9220997033549876e-08, 
      4.4115335539863945e-06
    ]
  }, 
  "h": 2.8650299058255628, 
  "t": 0.110059, 
  "x": 0.19742248766960291, 
  "y": 0.11901695199877384
}