{
  "sigmaH": 0.01, 
  "sigmaX": 0.0027487133002426275, 
  "sigmaY": 0.0084462495474383562, 
  "t": 0.34999999999999998, 
  "vh": 0.2126456150943743, 
  "vx": -0.091532501245740805, 
  "vy": -0.27025842574471215
}