{
  "covariance": {
    "row_0": [
      1.2397750485417774e-05, 
      -2.8494781129449358e-07, 
      -1.4369879957124877e-08
    ], 
    "row_1": [
      -2.8494781129449442e-07, 
      3.2530492189656119e-05, 
      6.7358948625079648e-07
    ], 
    "row_2": [
      -1.4369879957124883e-08, 
      6.7358948625079658e-07, 
      3.7616120389763351e-05
    ]
  }, 
  "h": 2.9615283541670858, 
  "t": 0.58007799999999998, 
  "x": 0.14899947811094108, 
  "y": -0.015910800413053088
}