{
  "sigmaH": 0.01, 
  "sigmaX": 0.0033676402032159557, 
  "sigmaY": 0.009108663415767786, 
  "t": 0.38007800000000003, 
  "vh": 0.21957031025599086, 
  "vx": -0.10923307647165861, 
  "vy": -0.29332279540733514
}