{
  "sigmaH": 0.017354080707555113, 
  "sigmaX": 0.012420450910665352, 
  "sigmaY": 0.01500000000000341, 
  "t": 0.82001999999999997, 
  "vh": 0.58325403979850388, 
  "vx": -0.41712388631539926, 
  "vy": -0.47850671979584891
}