{
  "sigmaH": 0.011879852416107952, 
  "sigmaX": 0.0076880715064382059, 
  "sigmaY": 0.01373265632780723, 
  "t": 0.59003899999999998, 
  "vh": 0.40549401286081294, 
  "vx": -0.24978984917734545, 
  "vy": -0.45214536244440134
}