{
  "covariance": {
    "row_0": [
      1.4407115046315656e-05, 
      -2.253217706383731e-07, 
      -2.805313849360434e-09
    ], 
    "row_1": [
      -2.2532177063837482e-07, 
      3.4877831055742999e-05, 
      9.1008571802177007e-07
    ], 
    "row_2": [
      -2.8053138493604402e-09, 
      9.1008571802177028e-07, 
      6.3379550214563273e-05
    ]
  }, 
  "h": 3.0344307160434716, 
  "t": 0.740039, 
  "x": 0.10004646906520358, 
  "y": -0.092068510102633547
}