{
  "covariance": {
    "row_0": [
      9.1053276492681788e-06, 
      -1.8303646377810827e-07, 
      -2.0707523124429955e-09
    ], 
    "row_1": [
      -1.8303646377810785e-07, 
      2.1135376741638994e-05, 
      1.6695200814342137e-07
    ], 
    "row_2": [
      -2.0707523124429905e-09, 
      1.6695200814342142e-07, 
      2.0964989339547235e-05
    ]
  }, 
  "h": 2.9090647202237783, 
  "t": 0.42002, 
  "x": 0.18096975935400406, 
  "y": 0.049315534566522885
}