{
  "sigmaH": 0.01, 
  "sigmaX": 0.001, 
  "sigmaY": 0.0064654600255834114, 
  "t": 0.26005899999999998, 
  "vh": 0.14300866004390958, 
  "vx": -0.028388804637057532, 
  "vy": -0.21713208233720177
}