{
  "covariance": {
    "row_0": [
      1.041904318853326e-05, 
      -2.0127482544429049e-07, 
      -4.4593824776135734e-09
    ], 
    "row_1": [
      -2.0127482544429049e-07, 
      2.678537813919334e-05, 
      6.2748359191536755e-07
    ], 
    "row_2": [
      -4.4593824776135726e-09, 
      6.2748359191536776e-07, 
      4.0275454123944852e-05
    ]
  }, 
  "h": 2.9735048358249352, 
  "t": 0.61005900000000002, 
  "x": 0.14317684728118929, 
  "y": -0.028992582817793575
}