{
  "sigmaH": 0.01, 
  "sigmaX": 0.0032175009040674072, 
  "sigmaY": 0.0020608379400688221, 
  "t": 0.060059000000000001, 
  "vh": -0.016541119016843839, 
  "vx": 0.10219014889677307, 
  "vy": -0.070762306118405532
}