{
  "h": 2.9010019943103447, 
  "t": 0.39003906250000003, 
  "x": 0.19314469618991614, 
  "y": 0.058095280178983681
}