{
  "h": 2.9950299065547443, 
  "t": 0.66005859375000009, 
  "x": 0.13509758094233629, 
  "y": -0.053464246697609394
}