{
  "h": 2.9650916754307284, 
  "t": 0.59003906250000004, 
  "x": 0.15495265520324816, 
  "y": -0.019476248551394876
}