{
  "covariance": {
    "row_0": [
      1.1831741593402564e-05, 
      -3.0529938861431664e-07, 
      -5.8383056090669981e-10
    ], 
    "row_1": [
      -3.0529938861431664e-07, 
      1.8482837211899305e-05, 
      3.6700168578712575e-08
    ], 
    "row_2": [
      -5.8383056090669723e-10, 
      3.6700168578712588e-08, 
      1.1214445062786658e-05
    ]
  }, 
  "h": 2.8757154929678208, 
  "t": 0.25, 
  "x": 0.19824109517564842, 
  "y": 0.097718044058799289
}