{
  "h": 2.8737623706213729, 
  "t": 0.24003906250000001, 
  "x": 0.20378358066160451, 
  "y": 0.097003705102640336
}