{
  "sigmaH": 0.01, 
  "sigmaX": 0.0039845576032574853, 
  "sigmaY": 0.0097689265897195118, 
  "t": 0.41005900000000001, 
  "vh": 0.25781027189487843, 
  "vx": -0.12737974181328901, 
  "vy": -0.3288896254044108
}