{
  "covariance": {
    "row_0": [
      1.4131230249379237e-05, 
      -5.7328951406401065e-07, 
      4.3012422180322545e-10
    ], 
    "row_1": [
      -5.732895140640115e-07, 
      2.1903800784600522e-05, 
      1.8469621827781491e-08
    ], 
    "row_2": [
      4.3012422180322633e-10, 
      1.8469621827781491e-08, 
      6.7618920382796366e-06
    ]
  }, 
  "h": 2.8669229832134886, 
  "t": 0.16005900000000001, 
  "x": 0.20002939862400468, 
  "y": 0.11271784440212219
}