{
  "covariance": {
    "row_0": [
      1.0049018864699323e-05, 
      -6.1299028898646762e-07, 
      -2.2031394309879444e-08
    ], 
    "row_1": [
      -6.1299028898646804e-07, 
      2.0634918040412471e-05, 
      8.5112950052011707e-08
    ], 
    "row_2": [
      -2.2031394309879447e-08, 
      8.5112950052011734e-08, 
      1.672508839707301e-05
    ]
  }, 
  "h": 2.8927299078040569, 
  "t": 0.34999999999999998, 
  "x": 0.19023271976556358, 
  "y": 0.072383133487112158
}