{
  "sigmaH": 0.01, 
  "sigmaX": 0.0041895269022940336, 
  "sigmaY": 0.0099882974162441573, 
  "t": 0.42002, 
  "vh": 0.25464438330202677, 
  "vx": -0.14176744637001093, 
  "vy": -0.32048745965988512
}