{
  "h": 2.8645955619919792, 
  "t": 0.11005859375, 
  "x": 0.20052174004280229, 
  "y": 0.11736152598488298
}