{
  "covariance": {
    "row_0": [
      2.7291912078058902e-05, 
      0.0, 
      0.0
    ], 
    "row_1": [
      0.0, 
      2.591907732111257e-05, 
      0.0
    ], 
    "row_2": [
      0.0, 
      0.0, 
      2.5618883480999999e-06
    ]
  }, 
  "h": 2.8651001114126307, 
  "t": 0.060059000000000001, 
  "x": 0.19752949228248168, 
  "y": 0.11818675898816383
}