{
  "h": 2.864383740949616, 
  "t": 0.080078125, 
  "x": 0.19812467319048516, 
  "y": 0.120296859614396
}