{
  "sigmaH": 0.01, 
  "sigmaX": 0.0043965057042623813, 
  "sigmaY": 0.010209818937146465, 
  "t": 0.43007800000000002, 
  "vh": 0.26524714948644329, 
  "vx": -0.14394632296360102, 
  "vy": -0.35883476271689924
}