{
  "sigmaH": 0.017830605887911133, 
  "sigmaX": 0.012832399011670289, 
  "sigmaY": 0.01500000000000341, 
  "t": 0.84003899999999998, 
  "vh": 0.64189642481195985, 
  "vx": -0.4142397662534012, 
  "vy": -0.50163484637393974
}