{
  "h": 3.0090380229345288, 
  "t": 0.69003906250000002, 
  "x": 0.12556797969944983, 
  "y": -0.068454481072608542
}