{
  "sigmaH": 0.01, 
  "sigmaX": 0.0023956142049894992, 
  "sigmaY": 0.0029404719405450239, 
  "t": 0.10000000000000001, 
  "vh": 0.0027801151294654918, 
  "vx": 0.074223515086115521, 
  "vy": -0.097007693111731533
}