{
  "h": 2.8963341815539074, 
  "t": 0.37001953125000003, 
  "x": 0.19545701951204505, 
  "y": 0.06424325960308068
}