{
  "covariance": {
    "row_0": [
      1.2830879739302945e-05, 
      -2.0462043477550972e-07, 
      -2.8095354102202147e-09
    ], 
    "row_1": [
      -2.0462043477551145e-07, 
      3.1421406080459274e-05, 
      8.674308502133255e-07
    ], 
    "row_2": [
      -2.8095354102202209e-09, 
      8.6743085021332572e-07, 
      5.8587211419393033e-05
    ]
  }, 
  "h": 3.0239700043847217, 
  "t": 0.72001999999999999, 
  "x": 0.10722571159151653, 
  "y": -0.082427210754119351
}