{
  "h": 2.8725856025549592, 
  "t": 0.23007812500000002, 
  "x": 0.20394361772967576, 
  "y": 0.099002621644042985
}