{
  "h": 2.8648237743616267, 
  "t": 0.12001953125000001, 
  "x": 0.20118171361443152, 
  "y": 0.11624023556912745
}