{
  "sigmaH": 0.010452601388106358, 
  "sigmaX": 0.0064542367063550607, 
  "sigmaY": 0.012412129979903867, 
  "t": 0.53007800000000005, 
  "vh": 0.34052558849578213, 
  "vx": -0.21071160836346739, 
  "vy": -0.41198893641919088
}