{
  "covariance": {
    "row_0": [
      1.2752480988515746e-05, 
      -2.7143421419607233e-07, 
      -1.1394424171183323e-09
    ], 
    "row_1": [
      -2.7143421419607233e-07, 
      1.8665885723355626e-05, 
      3.0625842449316378e-08
    ], 
    "row_2": [
      -1.1394424171183296e-09, 
      3.0625842449316391e-08, 
      1.2595340520694555e-05
    ]
  }, 
  "h": 2.8785231437503089, 
  "t": 0.27001999999999998, 
  "x": 0.19760298714307395, 
  "y": 0.093346076738336475
}