{
  "covariance": {
    "row_0": [
      9.3742680655863e-06, 
      -1.9338837793014657e-07, 
      -2.2342544729522275e-09
    ], 
    "row_1": [
      -1.9338837793014615e-07, 
      2.2084703348383415e-05, 
      1.7943547312292556e-07
    ], 
    "row_2": [
      -2.234254472952223e-09, 
      1.7943547312292567e-07, 
      2.1901524750798891e-05
    ]
  }, 
  "h": 2.9117325760533128, 
  "t": 0.43007800000000002, 
  "x": 0.17952194723763615, 
  "y": 0.045706374523116308
}