{
  "h": 2.9259270617092352, 
  "t": 0.48007812500000002, 
  "x": 0.17934634192677951, 
  "y": 0.026807040980831576
}