{
  "covariance": {
    "row_0": [
      2.8178013332101279e-05, 
      0.0, 
      0.0
    ], 
    "row_1": [
      0.0, 
      2.668816206889422e-05, 
      0.0
    ], 
    "row_2": [
      0.0, 
      0.0, 
      3.6114821521000004e-06
    ]
  }, 
  "h": 2.8649904200536893, 
  "t": 0.090038999999999994, 
  "x": 0.20033188737523008, 
  "y": 0.11562983991265625
}