{
  "h": 2.9140490378545381, 
  "t": 0.44003906250000002, 
  "x": 0.18616884969586511, 
  "y": 0.041455286799835775
}