{
  "covariance": {
    "row_0": [
      8.8768762531267253e-06, 
      -1.8524298474497507e-07, 
      -1.4414910724131682e-08
    ], 
    "row_1": [
      -1.8524298474497591e-07, 
      2.196064139448696e-05, 
      7.633088246180145e-07
    ], 
    "row_2": [
      -1.4414910724131689e-08, 
      7.6330882461801461e-07, 
      2.7721508191353963e-05
    ]
  }, 
  "h": 2.9326160102102889, 
  "t": 0.5000000000000151, 
  "x": 0.16691671709803005, 
  "y": 0.018092171882375153
}