{
  "sigmaH": 0.01283290277682954, 
  "sigmaX": 0.0085119677084480819, 
  "sigmaY": 0.014614441022661247, 
  "t": 0.63007800000000003, 
  "vh": 0.45727651645931827, 
  "vx": -0.28830877739453803, 
  "vy": -0.50559131165887772
}