{
  "covariance": {
    "row_0": [
      1.3423305634851944e-05, 
      -2.6499901297482207e-07, 
      -4.1433866886369656e-09
    ], 
    "row_1": [
      -2.6499901297482207e-07, 
      3.4969728677971508e-05, 
      6.5255181949823308e-07
    ], 
    "row_2": [
      -4.1433866886369648e-09, 
      6.5255181949823329e-07, 
      4.899929298047349e-05
    ]
  }, 
  "h": 2.9957049665234492, 
  "t": 0.66005899999999995, 
  "x": 0.12877639999519985, 
  "y": -0.053808810273375092
}