{
  "h": 2.9497203745377201, 
  "t": 0.55000000000000004, 
  "x": 0.16479504293152328, 
  "y": -0.0015959403417472959
}