{
  "sigmaH": 0.017593505554270451, 
  "sigmaX": 0.012627429712633699, 
  "sigmaY": 0.01500000000000341, 
  "t": 0.83007799999999998, 
  "vh": 0.5761845744233659, 
  "vx": -0.432280952727645, 
  "vy": -0.51304712680353037
}