{
  "sigmaH": 0.018307131068273974, 
  "sigmaX": 0.013244347112675229, 
  "sigmaY": 0.01500000000000341, 
  "t": 0.86005900000000002, 
  "vh": 0.60167116580267199, 
  "vx": -0.43701425052879295, 
  "vy": -0.51810355162504707
}