{
  "sigmaH": 0.018783656248631358, 
  "sigmaX": 0.013656295213680187, 
  "sigmaY": 0.01500000000000341, 
  "t": 0.88007800000000003, 
  "vh": 0.62695512205921722, 
  "vx": -0.46381586976142331, 
  "vy": -0.51637796788055723
}