{
  "covariance": {
    "row_0": [
      1.4207957035135324e-05, 
      -5.9849682806296769e-07, 
      3.2987082111092698e-10
    ], 
    "row_1": [
      -5.9849682806296854e-07, 
      2.2322287559886101e-05, 
      1.8331571292003217e-08
    ], 
    "row_2": [
      3.2987082111092781e-10, 
      1.8331571292003217e-08, 
      7.2898576179666189e-06
    ]
  }, 
  "h": 2.8675080118841594, 
  "t": 0.17002, 
  "x": 0.20033904441569414, 
  "y": 0.11116753667502981
}