{
  "h": 3.0958319273291544, 
  "t": 0.85000000000000009, 
  "x": 0.064302668419298423, 
  "y": -0.14843494982261066
}