{
  "covariance": {
    "row_0": [
      2.7903667760748921e-05, 
      0.0, 
      0.0
    ], 
    "row_1": [
      0.0, 
      2.6408845859114714e-05, 
      0.0
    ], 
    "row_2": [
      0.0, 
      0.0, 
      3.2428086084000003e-06
    ]
  }, 
  "h": 2.8649528154158377, 
  "t": 0.080077999999999996, 
  "x": 0.19950915062180052, 
  "y": 0.11658612079338139
}