{
  "covariance": {
    "row_0": [
      1.0444298193257904e-05, 
      -6.841483935659288e-07, 
      -2.5240452824760519e-08
    ], 
    "row_1": [
      -6.8414839356592922e-07, 
      2.2259536974399138e-05, 
      8.3860784920465141e-08
    ], 
    "row_2": [
      -2.5240452824760522e-08, 
      8.3860784920465168e-08, 
      1.8402535283807782e-05
    ]
  }, 
  "h": 2.896895641240369, 
  "t": 0.37002000000000002, 
  "x": 0.18821169499129736, 
  "y": 0.066544896692459221
}