{
  "covariance": {
    "row_0": [
      9.8996039683440242e-06, 
      -1.8976856768517276e-07, 
      -4.5116717828320233e-09
    ], 
    "row_1": [
      -1.8976856768517276e-07, 
      2.533060020361694e-05, 
      6.224781539273498e-07
    ], 
    "row_2": [
      -4.5116717828320233e-09, 
      6.2247815392735001e-07, 
      3.871296727774334e-05
    ]
  }, 
  "h": 2.9692548303321606, 
  "t": 0.60000000000001497, 
  "x": 0.1458824772764607, 
  "y": -0.024255811242528506
}