{
  "sigmaH": 0.01, 
  "sigmaX": 0.001, 
  "sigmaY": 0.0055836753307292918, 
  "t": 0.22001999999999999, 
  "vh": 0.10434102556145014, 
  "vx": -0.0023276048028687958, 
  "vy": -0.17565126780340096
}