{
  "covariance": {
    "row_0": [
      9.6251970404334404e-06, 
      -2.0743819629339424e-07, 
      -1.4426661333835039e-08
    ], 
    "row_1": [
      -2.0743819629339506e-07, 
      2.4278110243086124e-05, 
      7.4473320668152346e-07
    ], 
    "row_2": [
      -1.4426661333835046e-08, 
      7.4473320668152356e-07, 
      2.9899198890027961e-05
    ]
  }, 
  "h": 2.9395738090536621, 
  "t": 0.52002000000000004, 
  "x": 0.16282357241631121, 
  "y": 0.010018993723389862
}