{
  "covariance": {
    "row_0": [
      1.6394061095637527e-05, 
      -3.2001352280499347e-07, 
      -4.0178728002100286e-09
    ], 
    "row_1": [
      -3.2001352280499347e-07, 
      4.2412700841369741e-05, 
      6.8899205642259064e-07
    ], 
    "row_2": [
      -4.0178728002100277e-09, 
      6.8899205642259074e-07, 
      5.7226113781312108e-05
    ]
  }, 
  "h": 3.0142691579866123, 
  "t": 0.69999999999999996, 
  "x": 0.11585418653236845, 
  "y": -0.073823862865750253
}