{
  "sigmaH": 0.016640455193551586, 
  "sigmaX": 0.011803533510623949, 
  "sigmaY": 0.014999999999999146, 
  "t": 0.79003900000000005, 
  "vh": 0.55702271773459677, 
  "vx": -0.42485095820594032, 
  "vy": -0.48297349979829884
}