{
  "sigmaH": 0.016163930013190109, 
  "sigmaX": 0.011391585409619012, 
  "sigmaY": 0.014999999999999146, 
  "t": 0.77002000000000004, 
  "vh": 0.53934404300998717, 
  "vx": -0.36576384544296137, 
  "vy": -0.49308422843250044
}