{
  "sigmaH": 0.01, 
  "sigmaX": 0.0011597699019746414, 
  "sigmaY": 0.0042631489828259244, 
  "t": 0.16005900000000001, 
  "vh": 0.05720615598390507, 
  "vx": 0.03809644529436735, 
  "vy": -0.14528647119384888
}