{
  "h": 2.8941301330705755, 
  "t": 0.36005859375000004, 
  "x": 0.19650512343238744, 
  "y": 0.067192640239875048
}