{
  "covariance": {
    "row_0": [
      9.313941530244239e-06, 
      -4.5465366077235307e-07, 
      -1.4568161766366286e-08
    ], 
    "row_1": [
      -4.5465366077235349e-07, 
      1.7164147077027624e-05, 
      9.3411487031763188e-08
    ], 
    "row_2": [
      -1.4568161766366291e-08, 
      9.3411487031763214e-08, 
      1.288587346039293e-05
    ]
  }, 
  "h": 2.8831986471687179, 
  "t": 0.29999999999999616, 
  "x": 0.19414603272143297, 
  "y": 0.085609435049876906
}