{
  "h": 2.8646394012480672, 
  "t": 0.06005859375, 
  "x": 0.19618073585965309, 
  "y": 0.12188952552699135
}