{
  "h": 3.0498972265728406, 
  "t": 0.77001953125, 
  "x": 0.097129165524203268, 
  "y": -0.10844471544760627
}