{
  "h": 2.8986397245757205, 
  "t": 0.38007812500000004, 
  "x": 0.19432957975317033, 
  "y": 0.061191050853009632
}