{
  "sigmaH": 0.01, 
  "sigmaX": 0.0021317959002010978, 
  "sigmaY": 0.0077859863734867354, 
  "t": 0.32002000000000003, 
  "vh": 0.17818895609138011, 
  "vx": -0.071275607181304421, 
  "vy": -0.25612563753253181
}