{
  "covariance": {
    "row_0": [
      1.1153318033488894e-05, 
      -8.0012648752762711e-07, 
      -3.0294991861866587e-08
    ], 
    "row_1": [
      -8.0012648752762754e-07, 
      2.4972081879068651e-05, 
      8.4823400196906453e-08
    ], 
    "row_2": [
      -3.0294991861866593e-08, 
      8.482340019690648e-08, 
      2.1064478182954042e-05
    ]
  }, 
  "h": 2.9041970241431678, 
  "t": 0.40000000000000002, 
  "x": 0.18467722971571626, 
  "y": 0.057278537286873113
}