{
  "covariance": {
    "row_0": [
      1.4991210930266428e-05, 
      -1.6489482357248269e-07, 
      -1.5693193244883715e-09
    ], 
    "row_1": [
      -1.6489482357248269e-07, 
      3.2971834814491508e-05, 
      1.3191078962765279e-06
    ], 
    "row_2": [
      -1.569319324488398e-09, 
      1.3191078962765279e-06, 
      8.0777963460940859e-05
    ]
  }, 
  "h": 3.0781162470308021, 
  "t": 0.82001999999999997, 
  "x": 0.071042311138500541, 
  "y": -0.13144296217275728
}