{
  "sigmaH": 0.01, 
  "sigmaX": 0.001, 
  "sigmaY": 0.0062439385046810392, 
  "t": 0.25, 
  "vh": 0.14565803097781282, 
  "vx": -0.02325387018398542, 
  "vy": -0.20763708286678942
}