{
  "covariance": {
    "row_0": [
      1.3379347388222357e-05, 
      -4.788589264461086e-07, 
      8.5495256090731897e-10
    ], 
    "row_1": [
      -4.7885892644610945e-07, 
      1.9871629622397655e-05, 
      1.937957479444658e-08
    ], 
    "row_2": [
      8.5495256090731979e-10, 
      1.937957479444658e-08, 
      3.9991017873150363e-06
    ]
  }, 
  "h": 2.8647914352930082, 
  "t": 0.10000000000000095, 
  "x": 0.19670010745370967, 
  "y": 0.12009448603625085
}