{
  "sigmaH": 0.011403327235749203, 
  "sigmaX": 0.007276123405433225, 
  "sigmaY": 0.013291763980380214, 
  "t": 0.57001999999999997, 
  "vh": 0.38866576298934657, 
  "vx": -0.23793961722051518, 
  "vy": -0.43990531499332086
}