{
  "sigmaH": 0.014260153804827041, 
  "sigmaX": 0.0097458025085311421, 
  "sigmaY": 0.014999999999999146, 
  "t": 0.69003899999999996, 
  "vh": 0.46258996007896463, 
  "vx": -0.31677351622854766, 
  "vy": -0.49367411151120949
}