{
  "h": 2.8644449984661744, 
  "t": 0.10000000000000001, 
  "x": 0.19978623583213792, 
  "y": 0.11841989682709268
}