{
  "covariance": {
    "row_0": [
      1.0266037916366141e-05, 
      -3.613589752403558e-07, 
      6.3375021658125742e-10
    ], 
    "row_1": [
      -3.613589752403558e-07, 
      1.8138251451737997e-05, 
      4.7717261321952449e-08
    ], 
    "row_2": [
      6.3375021658126021e-10, 
      4.7717261321952462e-08, 
      8.6989675187558983e-06
    ]
  }, 
  "h": 2.8708855153724637, 
  "t": 0.210059, 
  "x": 0.19876857880815232, 
  "y": 0.10544929285917522
}