{
  "h": 2.8655205439484011, 
  "t": 0.14003906250000001, 
  "x": 0.20230229113401024, 
  "y": 0.11376635904025556
}