{
  "sigmaH": 0.013307103444109543, 
  "sigmaX": 0.0089219063065212635, 
  "sigmaY": 0.014993132909136113, 
  "t": 0.65000000000000002, 
  "vh": 0.44219550869309399, 
  "vx": -0.29133946288183266, 
  "vy": -0.51615215793235547
}