{
  "covariance": {
    "row_0": [
      9.7143239444659705e-06, 
      -5.4676476559896197e-07, 
      -1.8965580978019513e-08
    ], 
    "row_1": [
      -5.4676476559896239e-07, 
      1.9156040000255598e-05, 
      8.7631514180344204e-08
    ], 
    "row_2": [
      -1.8965580978019516e-08, 
      8.7631514180344231e-08, 
      1.5135453022095782e-05
    ]
  }, 
  "h": 2.8887764767151984, 
  "t": 0.33007799999999998, 
  "x": 0.19201770905438137, 
  "y": 0.077845387793354356
}