{
  "sigmaH": 0.017116980373913064, 
  "sigmaX": 0.01221548161162876, 
  "sigmaY": 0.015000000000002218, 
  "t": 0.81005899999999997, 
  "vh": 0.56635034803607187, 
  "vx": -0.38942220634305841, 
  "vy": -0.52063227880393059
}