{
  "h": 3.0722581839199492, 
  "t": 0.81005859375, 
  "x": 0.081244335923766106, 
  "y": -0.12846424669760612
}