{
  "h": 2.8777792652051901, 
  "t": 0.27001953125, 
  "x": 0.20289122465823159, 
  "y": 0.090547827596392863
}