{
  "covariance": {
    "row_0": [
      1.1347652294837558e-05, 
      -2.6153317349142306e-07, 
      -6.6562131549661065e-09
    ], 
    "row_1": [
      -2.6153317349142264e-07, 
      2.8537518047582545e-05, 
      4.8095773181952917e-07
    ], 
    "row_2": [
      -6.6562131549661032e-09, 
      4.8095773181952959e-07, 
      2.8042609967986758e-05
    ]
  }, 
  "h": 2.9297027313568704, 
  "t": 0.490039, 
  "x": 0.16959083482171303, 
  "y": 0.023717195384775857
}