{
  "sigmaH": 0.01, 
  "sigmaX": 0.0019268266011645493, 
  "sigmaY": 0.0075666155469621106, 
  "t": 0.31005899999999997, 
  "vh": 0.18657777624263119, 
  "vx": -0.061449452826282183, 
  "vy": -0.25264247159737885
}