{
  "sigmaH": 0.01, 
  "sigmaX": 0.0015148785001595684, 
  "sigmaY": 0.007125723199534988, 
  "t": 0.29003899999999999, 
  "vh": 0.18014354230565069, 
  "vx": -0.050119358854861164, 
  "vy": -0.22248556845783257
}