{
  "h": 2.9904898875057921, 
  "t": 0.65000000000000002, 
  "x": 0.13815668810109119, 
  "y": -0.04843494982260968
}