{
  "sigmaH": 0.01, 
  "sigmaX": 0.005835309803381818, 
  "sigmaY": 0.011749716111574479, 
  "t": 0.5, 
  "vh": 0.31667326576242039, 
  "vx": -0.19463195864221328, 
  "vy": -0.38872506467585316
}