{
  "covariance": {
    "row_0": [
      1.4113310429430808e-05, 
      -2.7851767276875742e-07, 
      -4.0938970147231544e-09
    ], 
    "row_1": [
      -2.7851767276875742e-07, 
      3.6758670128654637e-05, 
      6.5963277334272932e-07
    ], 
    "row_2": [
      -4.0938970147231535e-09, 
      6.5963277334272953e-07, 
      5.0940577619948315e-05
    ]
  }, 
  "h": 3.0002071082800379, 
  "t": 0.67001999999999995, 
  "x": 0.12564090764107855, 
  "y": -0.058949188956904784
}