{
  "covariance": {
    "row_0": [
      8.6180568403386131e-06, 
      -1.6329420683097075e-07, 
      -2.1566731252351409e-09
    ], 
    "row_1": [
      -1.6329420683097033e-07, 
      1.9350601222274452e-05, 
      1.692209021110777e-07
    ], 
    "row_2": [
      -2.1566731252351355e-09, 
      1.6922090211107775e-07, 
      1.9177559171582392e-05
    ]
  }, 
  "h": 2.9039348939967202, 
  "t": 0.40000000000001512, 
  "x": 0.1836632177101937, 
  "y": 0.055816210894132995
}