{
  "sigmaH": 0.012356377596466701, 
  "sigmaX": 0.008100019607443101, 
  "sigmaY": 0.014173548675234283, 
  "t": 0.61005900000000002, 
  "vh": 0.4225077535322419, 
  "vx": -0.26897604088631283, 
  "vy": -0.47089885428691808
}