{
  "covariance": {
    "row_0": [
      1.3603838472943717e-05, 
      -2.1498187478860377e-07, 
      -2.8039587907091433e-09
    ], 
    "row_1": [
      -2.1498187478860549e-07, 
      3.3135430770550368e-05, 
      8.8823891777687284e-07
    ], 
    "row_2": [
      -2.8039587907091495e-09, 
      8.8823891777687306e-07, 
      6.0952928592746162e-05
    ]
  }, 
  "h": 3.0293824478412201, 
  "t": 0.730078, 
  "x": 0.10362909498005016, 
  "y": -0.087436385613096856
}