{
  "covariance": {
    "row_0": [
      1.1401480545362827e-05, 
      -1.8428728770415249e-07, 
      -2.8390556504870851e-09
    ], 
    "row_1": [
      -1.8428728770415418e-07, 
      2.8145310893692926e-05, 
      8.2950197738964366e-07
    ], 
    "row_2": [
      -2.8390556504870913e-09, 
      8.2950197738964387e-07, 
      5.4123204201666552e-05
    ]
  }, 
  "h": 3.014323143573463, 
  "t": 0.70000000000001505, 
  "x": 0.11425291976975353, 
  "y": -0.072194182154946038
}