{
  "h": 2.8665353072264952, 
  "t": 0.16005859375000001, 
  "x": 0.20314796839087407, 
  "y": 0.11099826724047701
}