{
  "sigmaH": 0.019020756582277497, 
  "sigmaX": 0.013861264512716779, 
  "sigmaY": 0.01500000000000341, 
  "t": 0.89003900000000002, 
  "vh": 0.61524986901316325, 
  "vx": -0.46525124508970583, 
  "vy": -0.49195719630202805
}