{
  "sigmaH": 0.01354652829082488, 
  "sigmaX": 0.0091288851084896112, 
  "sigmaY": 0.014999999999999146, 
  "t": 0.66005899999999995, 
  "vh": 0.43737761678480092, 
  "vx": -0.29350359189178771, 
  "vy": -0.50736041887391803
}