{
  "sigmaH": 0.01, 
  "sigmaX": 0.0017198477991962023, 
  "sigmaY": 0.0073450940260596127, 
  "t": 0.29999999999999999, 
  "vh": 0.14295853285159915, 
  "vx": -0.056656715135646428, 
  "vy": -0.24227883970488281
}