{
  "covariance": {
    "row_0": [
      9.2428448330547956e-06, 
      -1.9618178201525637e-07, 
      -1.4424816060275794e-08
    ], 
    "row_1": [
      -1.9618178201525719e-07, 
      2.3099953042988701e-05, 
      7.5441782188654977e-07
    ], 
    "row_2": [
      -1.44248160602758e-08, 
      7.5441782188654988e-07, 
      2.8793921575499788e-05
    ]
  }, 
  "h": 2.9362592702425081, 
  "t": 0.51005900000000004, 
  "x": 0.16488888926982406, 
  "y": 0.014186237450724646
}