{
  "covariance": {
    "row_0": [
      1.2282356723714143e-05, 
      -2.8862539382300085e-07, 
      -8.6789247349621475e-10
    ], 
    "row_1": [
      -2.8862539382300085e-07, 
      1.8570241190101786e-05, 
      3.3675485412361891e-08
    ], 
    "row_2": [
      -8.6789247349621207e-10, 
      3.3675485412361905e-08, 
      1.1898252968042994e-05
    ]
  }, 
  "h": 2.8771540170792025, 
  "t": 0.26005899999999998, 
  "x": 0.19795553218980425, 
  "y": 0.095533912442569383
}