{
  "covariance": {
    "row_0": [
      1.0960023955166149e-05, 
      -2.1312021145981521e-07, 
      -4.4025530166392529e-09
    ], 
    "row_1": [
      -2.1312021145981521e-07, 
      2.8289262536568077e-05, 
      6.3233524985530712e-07
    ], 
    "row_2": [
      -4.4025530166392521e-09, 
      6.3233524985530733e-07, 
      4.1883745228606559e-05
    ]
  }, 
  "h": 2.9777921536228642, 
  "t": 0.62002000000000002, 
  "x": 0.14046641959266143, 
  "y": -0.033594961003354143
}