{
  "covariance": {
    "row_0": [
      1.4320518822900154e-05, 
      -2.1767436327785078e-07, 
      -1.8935978397697241e-09
    ], 
    "row_1": [
      -2.1767436327785078e-07, 
      1.9062847375139354e-05, 
      2.1395949976677079e-08
    ], 
    "row_2": [
      -1.8935978397697221e-09, 
      2.1395949976677092e-08, 
      1.4813134357719908e-05
    ]
  }, 
  "h": 2.8833170225545204, 
  "t": 0.29999999999999999, 
  "x": 0.19610206381311962, 
  "y": 0.086433121745267849
}