{
  "covariance": {
    "row_0": [
      1.3938966893278046e-05, 
      -5.3075497621345739e-07, 
      6.0658034291129365e-10
    ], 
    "row_1": [
      -5.3075497621345824e-07, 
      2.1134855278558674e-05, 
      1.8760689889225027e-08
    ], 
    "row_2": [
      6.0658034291129448e-10, 
      1.8760689889225027e-08, 
      5.7607885332049978e-06
    ]
  }, 
  "h": 2.8660528040687856, 
  "t": 0.140039, 
  "x": 0.19918160569111132, 
  "y": 0.1154958953639347
}