{
  "covariance": {
    "row_0": [
      2.6601766931260325e-05, 
      0.0, 
      0.0
    ], 
    "row_1": [
      0.0, 
      2.5522974873009522e-05, 
      0.0
    ], 
    "row_2": [
      0.0, 
      0.0, 
      1.9610921521000004e-06
    ]
  }, 
  "h": 2.8656108668010152, 
  "t": 0.040038999999999998, 
  "x": 0.19540279170462596, 
  "y": 0.1195008725251883
}