{
  "sigmaH": 0.01, 
  "sigmaX": 0.0046014750032990154, 
  "sigmaY": 0.010429189763671111, 
  "t": 0.44003900000000001, 
  "vh": 0.28199332955489931, 
  "vx": -0.14670543977172901, 
  "vy": -0.34877608425553919
}