{
  "covariance": {
    "row_0": [
      1.4440892462185133e-05, 
      -6.8541196918037793e-07, 
      -3.5025994039833744e-12
    ], 
    "row_1": [
      -6.8541196918037878e-07, 
      2.3733615479858747e-05, 
      1.7953656342858634e-08
    ], 
    "row_2": [
      -3.5025994039825601e-12, 
      1.7953656342858634e-08, 
      8.9986388334836942e-06
    ]
  }, 
  "h": 2.8701328810689013, 
  "t": 0.20000000000000001, 
  "x": 0.20085911100923348, 
  "y": 0.10642337371282787
}