{
  "h": 2.8899385352567517, 
  "t": 0.34003906250000004, 
  "x": 0.19840576684888969, 
  "y": 0.072900014355833695
}