{
  "h": 2.981734951089019, 
  "t": 0.63007812500000004, 
  "x": 0.14401066642411353, 
  "y": -0.038533417844669252
}