{
  "covariance": {
    "row_0": [
      1.1378939310673007e-05, 
      -2.5719436538975829e-07, 
      -1.4402545902903231e-08
    ], 
    "row_1": [
      -2.5719436538975913e-07, 
      2.9549537911961286e-05, 
      6.9985472078168619e-07
    ], 
    "row_2": [
      -1.4402545902903238e-08, 
      6.9985472078168629e-07, 
      3.4832863817206602e-05
    ]
  }, 
  "h": 2.9537958485743325, 
  "t": 0.56005899999999997, 
  "x": 0.15380798630707143, 
  "y": -0.0071039238803085377
}