{
  "sigmaH": 0.018067706221559999, 
  "sigmaX": 0.013037368310706924, 
  "sigmaY": 0.01500000000000341, 
  "t": 0.84999999999999998, 
  "vh": 0.59543860431733719, 
  "vx": -0.43721705117717263, 
  "vy": -0.46610730520244315
}