{
  "covariance": {
    "row_0": [
      9.5666421891683009e-06, 
      -5.1495203442536227e-07, 
      -1.746475149561943e-08
    ], 
    "row_1": [
      -5.149520344253627e-07, 
      1.8458706244429422e-05, 
      8.9321553079788297e-08
    ], 
    "row_2": [
      -1.7464751495619433e-08, 
      8.9321553079788324e-08, 
      1.4363058431109233e-05
    ]
  }, 
  "h": 2.8868503732115691, 
  "t": 0.32002000000000003, 
  "x": 0.1928179363523202, 
  "y": 0.080516836952616341
}