{
  "sigmaH": 0.01, 
  "sigmaX": 0.0060422886053501657, 
  "sigmaY": 0.01197123763247685, 
  "t": 0.51005900000000004, 
  "vh": 0.36218908760559138, 
  "vx": -0.20159338186788051, 
  "vy": -0.38830245865954416
}