{
  "sigmaH": 0.014497254138471817, 
  "sigmaX": 0.0099507718075675638, 
  "sigmaY": 0.014999999999999146, 
  "t": 0.69999999999999996, 
  "vh": 0.46826670869839832, 
  "vx": -0.34152604171375189, 
  "vy": -0.48182526167532691
}