{
  "h": 2.87501786340794, 
  "t": 0.25, 
  "x": 0.20355548738096249, 
  "y": 0.094931950591493133
}