{
  "covariance": {
    "row_0": [
      1.3515036580540761e-05, 
      -3.1459774144484824e-07, 
      -1.4322719507738951e-08
    ], 
    "row_1": [
      -3.1459774144484909e-07, 
      3.5744011758868966e-05, 
      6.4474290420086766e-07
    ], 
    "row_2": [
      -1.4322719507738956e-08, 
      6.4474290420086766e-07, 
      4.0612499564223156e-05
    ]
  }, 
  "h": 2.9695199897043767, 
  "t": 0.59999999999999998, 
  "x": 0.14397699219901613, 
  "y": -0.025343743365817139
}