{
  "h": 2.8879714327448638, 
  "t": 0.330078125, 
  "x": 0.19924903491374954, 
  "y": 0.075630166985651892
}