{
  "covariance": {
    "row_0": [
      2.5836589675629971e-05, 
      0.0, 
      0.0
    ], 
    "row_1": [
      0.0, 
      2.5218510888521241e-05, 
      0.0
    ], 
    "row_2": [
      0.0, 
      0.0, 
      1.44048004e-06
    ]
  }, 
  "h": 2.8664631216077949, 
  "t": 0.02002, 
  "x": 0.19294858515698107, 
  "y": 0.12050466839266577
}