{
  "h": 2.961148736805157, 
  "t": 0.580078125, 
  "x": 0.15750400076007962, 
  "y": -0.014918005700537817
}