{
  "sigmaH": 0.01, 
  "sigmaX": 0.0042463664051138319, 
  "sigmaY": 0.001, 
  "t": 0.010059, 
  "vh": -0.069880664602436735, 
  "vx": 0.13767899091186273, 
  "vy": -0.030505521135388063
}