{
  "sigmaH": 0.01, 
  "sigmaX": 0.003424479706035669, 
  "sigmaY": 0.0018393164191664935, 
  "t": 0.050000000000000003, 
  "vh": -0.034571656680465898, 
  "vx": 0.11030718503193242, 
  "vy": -0.060467372731597045
}