{
  "sigmaH": 0.016877555527192271, 
  "sigmaX": 0.012008502809660584, 
  "sigmaY": 0.014999999999999146, 
  "t": 0.80000000000000004, 
  "vh": 0.56229218167165185, 
  "vx": -0.40085210923751702, 
  "vy": -0.48878669149763854
}