{
  "h": 2.9425461070118963, 
  "t": 0.53007812500000007, 
  "x": 0.16928255926096825, 
  "y": 0.0068621472412957983
}