{
  "sigmaH": 0.014736678985189882, 
  "sigmaX": 0.010157750609535951, 
  "sigmaY": 0.014999999999999146, 
  "t": 0.710059, 
  "vh": 0.45778066795275701, 
  "vx": -0.34293390226340842, 
  "vy": -0.51805897956941371
}