{
  "covariance": {
    "row_0": [
      1.4048451655250931e-05, 
      -1.5800572001599916e-07, 
      -1.5608657124237382e-09
    ], 
    "row_1": [
      -1.5800572001599916e-07, 
      3.1278162771080185e-05, 
      1.2809367534472473e-06
    ], 
    "row_2": [
      -1.5608657124237646e-09, 
      1.2809367534472473e-06, 
      7.7700914070554346e-05
    ]
  }, 
  "h": 3.072306453540369, 
  "t": 0.81005899999999997, 
  "x": 0.075197282170088239, 
  "y": -0.12667655673687084
}