{
  "sigmaH": 0.01, 
  "sigmaX": 0.002600583504026048, 
  "sigmaY": 0.002721101114020442, 
  "t": 0.090038999999999994, 
  "vh": 0.0037751870145176511, 
  "vx": 0.082595798958894628, 
  "vy": -0.096002497813988757
}