{
  "h": 2.9112916008971781, 
  "t": 0.43007812500000003, 
  "x": 0.18769534875751365, 
  "y": 0.044916675518069507
}