{
  "h": 3.1019681120228899, 
  "t": 0.86005859375000004, 
  "x": 0.059863702580754706, 
  "y": -0.1534642466976118
}