{
  "sigmaH": 0.01092680205538636, 
  "sigmaX": 0.0068641753044283282, 
  "sigmaY": 0.012850871632953198, 
  "t": 0.55000000000000004, 
  "vh": 0.37212297806572597, 
  "vx": -0.22790328982054706, 
  "vy": -0.45050252819665176
}