{
  "covariance": {
    "row_0": [
      1.4363161047274872e-05, 
      -6.5465175273790837e-07, 
      1.1258241143057628e-10
    ], 
    "row_1": [
      -6.5465175273790922e-07, 
      2.3238838158570184e-05, 
      1.8072259324507697e-08
    ], 
    "row_2": [
      1.1258241143057711e-10, 
      1.8072259324507697e-08, 
      8.410947076395524e-06
    ]
  }, 
  "h": 2.8690575894707968, 
  "t": 0.19003900000000001, 
  "x": 0.20074953873096363, 
  "y": 0.10811346836802342
}