{
  "h": 2.865616956062373, 
  "t": 0.030078125000000001, 
  "x": 0.19275547334060028, 
  "y": 0.12372442053325174
}