{
  "h": 2.865985702289493, 
  "t": 0.15000000000000002, 
  "x": 0.20275742885015691, 
  "y": 0.11242584061752393
}