{
  "sigmaH": 0.01, 
  "sigmaX": 0.001, 
  "sigmaY": 0.0044825198093505492, 
  "t": 0.17002, 
  "vh": 0.058731921561170103, 
  "vx": 0.031085813842933439, 
  "vy": -0.15563775997313348
}