{
  "covariance": {
    "row_0": [
      9.8745389313446356e-06, 
      -5.7932834767170414e-07, 
      -2.0482845553009225e-08
    ], 
    "row_1": [
      -5.7932834767170456e-07, 
      1.987886569586846e-05, 
      8.6225999516767142e-08
    ], 
    "row_2": [
      -2.0482845553009229e-08, 
      8.6225999516767168e-08, 
      1.5920345366309929e-05
    ]
  }, 
  "h": 2.890611744832102, 
  "t": 0.34003899999999998, 
  "x": 0.19114447501047241, 
  "y": 0.075075177665955242
}