{
  "covariance": {
    "row_0": [
      1.2758781925849761e-05, 
      -2.5150831313168739e-07, 
      -4.2037810980454422e-09
    ], 
    "row_1": [
      -2.5150831313168739e-07, 
      3.3208551001025132e-05, 
      6.4659137991057487e-07
    ], 
    "row_2": [
      -4.2037810980454414e-09, 
      6.4659137991057508e-07, 
      4.7109858405591223e-05
    ]
  }, 
  "h": 2.991305385076211, 
  "t": 0.65000000000000002, 
  "x": 0.13172875262603934, 
  "y": -0.048705271819922388
}