{
  "h": 3.1271263985115021, 
  "t": 0.90000000000000002, 
  "x": 0.041552223911156781, 
  "y": -0.17343494982261634
}