{
  "h": 2.9732543164142142, 
  "t": 0.61005859375000004, 
  "x": 0.14961911094503827, 
  "y": -0.02885772556257872
}