{
  "sigmaH": 0.011166226902109883, 
  "sigmaX": 0.0070711541063966758, 
  "sigmaY": 0.013072393153855555, 
  "t": 0.56005899999999997, 
  "vh": 0.36896410907843591, 
  "vx": -0.23618899160613419, 
  "vy": -0.42036595983921021
}