{
  "sigmaH": 0.01, 
  "sigmaX": 0.0017766873020161711, 
  "sigmaY": 0.0036028858088743049, 
  "t": 0.130078, 
  "vh": 0.03508812513158114, 
  "vx": 0.060099649474414957, 
  "vy": -0.11961342885159602
}