{
  "sigmaH": 0.019257856915918182, 
  "sigmaX": 0.01406623381175337, 
  "sigmaY": 0.01500000000000341, 
  "t": 0.90000000000000002, 
  "vh": 0.65233213581469296, 
  "vx": -0.48507802810473438, 
  "vy": -0.50987906759444146
}