{
  "covariance": {
    "row_0": [
      1.4843613072741152e-05, 
      -2.9231280367588656e-07, 
      -4.0555540246554608e-09
    ], 
    "row_1": [
      -2.9231280367588656e-07, 
      3.8610394703737852e-05, 
      6.6808012011153634e-07
    ], 
    "row_2": [
      -4.05555402465546e-09, 
      6.6808012011153655e-07, 
      5.2974019432730718e-05
    ]
  }, 
  "h": 3.004996894708921, 
  "t": 0.68007799999999996, 
  "x": 0.12241150842903169, 
  "y": -0.064106913609439167
}