{
  "covariance": {
    "row_0": [
      1.4285766827945546e-05, 
      -6.2578289787209984e-07, 
      2.2335097002968781e-10
    ], 
    "row_1": [
      -6.2578289787210069e-07, 
      2.2770040997200681e-05, 
      1.819809160605942e-08
    ], 
    "row_2": [
      2.2335097002968864e-10, 
      1.819809160605942e-08, 
      7.8430996315502948e-06
    ]
  }, 
  "h": 2.8682516744425031, 
  "t": 0.18007799999999999, 
  "x": 0.2005842815554259, 
  "y": 0.1096713758919074
}