{
  "sigmaH": 0.012593477930107382, 
  "sigmaX": 0.008304988906479736, 
  "sigmaY": 0.014392919501758897, 
  "t": 0.62002000000000002, 
  "vh": 0.43041038027595668, 
  "vx": -0.2721039743527609, 
  "vy": -0.46203977367338311
}