{
  "h": 3.0665210406374102, 
  "t": 0.80000000000000004, 
  "x": 0.085338337092362604, 
  "y": -0.12343494982260542
}