{
  "sigmaH": 0.01, 
  "sigmaX": 0.0015717180029796224, 
  "sigmaY": 0.0038222566353989288, 
  "t": 0.140039, 
  "vh": 0.047090723695411757, 
  "vx": 0.05018451901880986, 
  "vy": -0.12492263318474378
}