{
  "covariance": {
    "row_0": [
      1.7029504112972099e-05, 
      -1.7866201829757866e-07, 
      -1.6043333347492491e-09
    ], 
    "row_1": [
      -1.7866201829757866e-07, 
      3.6510846988655171e-05, 
      1.4007638218199405e-06
    ], 
    "row_2": [
      -1.6043333347492754e-09, 
      1.4007638218199405e-06, 
      8.7276301042668166e-05
    ]
  }, 
  "h": 3.0903054417679043, 
  "t": 0.84003899999999998, 
  "x": 0.062568187004315753, 
  "y": -0.14159997487887799
}