{
  "sigmaH": 0.01, 
  "sigmaX": 0.0031606614012476084, 
  "sigmaY": 0.0088871418948654798, 
  "t": 0.37002000000000002, 
  "vh": 0.20830877598783171, 
  "vx": -0.10395260470362509, 
  "vy": -0.30128278707725392
}