{
  "covariance": {
    "row_0": [
      2.6230142630770602e-05, 
      0.0, 
      0.0
    ], 
    "row_1": [
      0.0, 
      2.5360193433902404e-05, 
      0.0
    ], 
    "row_2": [
      0.0, 
      0.0, 
      1.6920286084000002e-06
    ]
  }, 
  "h": 2.8660177702977507, 
  "t": 0.030078000000000001, 
  "x": 0.19421291692006692, 
  "y": 0.12003788976107641
}