{
  "h": 2.9323109947895873, 
  "t": 0.5, 
  "x": 0.17554205659412311, 
  "y": 0.019080189486204033
}