{
  "sigmaH": 0.014973779318830566, 
  "sigmaX": 0.010362719908572543, 
  "sigmaY": 0.014999999999999146, 
  "t": 0.72001999999999999, 
  "vh": 0.50617860378767787, 
  "vx": -0.35916434648875895, 
  "vy": -0.50415353114068795
}