{
  "covariance": {
    "row_0": [
      2.7606344299837741e-05, 
      0.0, 
      0.0
    ], 
    "row_1": [
      0.0, 
      2.6150862151708527e-05, 
      0.0
    ], 
    "row_2": [
      0.0, 
      0.0, 
      2.8906800400000001e-06
    ]
  }, 
  "h": 2.8649609224642862, 
  "t": 0.070019999999999999, 
  "x": 0.19855662888847447, 
  "y": 0.11745245773865978
}