{
  "h": 2.9059878007581004, 
  "t": 0.41005859375000003, 
  "x": 0.19055747260507233, 
  "y": 0.051653085483979941
}