{
  "sigmaH": 0.01, 
  "sigmaX": 0.001, 
  "sigmaY": 0.0053643045042046245, 
  "t": 0.210059, 
  "vh": 0.10629395175621499, 
  "vx": 0.0044048640182750322, 
  "vy": -0.1794380984089739
}