{
  "covariance": {
    "row_0": [
      1.3252376507689109e-05, 
      -2.5375947006047529e-07, 
      -1.4040082525978282e-09
    ], 
    "row_1": [
      -2.5375947006047529e-07, 
      1.8780766057229366e-05, 
      2.7537637625648709e-08
    ], 
    "row_2": [
      -1.4040082525978255e-09, 
      2.7537637625648722e-08, 
      1.3319351376779629e-05
    ]
  }, 
  "h": 2.8800986027838786, 
  "t": 0.28007799999999999, 
  "x": 0.19716566028613908, 
  "y": 0.091062640014976659
}