{
  "h": 2.8643750073478182, 
  "t": 0.090039062500000003, 
  "x": 0.19898948261759691, 
  "y": 0.11939479720561659
}