{
  "covariance": {
    "row_0": [
      1.5249370576442199e-05, 
      -2.3572438084255408e-07, 
      -2.8141996789655096e-09
    ], 
    "row_1": [
      -2.357243808425558e-07, 
      3.6664922085123534e-05, 
      9.3324122316835272e-07
    ], 
    "row_2": [
      -2.8141996789655158e-09, 
      9.3324122316835293e-07, 
      6.5891846432877818e-05
    ]
  }, 
  "h": 3.0396309036879061, 
  "t": 0.75, 
  "x": 0.096275006968719157, 
  "y": -0.097151955483466709
}