{
  "covariance": {
    "row_0": [
      1.9055787110143105e-05, 
      -2.7786667722773185e-07, 
      -2.9392869032877488e-09
    ], 
    "row_1": [
      -2.778666772277336e-07, 
      4.4299173748741357e-05, 
      1.0409768328164816e-06
    ], 
    "row_2": [
      -2.939286903287755e-09, 
      1.0409768328164818e-06, 
      7.6900219969062576e-05
    ]
  }, 
  "h": 3.0610873217209904, 
  "t": 0.79003900000000005, 
  "x": 0.080751433766780761, 
  "y": -0.11689566782606989
}