{
  "covariance": {
    "row_0": [
      1.0457025231134488e-05, 
      -2.3138911231638146e-07, 
      -1.4421188229328815e-08
    ], 
    "row_1": [
      -2.3138911231638228e-07, 
      2.6803226386986001e-05, 
      7.2352378035398122e-07
    ], 
    "row_2": [
      -1.4421188229328821e-08, 
      7.2352378035398133e-07, 
      3.2264696263895329e-05
    ]
  }, 
  "h": 2.9463777216165998, 
  "t": 0.54003900000000005, 
  "x": 0.15845395604353998, 
  "y": 0.0016119929930808949
}