{
  "covariance": {
    "row_0": [
      1.7065589456939734e-05, 
      -2.567608635125681e-07, 
      -2.8575211596446152e-09
    ], 
    "row_1": [
      -2.5676086351256985e-07, 
      4.0391869815155049e-05, 
      9.840309945750223e-07
    ], 
    "row_2": [
      -2.8575211596446214e-09, 
      9.8403099457502251e-07, 
      7.1209463068892952e-05
    ]
  }, 
  "h": 3.050155793862884, 
  "t": 0.77002000000000004, 
  "x": 0.088745542090659421, 
  "y": -0.10712497893262278
}