{
  "h": 3.0288581331285473, 
  "t": 0.73007812500000002, 
  "x": 0.11187967024694913, 
  "y": -0.088474012322607404
}