{
  "h": 2.8678680641959096, 
  "t": 0.18007812500000001, 
  "x": 0.20371874538502302, 
  "y": 0.10793596016979178
}