{
  "sigmaH": 0.01, 
  "sigmaX": 0.0013099092011229344, 
  "sigmaY": 0.0069063523730103207, 
  "t": 0.28007799999999999, 
  "vh": 0.15663740639985355, 
  "vx": -0.043480498800445182, 
  "vy": -0.22702691622189419
}