{
  "covariance": {
    "row_0": [
      1.062468428129038e-05, 
      -3.4882230736041583e-07, 
      3.1959266848768319e-10
    ], 
    "row_1": [
      -3.4882230736041583e-07, 
      1.8223823146610693e-05, 
      4.5118289716981372e-08
    ], 
    "row_2": [
      3.1959266848768593e-10, 
      4.5118289716981385e-08, 
      9.2964473094141238e-06
    ]
  }, 
  "h": 2.8719248563280813, 
  "t": 0.22001999999999999, 
  "x": 0.19874539353671095, 
  "y": 0.10369963058058554
}