{
  "sigmaH": 0.01, 
  "sigmaX": 0.0028055528030626817, 
  "sigmaY": 0.0025017302874957748, 
  "t": 0.080077999999999996, 
  "vh": -0.00080602987159815627, 
  "vx": 0.094702896532714465, 
  "vy": -0.086134116651261292
}