{
  "h": 2.8860649311342486, 
  "t": 0.32001953125000004, 
  "x": 0.20003151000267705, 
  "y": 0.078313173200885683
}