{
  "covariance": {
    "row_0": [
      2.8431923481185947e-05, 
      0.0, 
      0.0
    ], 
    "row_1": [
      0.0, 
      2.6991648115258405e-05, 
      0.0
    ], 
    "row_2": [
      0.0, 
      0.0, 
      3.9999999999999998e-06
    ]
  }, 
  "h": 2.8650181127804939, 
  "t": 0.10000000000000001, 
  "x": 0.20107122780900288, 
  "y": 0.1146635462815703
}