{
  "h": 2.8652130552378363, 
  "t": 0.0400390625, 
  "x": 0.19396189826610627, 
  "y": 0.12318797616868005
}