{
  "covariance": {
    "row_0": [
      1.100782638180596e-05, 
      -3.3521075883970949e-07, 
      8.6250427845852257e-12
    ], 
    "row_1": [
      -3.3521075883970949e-07, 
      1.8310473636332421e-05, 
      4.239376960630284e-08
    ], 
    "row_2": [
      8.6250427845878624e-12, 
      4.2393769606302853e-08, 
      9.9198799525009029e-06
    ]
  }, 
  "h": 2.8730752558410604, 
  "t": 0.230078, 
  "x": 0.19864532751586392, 
  "y": 0.10180719412179104
}