{
  "sigmaH": 0.01, 
  "sigmaX": 0.002188635403021152, 
  "sigmaY": 0.0031619934614473522, 
  "t": 0.110059, 
  "vh": 0.023707180888236298, 
  "vx": 0.071814317118333651, 
  "vy": -0.10712138756110075
}