{
  "sigmaH": 0.01, 
  "sigmaX": 0.0056303405043455256, 
  "sigmaY": 0.011530345285049844, 
  "t": 0.490039, 
  "vh": 0.32406377905074391, 
  "vx": -0.17936841837243886, 
  "vy": -0.39742513871359997
}