{
  "h": 2.9572470281385654, 
  "t": 0.57001953125000004, 
  "x": 0.16001129919874316, 
  "y": -0.010388986811117735
}