{
  "h": 2.9996049583745004, 
  "t": 0.67001953125000002, 
  "x": 0.13199978403162796, 
  "y": -0.058444715447609111
}