{
  "h": 3.0339865734223306, 
  "t": 0.74003906250000007, 
  "x": 0.1083034781949347, 
  "y": -0.093454481072607121
}