{
  "sigmaH": 0.01, 
  "sigmaX": 0.0052183924033405438, 
  "sigmaY": 0.011089452937622868, 
  "t": 0.47001999999999999, 
  "vh": 0.28617466947730785, 
  "vx": -0.16204792426506379, 
  "vy": -0.38360360117392023
}