{
  "h": 2.8644724463949767, 
  "t": 0.070019531250000003, 
  "x": 0.19718232492967663, 
  "y": 0.12113385315544356
}