{
  "covariance": {
    "row_0": [
      1.3821228845866606e-05, 
      -5.137938388179714e-07, 
      6.8124275099810577e-10
    ], 
    "row_1": [
      -5.1379383881797225e-07, 
      2.0787158461884371e-05, 
      1.8911030112162014e-08
    ], 
    "row_2": [
      6.812427509981067e-10, 
      1.8911030112162014e-08, 
      5.2925511128465108e-06
    ]
  }, 
  "h": 2.8655837333700558, 
  "t": 0.130078, 
  "x": 0.19868171769716494, 
  "y": 0.11674024971308794
}