{
  "covariance": {
    "row_0": [
      2.4396542496618362e-05, 
      -2.182223436540104e-07, 
      -1.8885752247202395e-09
    ], 
    "row_1": [
      -2.182223436540104e-07, 
      4.8191183762465571e-05, 
      1.6898698210998324e-06
    ], 
    "row_2": [
      -1.8885752247202655e-09, 
      1.6898698210998322e-06, 
      0.00010943421424962289
    ]
  }, 
  "h": 3.1272940302164671, 
  "t": 0.90000000000000002, 
  "x": 0.035354297538810545, 
  "y": -0.17182319406248139
}