{
  "h": 3.0237593002283703, 
  "t": 0.72001953125000007, 
  "x": 0.11542186269545431, 
  "y": -0.08344471544760769
}