{
  "covariance": {
    "row_0": [
      1.6140913486892067e-05, 
      -2.4627708318462143e-07, 
      -2.831526730369517e-09
    ], 
    "row_1": [
      -2.4627708318462318e-07, 
      3.8514950273062297e-05, 
      9.5803061488145601e-07
    ], 
    "row_2": [
      -2.8315267303695232e-09, 
      9.5803061488145622e-07, 
      6.8518247621967307e-05
    ]
  }, 
  "h": 3.0447833878504618, 
  "t": 0.76005900000000004, 
  "x": 0.092388915755116763, 
  "y": -0.10221336693320665
}