{
  "sigmaH": 0.01, 
  "sigmaX": 0.0013667487039429886, 
  "sigmaY": 0.0040416274619235956, 
  "t": 0.14999999999999999, 
  "vh": 0.029589641768982568, 
  "vx": 0.046639974869722232, 
  "vy": -0.1321769248141324
}