{
  "sigmaH": 0.01, 
  "sigmaX": 0.001, 
  "sigmaY": 0.0051427829833023391, 
  "t": 0.20000000000000001, 
  "vh": 0.10795016545571888, 
  "vx": 0.011000128327461335, 
  "vy": -0.16967118313377735
}