{
  "sigmaH": 0.014023053471187721, 
  "sigmaX": 0.0095408332094945071, 
  "sigmaY": 0.014999999999999146, 
  "t": 0.68007799999999996, 
  "vh": 0.4762165866855439, 
  "vx": -0.32107767071454191, 
  "vy": -0.51279823548761017
}