{
  "h": 2.8704586369516125, 
  "t": 0.21005859375000002, 
  "x": 0.20405942090386836, 
  "y": 0.10279974929377325
}