{
  "h": 2.8842560498736529, 
  "t": 0.31005859375, 
  "x": 0.20073799842462511, 
  "y": 0.080896935793472277
}