{
  "h": 3.0391937384362691, 
  "t": 0.75, 
  "x": 0.10465922993034954, 
  "y": -0.098434949822606838
}