{
  "h": 2.8671586868188799, 
  "t": 0.17001953125000002, 
  "x": 0.20346632646410895, 
  "y": 0.10951135878051377
}