{
  "h": 2.871477183766733, 
  "t": 0.22001953125000001, 
  "x": 0.2040361634787089, 
  "y": 0.10094722278960223
}