{
  "h": 3.0043047498634836, 
  "t": 0.68007812500000009, 
  "x": 0.12880255625306997, 
  "y": -0.063474012322608825
}