{
  "covariance": {
    "row_0": [
      1.5601148575459256e-05, 
      -3.0610579801103873e-07, 
      -4.0299744874292102e-09
    ], 
    "row_1": [
      -3.0610579801103873e-07, 
      4.0489189828344936e-05, 
      6.77807890389486e-07
    ], 
    "row_2": [
      -4.0299744874292093e-09, 
      6.7780789038948621e-07, 
      5.5062055115429712e-05
    ]
  }, 
  "h": 3.0096047533012675, 
  "t": 0.69003899999999996, 
  "x": 0.11925612743387913, 
  "y": -0.069024401434202326
}