{
  "covariance": {
    "row_0": [
      1.3687804936804464e-05, 
      -4.9941517938921518e-07, 
      7.4793495707703343e-10
    ], 
    "row_1": [
      -4.9941517938921602e-07, 
      2.0458788880211755e-05, 
      1.9065571553474422e-08
    ], 
    "row_2": [
      7.4793495707703436e-10, 
      1.9065571553474422e-08, 
      4.8398891189539486e-06
    ]
  }, 
  "h": 2.8652308170074825, 
  "t": 0.12002, 
  "x": 0.19807723542275127, 
  "y": 0.11794332158047729
}