{
  "covariance": {
    "row_0": [
      1.4042114638139385e-05, 
      -5.50486986053074e-07, 
      5.2322906969613154e-10
    ], 
    "row_1": [
      -5.5048698605307485e-07, 
      2.1505529135074554e-05, 
      1.861376319467667e-08
    ], 
    "row_2": [
      5.2322906969613236e-10, 
      1.861376319467667e-08, 
      6.2488702606114982e-06
    ]
  }, 
  "h": 2.8663475464904464, 
  "t": 0.14999999999999999, 
  "x": 0.19964618648078863, 
  "y": 0.11417928101586113
}