{
  "h": 3.083915653130485, 
  "t": 0.830078125, 
  "x": 0.072889570729475273, 
  "y": -0.13847401232260839
}