{
  "sigmaH": 0.01, 
  "sigmaX": 0.003834418304108851, 
  "sigmaY": 0.0014005747661172451, 
  "t": 0.030078000000000001, 
  "vh": -0.04427831676717342, 
  "vx": 0.1257040925716689, 
  "vy": -0.046408692741039113
}