{
  "covariance": {
    "row_0": [
      1.0278056582683341e-05, 
      -2.2604500990469441e-07, 
      -3.6490636400367077e-09
    ], 
    "row_1": [
      -2.2604500990469399e-07, 
      2.5135023124056397e-05, 
      2.7775728435306706e-07
    ], 
    "row_2": [
      -3.6490636400367035e-09, 
      2.7775728435306722e-07, 
      2.4850353468990322e-05
    ]
  }, 
  "h": 2.9205080843381803, 
  "t": 0.460059, 
  "x": 0.17484570651416376, 
  "y": 0.035244358108565868
}