{
  "sigmaH": 0.015213204165545903, 
  "sigmaX": 0.010569698710540889, 
  "sigmaY": 0.014999999999999146, 
  "t": 0.730078, 
  "vh": 0.53812323091057523, 
  "vx": -0.3575876527606251, 
  "vy": -0.49802891817235057
}