{
  "sigmaH": 0.012116952749751362, 
  "sigmaX": 0.0078930408054747533, 
  "sigmaY": 0.013952027154331879, 
  "t": 0.59999999999999998, 
  "vh": 0.3967984815966642, 
  "vx": -0.25442518063140473, 
  "vy": -0.49484218426416776
}