{
  "sigmaH": 0.018544231401914659, 
  "sigmaX": 0.013449316411711841, 
  "sigmaY": 0.01500000000000341, 
  "t": 0.87002000000000002, 
  "vh": 0.60966923866942424, 
  "vx": -0.43485133664391484, 
  "vy": -0.52160426313323238
}