{
  "h": 3.0553951008842155, 
  "t": 0.78007812500000007, 
  "x": 0.093242008405750865, 
  "y": -0.11347401232260598
}