{
  "sigmaH": 0.01, 
  "sigmaX": 0.001, 
  "sigmaY": 0.0049234121567777152, 
  "t": 0.19003900000000001, 
  "vh": 0.080907040286486473, 
  "vx": 0.016590420192522125, 
  "vy": -0.15640071517758913
}