{
  "sigmaH": 0.01, 
  "sigmaX": 0.001, 
  "sigmaY": 0.0058051968516316206, 
  "t": 0.230078, 
  "vh": 0.11437656720809732, 
  "vx": -0.0099488984735565077, 
  "vy": -0.18815236217881295
}