{
  "covariance": {
    "row_0": [
      2.0114450894556766e-05, 
      -2.8835580025133091e-07, 
      -2.9959870178760844e-09
    ], 
    "row_1": [
      -2.8835580025133266e-07, 
      4.6310630603223003e-05, 
      1.0717894168955038e-06
    ], 
    "row_2": [
      -2.9959870178760902e-09, 
      1.071789416895504e-06, 
      7.9876671933453938e-05
    ]
  }, 
  "h": 3.0666883141426218, 
  "t": 0.80000000000000004, 
  "x": 0.076758545906665851, 
  "y": -0.12176447206007786
}