{
  "sigmaH": 0.010213176541389658, 
  "sigmaX": 0.0062472579043867998, 
  "sigmaY": 0.012190608459001528, 
  "t": 0.52002000000000004, 
  "vh": 0.33275161240378964, 
  "vx": -0.20734031257030933, 
  "vy": -0.41835596098130556
}