{
  "covariance": {
    "row_0": [
      1.0240100155665512e-05, 
      -6.4814505120935768e-07, 
      -2.3627433530869564e-08
    ], 
    "row_1": [
      -6.481450512093581e-07, 
      2.1433347040499788e-05, 
      8.4312470291105483e-08
    ], 
    "row_2": [
      -2.3627433530869568e-08, 
      8.4312470291105509e-08, 
      1.7557893968309496e-05
    ]
  }, 
  "h": 2.8948206775227541, 
  "t": 0.36005900000000002, 
  "x": 0.18924716688675017, 
  "y": 0.069545974534535746
}