{
  "covariance": {
    "row_0": [
      2.5428966499543769e-05, 
      0.0, 
      0.0
    ], 
    "row_1": [
      0.0, 
      2.5100691183480998e-05, 
      0.0
    ], 
    "row_2": [
      0.0, 
      0.0, 
      1.2112983481000002e-06
    ]
  }, 
  "h": 2.8669680010200467, 
  "t": 0.010059, 
  "x": 0.191616030242271, 
  "y": 0.12090711965558343
}