{
  "h": 2.922823435865034, 
  "t": 0.47001953125000001, 
  "x": 0.18116371102554868, 
  "y": 0.030597654800577148
}