{
  "sigmaH": 0.015687404832834088, 
  "sigmaX": 0.010979637308614074, 
  "sigmaY": 0.014999999999999146, 
  "t": 0.75, 
  "vh": 0.52205477807796374, 
  "vx": -0.37862283871944824, 
  "vy": -0.51033484397481821
}