{
  "sigmaH": 0.01, 
  "sigmaX": 0.0040413971060771978, 
  "sigmaY": 0.0011790532452150017, 
  "t": 0.02002, 
  "vh": -0.050685615124146904, 
  "vx": 0.13377722263930161, 
  "vy": -0.040402696809322819
}