{
  "covariance": {
    "row_0": [
      1.8043079004829364e-05, 
      -2.673635136122007e-07, 
      -2.8934788575591485e-09
    ], 
    "row_1": [
      -2.6736351361220245e-07, 
      4.2332420127100902e-05, 
      1.0118379134898853e-06
    ], 
    "row_2": [
      -2.8934788575591547e-09, 
      1.0118379134898855e-06, 
      7.4020883695137641e-05
    ]
  }, 
  "h": 3.0555388184296359, 
  "t": 0.78007800000000005, 
  "x": 0.084983374161470129, 
  "y": -0.11208476879457903
}