{
  "h": 2.8792867254046115, 
  "t": 0.28007812500000001, 
  "x": 0.20245371423925129, 
  "y": 0.088234023915996343
}