{
  "sigmaH": 0.015926829679549427, 
  "sigmaX": 0.01118661611058242, 
  "sigmaY": 0.014999999999999146, 
  "t": 0.76005900000000004, 
  "vh": 0.51222628119650804, 
  "vx": -0.38632977568370414, 
  "vy": -0.50317242765085168
}