{
  "covariance": {
    "row_0": [
      1.090401597687361e-05, 
      -2.4399060069055352e-07, 
      -1.4413590835177132e-08
    ], 
    "row_1": [
      -2.4399060069055437e-07, 
      2.8141124471765669e-05, 
      7.1206207538839785e-07
    ], 
    "row_2": [
      -1.4413590835177139e-08, 
      7.1206207538839795e-07, 
      3.3516330052030989e-05
    ]
  }, 
  "h": 2.9500844386011127, 
  "t": 0.55000000000000004, 
  "x": 0.15618381137363752, 
  "y": -0.0028754626902859522
}