{
  "covariance": {
    "row_0": [
      1.3142427634454188e-05, 
      -1.5104255927393578e-07, 
      -1.5576928903971564e-09
    ], 
    "row_1": [
      -1.5104255927393578e-07, 
      2.9613181551691726e-05, 
      1.2439485629112525e-06
    ], 
    "row_2": [
      -1.5576928903971828e-09, 
      1.2439485629112525e-06, 
      7.4695426434370673e-05
    ]
  }, 
  "h": 3.0666095353894827, 
  "t": 0.80000000000001514, 
  "x": 0.07911448014368716, 
  "y": -0.12143951664439
}