{
  "covariance": {
    "row_0": [
      1.4974434537420512e-05, 
      -1.2124629038160684e-07, 
      1.3450156071188268e-09
    ], 
    "row_1": [
      -1.2124629038160599e-07, 
      3.0203303411992676e-05, 
      1.8184473949375293e-06
    ], 
    "row_2": [
      1.3450156071188003e-09, 
      1.8184473949375293e-06, 
      0.00010076231922363587
    ]
  }, 
  "h": 3.1269908564062048, 
  "t": 0.90000000000001512, 
  "x": 0.035300749742776208, 
  "y": -0.17392317619643302
}