{
  "sigmaH": 0.011642752082463174, 
  "sigmaX": 0.0074831022074015718, 
  "sigmaY": 0.013513285501282571, 
  "t": 0.58007799999999998, 
  "vh": 0.38387412284911177, 
  "vx": -0.24243305517963534, 
  "vy": -0.43994628058223056
}