{
  "h": 2.8651341103274626, 
  "t": 0.13007812500000002, 
  "x": 0.20177909720529283, 
  "y": 0.11503403949324269
}