{
  "h": 2.9390434397564982, 
  "t": 0.52001953125, 
  "x": 0.17144489302968458, 
  "y": 0.011021963595878618
}