{
  "covariance": {
    "row_0": [
      2.1725847321729676e-05, 
      -2.054773814732918e-07, 
      -1.760262290710212e-09
    ], 
    "row_1": [
      -2.054773814732918e-07, 
      4.4130703528391637e-05, 
      1.5858324502160062e-06
    ], 
    "row_2": [
      -1.7602622907102383e-09, 
      1.585832450216006e-06, 
      0.00010160328976809466
    ]
  }, 
  "h": 3.1146676458663767, 
  "t": 0.88007800000000003, 
  "x": 0.044820527429100358, 
  "y": -0.16184390303780866
}