{
  "h": 2.8666668249947551, 
  "t": 0.010058593750000001, 
  "x": 0.1901249558414268, 
  "y": 0.12458226586680218
}