{
  "sigmaH": 0.01, 
  "sigmaX": 0.0019836661039845183, 
  "sigmaY": 0.003381364287972019, 
  "t": 0.12002, 
  "vh": 0.020169780335291997, 
  "vx": 0.065731126709000068, 
  "vy": -0.10778339707825925
}