{
  "h": 2.869509990603416, 
  "t": 0.20000000000000001, 
  "x": 0.20401384603309844, 
  "y": 0.10459652520565745
}