{
  "h": 2.8808586606937605, 
  "t": 0.2900390625, 
  "x": 0.20195206167278579, 
  "y": 0.085869489330385934
}