{
  "sigmaH": 0.010689701721747042, 
  "sigmaX": 0.0066592060053916949, 
  "sigmaY": 0.012631500806428537, 
  "t": 0.54003900000000005, 
  "vh": 0.33921355223845434, 
  "vx": -0.22590894647640453, 
  "vy": -0.42799076476305009
}