{
  "sigmaH": 0.01, 
  "sigmaX": 0.0036294490050723027, 
  "sigmaY": 0.0016199455926418692, 
  "t": 0.040038999999999998, 
  "vh": -0.040849663360669614, 
  "vx": 0.11945334650728094, 
  "vy": -0.053911980312027263
}