{
  "sigmaH": 0.01, 
  "sigmaX": 0.0030125316050310289, 
  "sigmaY": 0.0022802087665934464, 
  "t": 0.070019999999999999, 
  "vh": -0.013973391059585078, 
  "vx": 0.10311581226712152, 
  "vy": -0.073717623682767741
}