{
  "covariance": {
    "row_0": [
      1.5990856951912356e-05, 
      -1.7182910929225625e-07, 
      -1.5837623723890537e-09
    ], 
    "row_1": [
      -1.7182910929225625e-07, 
      3.4727349182758013e-05, 
      1.3592894645045883e-06
    ], 
    "row_2": [
      -1.5837623723890801e-09, 
      1.3592894645045883e-06, 
      8.3989714825342214e-05
    ]
  }, 
  "h": 3.0839115114803524, 
  "t": 0.83007799999999998, 
  "x": 0.066694429315965878, 
  "y": -0.13660319017414718
}