{
  "h": 3.0609187084007359, 
  "t": 0.7900390625, 
  "x": 0.089324200855342109, 
  "y": -0.1184544810726057
}