{
  "sigmaH": 0.01, 
  "sigmaX": 0.0035726095022525039, 
  "sigmaY": 0.0093280342422923674, 
  "t": 0.39003900000000002, 
  "vh": 0.26807054305003863, 
  "vx": -0.11522739455604637, 
  "vy": -0.32726668793051894
}