{
  "h": 2.9774342010112314, 
  "t": 0.62001953125000009, 
  "x": 0.14686292953272428, 
  "y": -0.03363519642041192
}