{
  "covariance": {
    "row_0": [
      1.3773154428634121e-05, 
      -2.3590702124563748e-07, 
      -1.6551147524927286e-09
    ], 
    "row_1": [
      -2.3590702124563748e-07, 
      1.8912655751916073e-05, 
      2.4470437858113849e-08
    ], 
    "row_2": [
      -1.6551147524927261e-09, 
      2.4470437858113862e-08, 
      1.4056320723794981e-05
    ]
  }, 
  "h": 2.8818930126087854, 
  "t": 0.29003899999999999, 
  "x": 0.1966664213525858, 
  "y": 0.088846461267568191
}