{
  "h": 2.8686496650395847, 
  "t": 0.19003906250000002, 
  "x": 0.20390032381534609, 
  "y": 0.10630266167259686
}