{
  "h": 2.9168851995320546, 
  "t": 0.45000000000000001, 
  "x": 0.18457429442164586, 
  "y": 0.03792106011185753
}