{
  "h": 2.9691133387764559, 
  "t": 0.60000000000000009, 
  "x": 0.15233325343384596, 
  "y": -0.024107329371996444
}