{
  "h": 3.0780187374079162, 
  "t": 0.82001953125000004, 
  "x": 0.077121692517874846, 
  "y": -0.13344471544760725
}