{
  "covariance": {
    "row_0": [
      2.6954800940505169e-05, 
      0.0, 
      0.0
    ], 
    "row_1": [
      0.0, 
      2.5708431267496949e-05, 
      0.0
    ], 
    "row_2": [
      0.0, 
      0.0, 
      2.2500000000000001e-06
    ]
  }, 
  "h": 2.865266498528821, 
  "t": 0.050000000000000003, 
  "x": 0.19650156157472903, 
  "y": 0.11889855702540887
}