{
  "covariance": {
    "row_0": [
      1.2131709659180571e-05, 
      -2.3832985998254804e-07, 
      -4.2726187612310899e-09
    ], 
    "row_1": [
      -2.3832985998254804e-07, 
      3.1510215958165835e-05, 
      6.4175762014263732e-07
    ], 
    "row_2": [
      -4.2726187612310891e-09, 
      6.4175762014263754e-07, 
      4.5307488117102718e-05
    ]
  }, 
  "h": 2.9869006756141192, 
  "t": 0.64003900000000002, 
  "x": 0.13463078501580528, 
  "y": -0.0435638801747582
}