{
  "covariance": {
    "row_0": [
      1.9270118973949338e-05, 
      -1.922298067825851e-07, 
      -1.6666429133199476e-09
    ], 
    "row_1": [
      -1.922298067825851e-07, 
      4.0230588118251906e-05, 
      1.4894835865728768e-06
    ], 
    "row_2": [
      -1.6666429133199738e-09, 
      1.4894835865728766e-06, 
      9.4211366344684335e-05
    ]
  }, 
  "h": 3.1022888159623188, 
  "t": 0.86005900000000002, 
  "x": 0.05381714161147079, 
  "y": -0.15145447337179588
}