{
  "h": 2.9860730569373288, 
  "t": 0.64003906250000009, 
  "x": 0.14111770536888774, 
  "y": -0.043457278739734061
}