{
  "sigmaH": 0.01, 
  "sigmaX": 0.0011029303991546724, 
  "sigmaY": 0.0066848308521080353, 
  "t": 0.27001999999999998, 
  "vh": 0.1374487171073637, 
  "vx": -0.035392535561719694, 
  "vy": -0.21964016707488249
}