{
  "h": 2.9534623107642841, 
  "t": 0.56005859375, 
  "x": 0.16242586511266283, 
  "y": -0.005977133997492304
}