{
  "sigmaH": 0.01, 
  "sigmaX": 0.001, 
  "sigmaY": 0.0047040413302529629, 
  "t": 0.18007799999999999, 
  "vh": 0.073937418805311156, 
  "vx": 0.024382296652591343, 
  "vy": -0.14875330911934892
}