{
  "h": 3.0445318403076129, 
  "t": 0.76005859375000007, 
  "x": 0.10091019343170023, 
  "y": -0.10346424669760655
}