{
  "sigmaH": 0.01, 
  "sigmaX": 0.0025437440012060788, 
  "sigmaY": 0.0082268787209137315, 
  "t": 0.34003899999999998, 
  "vh": 0.18424536862801066, 
  "vx": -0.087665299057218177, 
  "vy": -0.2781056246761488
}