{
  "sigmaH": 0.01378362862447375, 
  "sigmaX": 0.0093338544075261612, 
  "sigmaY": 0.014999999999999146, 
  "t": 0.67001999999999995, 
  "vh": 0.45197688551234944, 
  "vx": -0.314776865186356, 
  "vy": -0.51605046516712094
}