{
  "h": 3.1081238327335932, 
  "t": 0.87001953125000009, 
  "x": 0.055399443676469103, 
  "y": -0.15844471544761293
}