{
  "covariance": {
    "row_0": [
      1.1742757995469414e-05, 
      -2.739808673674197e-07, 
      -8.0538914931200963e-09
    ], 
    "row_1": [
      -2.7398086736741927e-07, 
      2.975096107410078e-05, 
      5.7471269772902207e-07
    ], 
    "row_2": [
      -8.0538914931200947e-09, 
      5.747126977290225e-07, 
      2.9158990879084168e-05
    ]
  }, 
  "h": 2.9328571137571298, 
  "t": 0.5, 
  "x": 0.16765210588167795, 
  "y": 0.019845105015539686
}