{
  "h": 2.8825093207030648, 
  "t": 0.30000000000000004, 
  "x": 0.20138235289374953, 
  "y": 0.083432116775031012
}