{
  "sigmaH": 0.01, 
  "sigmaX": 0.0048064443023356487, 
  "sigmaY": 0.010648560590195736, 
  "t": 0.45000000000000001, 
  "vh": 0.2879755924630279, 
  "vx": -0.15983303330906642, 
  "vy": -0.34209122210611742
}