{
  "sigmaH": 0.01, 
  "sigmaX": 0.002338774702169445, 
  "sigmaY": 0.0080075078943891067, 
  "t": 0.33007799999999998, 
  "vh": 0.19149965237915115, 
  "vx": -0.079561274402348225, 
  "vy": -0.2656044103461917
}