{
  "h": 2.9460938784147315, 
  "t": 0.5400390625, 
  "x": 0.16707282920253114, 
  "y": 0.0026695224346465094
}