{
  "covariance": {
    "row_0": [
      1.1534300703502842e-05, 
      -2.2554859860518201e-07, 
      -4.3399504330577167e-09
    ], 
    "row_1": [
      -2.2554859860518201e-07, 
      2.9873832040192085e-05, 
      6.3712668803402938e-07
    ], 
    "row_2": [
      -4.3399504330577159e-09, 
      6.3712668803402959e-07, 
      4.357143278853804e-05
    ]
  }, 
  "h": 2.982391440825412, 
  "t": 0.63007800000000003, 
  "x": 0.13756660990962716, 
  "y": -0.038680198416019142
}