{
  "covariance": {
    "row_0": [
      1.0666135425848264e-05, 
      -7.2175469780357296e-07, 
      -2.6902439731028264e-08
    ], 
    "row_1": [
      -7.2175469780357339e-07, 
      2.3131041587932682e-05, 
      8.3779357935687846e-08
    ], 
    "row_2": [
      -2.6902439731028267e-08, 
      8.3779357935687872e-08, 
      1.9275544992887937e-05
    ]
  }, 
  "h": 2.899104079420924, 
  "t": 0.38007800000000003, 
  "x": 0.18711302870814542, 
  "y": 0.063594656016252235
}