{
  "h": 2.8763655511673303, 
  "t": 0.26005859375000001, 
  "x": 0.20325609758178528, 
  "y": 0.092765972144771669
}