{
  "covariance": {
    "row_0": [
      1.1408696253319918e-05, 
      -3.2075838004930761e-07, 
      -2.9202358489439363e-10
    ], 
    "row_1": [
      -3.2075838004930761e-07, 
      1.8396532899857584e-05, 
      3.9596303684149828e-08
    ], 
    "row_2": [
      -2.9202358489439089e-10, 
      3.9596303684149842e-08, 
      1.0557240600921862e-05
    ]
  }, 
  "h": 2.8742645933212509, 
  "t": 0.240039, 
  "x": 0.19847272697655111, 
  "y": 0.099786317041235376
}