{
  "covariance": {
    "row_0": [
      1.0972828640855954e-05, 
      -2.4941720381649379e-07, 
      -5.4642247548952307e-09
    ], 
    "row_1": [
      -2.4941720381649337e-07, 
      2.7366194011345087e-05, 
      4.0074462225088858e-07
    ], 
    "row_2": [
      -5.4642247548952282e-09, 
      4.0074462225088889e-07, 
      2.6954306146220672e-05
    ]
  }, 
  "h": 2.9264747320537459, 
  "t": 0.480078, 
  "x": 0.17137752363712089, 
  "y": 0.027675947191502025
}