{
  "sigmaH": 0.01, 
  "sigmaX": 0.001, 
  "sigmaY": 0.0060245676781562878, 
  "t": 0.240039, 
  "vh": 0.11939940570129212, 
  "vx": -0.017327631694891998, 
  "vy": -0.20287893590559775
}