{
  "h": 2.9034429887651227, 
  "t": 0.40000000000000002, 
  "x": 0.1918917564140912, 
  "y": 0.05492667153521319
}