{
  "h": 2.9198290529362279, 
  "t": 0.46005859375000002, 
  "x": 0.18289504594267975, 
  "y": 0.034278271525787052
}