{
  "h": 2.9290796658893345, 
  "t": 0.49003906250000001, 
  "x": 0.17747822736673666, 
  "y": 0.022980034218390059
}