{
  "h": 3.0138500207257288, 
  "t": 0.70000000000000007, 
  "x": 0.12226534693325902, 
  "y": -0.073434949822608259
}