{
  "covariance": {
    "row_0": [
      2.0464257879245142e-05, 
      -1.9886945957907524e-07, 
      -1.7090383524836987e-09
    ], 
    "row_1": [
      -1.9886945957907524e-07, 
      4.2148626937403281e-05, 
      1.5364308417299145e-06
    ], 
    "row_2": [
      -1.709038352483725e-09, 
      1.5364308417299143e-06, 
      9.7830835315923517e-05
    ]
  }, 
  "h": 3.1083617312487051, 
  "t": 0.87002000000000002, 
  "x": 0.049485587447160757, 
  "y": -0.15665017343686599
}