{
  "h": 3.0898344278697416, 
  "t": 0.84003906250000004, 
  "x": 0.068630147680672215, 
  "y": -0.14345448107260952
}