{
  "covariance": {
    "row_0": [
      1.0901619783389024e-05, 
      -7.6027949092067005e-07, 
      -2.8581867190957002e-08
    ], 
    "row_1": [
      -7.6027949092067048e-07, 
      2.4032043242060563e-05, 
      8.4091492872865672e-08
    ], 
    "row_2": [
      -2.8581867190957005e-08, 
      8.4091492872865698e-08, 
      2.0160084848366285e-05
    ]
  }, 
  "h": 2.9017743301002454, 
  "t": 0.39003900000000002, 
  "x": 0.18596524863097263, 
  "y": 0.060334752537776336
}