{
  "covariance": {
    "row_0": [
      1.2943022695659384e-05, 
      -2.9951339204602204e-07, 
      -1.4348156663027775e-08
    ], 
    "row_1": [
      -2.9951339204602288e-07, 
      3.4105541552508708e-05, 
      6.5951119903201876e-07
    ], 
    "row_2": [
      -1.434815666302778e-08, 
      6.5951119903201887e-07, 
      3.9085198029045367e-05
    ]
  }, 
  "h": 2.9655674800291925, 
  "t": 0.59003899999999998, 
  "x": 0.14651132142328555, 
  "y": -0.020414620368361766
}