{
  "estimInitialHPosition": 3.4937973967734659, 
  "estimInitialXPosition": 0.98163447436710993, 
  "estimInitialYPosition": -0.64161328867597289, 
  "trueInitialHPosition": 3.4936465218152573, 
  "trueInitialXPosition": 0.9827193799112155, 
  "trueInitialYPosition": -0.65083177626377631
}