{
  "sigmaH": 0.18849555921551656, 
  "sigmaX": 0.017784875273074704, 
  "sigmaY": 0.089999999999986355, 
  "t": 0.43007800000000002, 
  "vh": 6.141990999844964, 
  "vx": 0.60804470716270798, 
  "vy": 3.0246728791582167
}