{
  "sigmaH": 0.18849555921551656, 
  "sigmaX": 0.023945711026991487, 
  "sigmaY": 0.089999999999986355, 
  "t": 0.460059, 
  "vh": 5.9879000759649132, 
  "vx": 0.81135212407758062, 
  "vy": 2.9954630075377668
}