{
  "h": 4.1700078917372752, 
  "t": 0.15000000000000002, 
  "x": 0.71172652746063869, 
  "y": -0.21491816107581757
}