{
  "h": 5.2646793685652655, 
  "t": 0.35000000000000003, 
  "x": 0.59014686471478939, 
  "y": 0.38508183892419401
}