{
  "sigmaH": 0.18160299074735484, 
  "sigmaX": 0.0033962132679992009, 
  "sigmaY": 0.090000000000003411, 
  "t": 0.36005900000000002, 
  "vh": 6.1247314471427003, 
  "vx": 0.11200960715490282, 
  "vy": 3.133504139828549
}