{
  "covariance": {
    "row_0": [
      1.8923443877470605e-05, 
      -9.7649756904985181e-06, 
      7.574280506416112e-07
    ], 
    "row_1": [
      -9.764975690498535e-06, 
      0.00019352407213182524, 
      -4.9180864181287653e-05
    ], 
    "row_2": [
      7.5742805064161438e-07, 
      -4.9180864181287633e-05, 
      0.0002248719554201883
    ]
  }, 
  "h": 4.6819388817389989, 
  "t": 0.25, 
  "x": 0.61471094136880922, 
  "y": 0.086505180905612655
}