{
  "sigmaH": 0.18849555921551656, 
  "sigmaX": 0.025992633655329084, 
  "sigmaY": 0.089999999999986355, 
  "t": 0.47001999999999999, 
  "vh": 6.3947818232439566, 
  "vx": 0.83976171014748324, 
  "vy": 3.1117448879018412
}