{
  "sigmaH": 0.16838178620768665, 
  "sigmaX": 0.013039371365412875, 
  "sigmaY": 0.090000000000003411, 
  "t": 0.28007799999999999, 
  "vh": 5.5109408652255629, 
  "vx": -0.42626077168502446, 
  "vy": 3.1138110029368513
}