{
  "sigmaH": 0.18491232765899257, 
  "sigmaX": 0.0075101263935787302, 
  "sigmaY": 0.090000000000003411, 
  "t": 0.38007800000000003, 
  "vh": 6.1646067405690115, 
  "vx": 0.2559867790570356, 
  "vy": 3.0929840447206534
}