{
  "h": 5.9501198354291178, 
  "t": 0.46005859375000002, 
  "x": 0.64011637356761031, 
  "y": 0.71525762017416572
}