{
  "h": 5.0865421228197256, 
  "t": 0.32001953125000004, 
  "x": 0.59091423432957435, 
  "y": 0.2951404326741906
}