{
  "h": 3.8392985211959316, 
  "t": 0.080078125, 
  "x": 0.81887188187174687, 
  "y": -0.42468378607582552
}