{
  "covariance": {
    "row_0": [
      2.3351216713920464e-05, 
      -1.5673904488280643e-05, 
      2.4029309996993987e-06
    ], 
    "row_1": [
      -1.567390448828066e-05, 
      0.00030775620579402035, 
      -0.00010251005266616172
    ], 
    "row_2": [
      2.4029309996994017e-06, 
      -0.00010251005266616169, 
      0.00037286039849760289
    ]
  }, 
  "h": 4.844767513862462, 
  "t": 0.28007799999999999, 
  "x": 0.59936935246909084, 
  "y": 0.17901712957246657
}