{
  "h": 3.7939408532584378, 
  "t": 0.070019531250000003, 
  "x": 0.83704056437576135, 
  "y": -0.45484183970279607
}