{
  "sigmaH": 0.16011651548202827, 
  "sigmaX": 0.023314120244909871, 
  "sigmaY": 0.090000000000000122, 
  "t": 0.230078, 
  "vh": 5.2401987888943049, 
  "vx": -0.79413878800293458, 
  "vy": 2.786601333532754
}