{
  "covariance": {
    "row_0": [
      4.3788910436077016e-06, 
      4.0483784649909446e-06, 
      -1.3485021961390269e-06
    ], 
    "row_1": [
      4.0483784649909446e-06, 
      5.9673372822864001e-05, 
      -3.325705382169486e-05
    ], 
    "row_2": [
      -1.3485021961390256e-06, 
      -3.325705382169486e-05, 
      0.00011783981117175819
    ]
  }, 
  "h": 4.9669989994852717, 
  "t": 0.29999999999999616, 
  "x": 0.59692905638374394, 
  "y": 0.23029152798278504
}