{
  "sigmaH": 0.13696730020743872, 
  "sigmaX": 0.052091444255062243, 
  "sigmaY": 0.090000000000003411, 
  "t": 0.090038999999999994, 
  "vh": 4.6688432704391873, 
  "vx": -1.7538866587355808, 
  "vy": 3.0114200423043078
}