{
  "covariance": {
    "row_0": [
      7.7722486478180329e-06, 
      2.3502544791624064e-05, 
      -6.9373521816826865e-06
    ], 
    "row_1": [
      2.3502544791624068e-05, 
      0.000326568369170301, 
      -0.00017773021154375527
    ], 
    "row_2": [
      -6.9373521816826848e-06, 
      -0.00017773021154375527, 
      0.00063752620849158079
    ]
  }, 
  "h": 5.5170824188328611, 
  "t": 0.39003900000000002, 
  "x": 0.60109365186756714, 
  "y": 0.50722092047923517
}