{
  "covariance": {
    "row_0": [
      4.8991444138970866e-05, 
      0.0, 
      0.0
    ], 
    "row_1": [
      0.0, 
      5.5212061192760778e-05, 
      0.0
    ], 
    "row_2": [
      0.0, 
      0.0, 
      2.2769332065860915e-05
    ]
  }, 
  "h": 3.6190499550032142, 
  "t": 0.030078000000000001, 
  "x": 0.91707959910539971, 
  "y": -0.56340902654506098
}