{
  "h": 4.2696550074546744, 
  "t": 0.17001953125000002, 
  "x": 0.68721628795980361, 
  "y": -0.15485956732581529
}