{
  "sigmaH": 0.14687916783546917, 
  "sigmaX": 0.03976977274722799, 
  "sigmaY": 0.090000000000003411, 
  "t": 0.14999999999999999, 
  "vh": 4.8374972274138779, 
  "vx": -1.3389888139022692, 
  "vy": 2.9518864938833529
}