{
  "h": 6.1384926761816034, 
  "t": 0.49003906250000001, 
  "x": 0.66810759272599118, 
  "y": 0.80000000000000004
}