{
  "covariance": {
    "row_0": [
      1.9795935902188965e-05, 
      3.0541778473866097e-06, 
      7.015547143156206e-07
    ], 
    "row_1": [
      3.0541778473866029e-06, 
      8.6991980377154195e-05, 
      2.6012399052232621e-05
    ], 
    "row_2": [
      7.0155471431562399e-07, 
      2.6012399052232621e-05, 
      0.0001271086300777996
    ]
  }, 
  "h": 3.9315357007822413, 
  "t": 0.10000000000000095, 
  "x": 0.77878832774104001, 
  "y": -0.36312254097055108
}