{
  "covariance": {
    "row_0": [
      5.4646440476298595e-05, 
      9.8434029423986674e-06, 
      3.0336625663327143e-06
    ], 
    "row_1": [
      9.8434029423986607e-06, 
      0.00027326680260017017, 
      0.00010354875350269777
    ], 
    "row_2": [
      3.0336625663327182e-06, 
      0.00010354875350269777, 
      0.00043287028260223775
    ]
  }, 
  "h": 4.2671242075442395, 
  "t": 0.17002, 
  "x": 0.68068447163721235, 
  "y": -0.14948751427812246
}