{
  "h": 3.6620557632576385, 
  "t": 0.0400390625, 
  "x": 0.89530505673299265, 
  "y": -0.5419679651169913
}