{
  "covariance": {
    "row_0": [
      5.3157903542154644e-06, 
      8.4345022128609559e-06, 
      -3.0280755797147085e-06
    ], 
    "row_1": [
      8.4345022128609559e-06, 
      0.00012106019819507543, 
      -7.30507770716648e-05
    ], 
    "row_2": [
      -3.0280755797147072e-06, 
      -7.30507770716648e-05, 
      0.00024879907405715279
    ]
  }, 
  "h": 5.1475110731354983, 
  "t": 0.33007799999999998, 
  "x": 0.59198258230639211, 
  "y": 0.32290068343222367
}