{
  "covariance": {
    "row_0": [
      2.559227012321958e-05, 
      -2.1078894365475495e-05, 
      2.1724965449986083e-06
    ], 
    "row_1": [
      -2.1078894365475512e-05, 
      0.00040436844951642582, 
      -0.00011683389946221914
    ], 
    "row_2": [
      2.1724965449986113e-06, 
      -0.00011683389946221911, 
      0.00047873165714336314
    ]
  }, 
  "h": 4.9562167819032261, 
  "t": 0.29999999999999999, 
  "x": 0.59236768293066433, 
  "y": 0.23603473883162487
}