{
  "covariance": {
    "row_0": [
      7.7570619371612312e-05, 
      0.0, 
      0.0
    ], 
    "row_1": [
      0.0, 
      9.9948731612974439e-05, 
      0.0
    ], 
    "row_2": [
      0.0, 
      0.0, 
      7.5342886871170386e-05
    ]
  }, 
  "h": 3.7484027887918314, 
  "t": 0.060059000000000001, 
  "x": 0.85591035747352695, 
  "y": -0.47957904339101987
}