{
  "covariance": {
    "row_0": [
      1.5427826948001154e-05, 
      -6.346628510101831e-06, 
      9.3392927089702541e-07
    ], 
    "row_1": [
      -6.3466285101018462e-06, 
      0.00013045164031690227, 
      -4.0732624551997137e-05
    ], 
    "row_2": [
      9.3392927089702859e-07, 
      -4.0732624551997117e-05, 
      0.0001563269253388866
    ]
  }, 
  "h": 4.5732496963024358, 
  "t": 0.230078, 
  "x": 0.62851918184100863, 
  "y": 0.027614462970125223
}