{
  "h": 5.1457559575010761, 
  "t": 0.330078125, 
  "x": 0.58997047263591351, 
  "y": 0.32531621392419174
}