{
  "sigmaH": 0.15514443856112756, 
  "sigmaX": 0.029495023867732353, 
  "sigmaY": 0.08999999999999915, 
  "t": 0.20000000000000001, 
  "vh": 5.0534061825290806, 
  "vx": -1.0063736623149486, 
  "vy": 3.0610522288003224
}