{
  "covariance": {
    "row_0": [
      4.759779514952905e-06, 
      5.3332377812901441e-06, 
      -1.8274305813427751e-06
    ], 
    "row_1": [
      5.3332377812901441e-06, 
      7.7729839312742747e-05, 
      -4.4688957881704568e-05
    ], 
    "row_2": [
      -1.8274305813427738e-06, 
      -4.4688957881704568e-05, 
      0.00015588442509435434
    ]
  }, 
  "h": 5.0266311022450685, 
  "t": 0.31005899999999997, 
  "x": 0.59454183206804911, 
  "y": 0.26160118635679735
}