{
  "covariance": {
    "row_0": [
      3.405906740483131e-05, 
      5.4070903471915032e-06, 
      1.4697854337169872e-06
    ], 
    "row_1": [
      5.4070903471914965e-06, 
      0.00015362734318945552, 
      5.1863309844511012e-05
    ], 
    "row_2": [
      1.4697854337169908e-06, 
      5.1863309844511012e-05, 
      0.00023358485163700867
    ]
  }, 
  "h": 4.0731316362037191, 
  "t": 0.130078, 
  "x": 0.73190415560851285, 
  "y": -0.2727396812400501
}