{
  "h": 5.7617469946766322, 
  "t": 0.43007812500000003, 
  "x": 0.61828197920236905, 
  "y": 0.62531621392417935
}