{
  "sigmaH": 0.12870202948178439, 
  "sigmaX": 0.062366193134558899, 
  "sigmaY": 0.08401141133541648, 
  "t": 0.040038999999999998, 
  "vh": 4.2671304063710886, 
  "vx": -2.0786126683810378, 
  "vy": 2.7807037276967215
}