{
  "covariance": {
    "row_0": [
      3.9120357617887707e-05, 
      6.3664120885817511e-06, 
      1.7979874159016966e-06
    ], 
    "row_1": [
      6.3664120885817443e-06, 
      0.00018008146100311747, 
      6.2785404762406402e-05
    ], 
    "row_2": [
      1.7979874159017002e-06, 
      6.2785404762406402e-05, 
      0.00027687049984531105
    ]
  }, 
  "h": 4.1204726185098046, 
  "t": 0.140039, 
  "x": 0.71846814952508053, 
  "y": -0.24259404043939214
}