{
  "h": 3.9777979759875728, 
  "t": 0.11005859375, 
  "x": 0.76882985910795942, 
  "y": -0.33474237982582211
}