{
  "sigmaH": 0.18849555921551656, 
  "sigmaX": 0.03010654678090827, 
  "sigmaY": 0.073128590824991416, 
  "t": 0.490039, 
  "vh": 6.3903550009337655, 
  "vx": 1.0297142198317875, 
  "vy": 2.4132919041563459
}