{
  "covariance": {
    "row_0": [
      2.2005729442738898e-05, 
      -1.3522213235675459e-05, 
      1.7727642917017763e-06
    ], 
    "row_1": [
      -1.3522213235675475e-05, 
      0.00026631801454860275, 
      -8.247579580936502e-05
    ], 
    "row_2": [
      1.7727642917017795e-06, 
      -8.2475795809364993e-05, 
      0.00031874435490408316
    ]
  }, 
  "h": 4.7893384706400228, 
  "t": 0.27001999999999998, 
  "x": 0.60365668331069877, 
  "y": 0.14769841850492768
}