{
  "covariance": {
    "row_0": [
      7.107412242718755e-06, 
      2.0728188789008679e-05, 
      -5.8305970039698984e-06
    ], 
    "row_1": [
      2.0728188789008679e-05, 
      0.00028755701162045961, 
      -0.00015179568682524973
    ], 
    "row_2": [
      -5.8305970039698967e-06, 
      -0.00015179568682524973, 
      0.00055317771426794987
    ]
  }, 
  "h": 5.4536488396149609, 
  "t": 0.38007800000000003, 
  "x": 0.5978222791896014, 
  "y": 0.47763932396344089
}