{
  "h": 5.3863887303602613, 
  "t": 0.37001953125000003, 
  "x": 0.59306271271781819, 
  "y": 0.44514043267419628
}