{
  "sigmaH": 0.17167498001243892, 
  "sigmaX": 0.0089455261087390443, 
  "sigmaY": 0.090000000000003411, 
  "t": 0.29999999999999999, 
  "vh": 5.7833362872674678, 
  "vx": -0.31255398690149794, 
  "vy": 2.8485086913315389
}