{
  "h": 4.0730391060381086, 
  "t": 0.13007812500000002, 
  "x": 0.73884243709292485, 
  "y": -0.27468378607581984
}