{
  "covariance": {
    "row_0": [
      5.4953091301744003e-06, 
      1.0250528676230274e-05, 
      -3.7553983068851376e-06
    ], 
    "row_1": [
      1.0250528676230274e-05, 
      0.00014634753964068464, 
      -9.0076247804884302e-05
    ], 
    "row_2": [
      -3.7553983068851368e-06, 
      -9.0076247804884302e-05, 
      0.00030384898668780623
    ]
  }, 
  "h": 5.2064659281335919, 
  "t": 0.34003899999999998, 
  "x": 0.59174566084631763, 
  "y": 0.35372480490098929
}