{
  "h": 4.6355463177277079, 
  "t": 0.24003906250000001, 
  "x": 0.62308259140494182, 
  "y": 0.055199026424184817
}