{
  "h": 4.3205551420897104, 
  "t": 0.18007812500000001, 
  "x": 0.6759375737799308, 
  "y": -0.12468378607581418
}