{
  "h": 5.5727605616089919, 
  "t": 0.40000000000000002, 
  "x": 0.6025634026928941, 
  "y": 0.53508183892419303
}