{
  "covariance": {
    "row_0": [
      6.7592383874615159e-05, 
      0.0, 
      0.0
    ], 
    "row_1": [
      0.0, 
      8.3175672439665449e-05, 
      0.0
    ], 
    "row_2": [
      0.0, 
      0.0, 
      5.4053752470017535e-05
    ]
  }, 
  "h": 3.7045275944410854, 
  "t": 0.050000000000000003, 
  "x": 0.87549781608594135, 
  "y": -0.508134922536013
}