{
  "covariance": {
    "row_0": [
      4.0341828185627552e-05, 
      0.0, 
      0.0
    ], 
    "row_1": [
      0.0, 
      4.3580628823814633e-05, 
      0.0
    ], 
    "row_2": [
      0.0, 
      0.0, 
      1.2206628566615703e-05
    ]
  }, 
  "h": 3.5768873903459397, 
  "t": 0.02002, 
  "x": 0.93813553366080238, 
  "y": -0.58969512919100786
}