{
  "covariance": {
    "row_0": [
      1.6288075526445348e-05, 
      1.4237778008307493e-05, 
      9.8142600743704236e-06
    ], 
    "row_1": [
      1.4237778008307492e-05, 
      0.00022021780830027462, 
      -0.00011698651706971537
    ], 
    "row_2": [
      9.8142600743704236e-06, 
      -0.00011698651706971537, 
      0.00080315912881060466
    ]
  }, 
  "h": 6.0885120171457467, 
  "t": 0.480078, 
  "x": 0.65851801309748803, 
  "y": 0.77305049291397343
}