{
  "covariance": {
    "row_0": [
      6.9668198809016827e-05, 
      1.427247390325693e-05, 
      4.6824964099425991e-06
    ], 
    "row_1": [
      1.4272473903256921e-05, 
      0.00038741140186254356, 
      0.00015738259920478046
    ], 
    "row_2": [
      4.6824964099426025e-06, 
      0.00015738259920478046, 
      0.00062996397585436009
    ]
  }, 
  "h": 4.4183043970407523, 
  "t": 0.20000000000000001, 
  "x": 0.64851292317829323, 
  "y": -0.058803065820261791
}