{
  "covariance": {
    "row_0": [
      8.7745934470898984e-05, 
      0.0, 
      0.0
    ], 
    "row_1": [
      0.0, 
      0.00011842156977020832, 
      0.0
    ], 
    "row_2": [
      0.0, 
      0.0, 
      0.000100228030204803
    ]
  }, 
  "h": 3.7926316418810844, 
  "t": 0.070019999999999999, 
  "x": 0.83762222564668809, 
  "y": -0.44992524662864791
}