{
  "covariance": {
    "row_0": [
      9.8243852335724082e-05, 
      0.0, 
      0.0
    ], 
    "row_1": [
      0.0, 
      0.00013893321203079691, 
      0.0
    ], 
    "row_2": [
      0.0, 
      0.0, 
      0.00012933263382673436
    ]
  }, 
  "h": 3.8401548840421151, 
  "t": 0.080077999999999996, 
  "x": 0.81882980065318012, 
  "y": -0.42049538578127932
}