{
  "sigmaH": 0.13365796329579963, 
  "sigmaX": 0.056205357380642113, 
  "sigmaY": 0.088819522186122241, 
  "t": 0.070019999999999999, 
  "vh": 4.440202097104021, 
  "vx": -1.8359734792529694, 
  "vy": 2.9769899369914641
}