{
  "sigmaH": 0.1303486263841605, 
  "sigmaX": 0.060319270506221975, 
  "sigmaY": 0.085608894419364562, 
  "t": 0.050000000000000003, 
  "vh": 4.3141003373164004, 
  "vx": -2.0958460224590709, 
  "vy": 2.7683479748479982
}