{
  "sigmaH": 0.12539269257014254, 
  "sigmaX": 0.066480106260138769, 
  "sigmaY": 0.080800783568658968, 
  "t": 0.02002, 
  "vh": 4.2948201542734141, 
  "vx": -2.1934951327546375, 
  "vy": 2.6063527325527605
}