{
  "h": 6.0127062515748948, 
  "t": 0.47001953125000001, 
  "x": 0.64873341389178629, 
  "y": 0.74514043267416119
}