{
  "h": 4.3715105022960516, 
  "t": 0.19003906250000002, 
  "x": 0.6654513355382129, 
  "y": -0.094800973575814462
}