{
  "sigmaH": 0.18849555921551656, 
  "sigmaX": 0.015717884775832091, 
  "sigmaY": 0.089999999999986355, 
  "t": 0.42002, 
  "vh": 6.4190206919703652, 
  "vx": 0.51303343179036442, 
  "vy": 3.0369946680949358
}