{
  "h": 5.0284525813729442, 
  "t": 0.31005859375, 
  "x": 0.59253180714708398, 
  "y": 0.26525762017418947
}