{
  "covariance": {
    "row_0": [
      6.0164218791981066e-06, 
      1.4429002071800788e-05, 
      -5.5006470443285932e-06
    ], 
    "row_1": [
      1.4429002071800788e-05, 
      0.00020481701136095269, 
      -0.00013048512800185408
    ], 
    "row_2": [
      -5.5006470443285923e-06, 
      -0.00013048512800185408, 
      0.000432950388237597
    ]
  }, 
  "h": 5.3283712895762108, 
  "t": 0.36005900000000002, 
  "x": 0.59332937935452479, 
  "y": 0.41630333648401158
}