{
  "h": 4.2197984505197761, 
  "t": 0.16005859375000001, 
  "x": 0.69906847391899907, 
  "y": -0.18474237982581643
}