{
  "covariance": {
    "row_0": [
      2.9083116833989924e-05, 
      4.5317306364800982e-06, 
      1.1768456780070873e-06
    ], 
    "row_1": [
      4.5317306364800914e-06, 
      0.00012914827837763341, 
      4.2063936729046158e-05
    ], 
    "row_2": [
      1.1768456780070907e-06, 
      4.2063936729046158e-05, 
      0.00019400385638080597
    ]
  }, 
  "h": 4.0261473051012935, 
  "t": 0.12002, 
  "x": 0.74716453577220132, 
  "y": -0.30349746365008584
}