{
  "h": 5.6359605700699236, 
  "t": 0.41005859375000003, 
  "x": 0.6071302699616079, 
  "y": 0.56525762017418846
}