{
  "sigmaH": 0.13532070330506121, 
  "sigmaX": 0.05413836688339984, 
  "sigmaY": 0.089960810192929785, 
  "t": 0.080077999999999996, 
  "vh": 4.7249196819477586, 
  "vx": -1.8684057460238592, 
  "vy": 2.9260151965965981
}