{
  "covariance": {
    "row_0": [
      5.9797284416546091e-05, 
      1.12191300922271e-05, 
      3.5381137004088706e-06
    ], 
    "row_1": [
      1.1219130092227093e-05, 
      0.00030918604467480165, 
      0.00012007383234409809
    ], 
    "row_2": [
      3.538113700408874e-06, 
      0.00012007383234409809, 
      0.00049425258412843273
    ]
  }, 
  "h": 4.3195694974500798, 
  "t": 0.18007799999999999, 
  "x": 0.66923576570418253, 
  "y": -0.11870987542501275
}