{
  "sigmaH": 0.12705543257940555, 
  "sigmaX": 0.064413115762895809, 
  "sigmaY": 0.082413928251468399, 
  "t": 0.030078000000000001, 
  "vh": 4.1919431951952992, 
  "vx": -2.0934514372044815, 
  "vy": 2.6134522415934449
}