{
  "covariance": {
    "row_0": [
      1.2069042267289775e-05, 
      1.0868448234605725e-05, 
      7.4319750823211629e-06
    ], 
    "row_1": [
      1.0868448234605725e-05, 
      0.00016736902350921696, 
      -8.8052261377700926e-05
    ], 
    "row_2": [
      7.4319750823211629e-06, 
      -8.8052261377700913e-05, 
      0.00060612429070514386
    ]
  }, 
  "h": 5.9597191761236372, 
  "t": 0.460059, 
  "x": 0.64078436718445719, 
  "y": 0.71063874795528459
}