{
  "sigmaH": 0.15845377547276529, 
  "sigmaX": 0.025381110742151804, 
  "sigmaY": 0.090000000000000108, 
  "t": 0.22001999999999999, 
  "vh": 5.3752883943916832, 
  "vx": -0.81518815414828349, 
  "vy": 2.9987446259498065
}