{
  "covariance": {
    "row_0": [
      3.2368286776686964e-05, 
      0.0, 
      0.0
    ], 
    "row_1": [
      0.0, 
      3.3601800445516996e-05, 
      0.0
    ], 
    "row_2": [
      0.0, 
      0.0, 
      5.0389563303412706e-06
    ]
  }, 
  "h": 3.5341066867892224, 
  "t": 0.010059, 
  "x": 0.95998493867817136, 
  "y": -0.61565700875996587
}