{
  "sigmaH": 0.14192323402145801, 
  "sigmaX": 0.045930608501145116, 
  "sigmaY": 0.090000000000003411, 
  "t": 0.12002, 
  "vh": 4.813763738439782, 
  "vx": -1.5353694702136591, 
  "vy": 3.0275894406701944
}