{
  "sigmaH": 0.1749843169240794, 
  "sigmaX": 0.0048316129831595164, 
  "sigmaY": 0.090000000000003411, 
  "t": 0.32002000000000003, 
  "vh": 5.9638410296290729, 
  "vx": -0.16191562154566191, 
  "vy": 3.0966462841426385
}