{
  "h": 4.5281752613669317, 
  "t": 0.22001953125000001, 
  "x": 0.63799102195056634, 
  "y": -0.0048595673258150082
}