{
  "covariance": {
    "row_0": [
      6.3558222385060545e-06, 
      -3.0130148075026444e-06, 
      1.4443884575860543e-06
    ], 
    "row_1": [
      -3.0130148075026597e-06, 
      6.4462593052174881e-05, 
      -3.9210782348489729e-05
    ], 
    "row_2": [
      1.4443884575860573e-06, 
      -3.9210782348489709e-05, 
      8.9215162424985549e-05
    ]
  }, 
  "h": 4.4139281611369228, 
  "t": 0.19999999999999624, 
  "x": 0.65355793294705622, 
  "y": -0.060070805742937342
}