{
  "h": 3.9307786505538429, 
  "t": 0.10000000000000001, 
  "x": 0.78493289681166967, 
  "y": -0.36491816107582326
}