{
  "sigmaH": 0.18849555921551656, 
  "sigmaX": 0.02805962415257136, 
  "sigmaY": 0.089999999999986355, 
  "t": 0.480078, 
  "vh": 6.4719048797749341, 
  "vx": 0.93147539453685801, 
  "vy": 3.1234494064723077
}