{
  "sigmaH": 0.1534978416587528, 
  "sigmaX": 0.03154194649606893, 
  "sigmaY": 0.08999999999999915, 
  "t": 0.19003900000000001, 
  "vh": 4.8587411511394567, 
  "vx": -1.0740241417096714, 
  "vy": 2.9530838624305673
}