{
  "sigmaH": 0.17333772002170189, 
  "sigmaX": 0.0068785356114964315, 
  "sigmaY": 0.090000000000003411, 
  "t": 0.31005899999999997, 
  "vh": 5.9282336971641554, 
  "vx": -0.2373222304099715, 
  "vy": 3.1126014886172015
}