{
  "h": 4.6897927277324181, 
  "t": 0.25, 
  "x": 0.61668753315605951, 
  "y": 0.085081838924184541
}