{
  "covariance": {
    "row_0": [
      8.5719342156974784e-06, 
      2.6452293965342598e-05, 
      -8.1544294088207353e-06
    ], 
    "row_1": [
      2.6452293965342601e-05, 
      0.00036823895728970834, 
      -0.00020599888857108291
    ], 
    "row_2": [
      -8.1544294088207336e-06, 
      -0.00020599888857108291, 
      0.00072861003755312725
    ]
  }, 
  "h": 5.5823238222620581, 
  "t": 0.40000000000000002, 
  "x": 0.6050291039555602, 
  "y": 0.53884206665505929
}