{
  "sigmaH": 0.18812269654139618, 
  "sigmaX": 0.011603971650252901, 
  "sigmaY": 0.089999999999986355, 
  "t": 0.40000000000000002, 
  "vh": 6.5496841109524455, 
  "vx": 0.39508604437235395, 
  "vy": 3.1744951486621904
}