{
  "h": 3.6193333875631812, 
  "t": 0.030078125000000001, 
  "x": 0.91602590811639661, 
  "y": -0.56985197875645943
}