{
  "sigmaH": 0.17002838311006144, 
  "sigmaX": 0.010992448737075961, 
  "sigmaY": 0.090000000000003411, 
  "t": 0.29003899999999999, 
  "vh": 5.4052259093758908, 
  "vx": -0.39035430929632986, 
  "vy": 2.8755761655260375
}