{
  "sigmaH": 0.16340970928678053, 
  "sigmaX": 0.019220274988234677, 
  "sigmaY": 0.089999999999999164, 
  "t": 0.25, 
  "vh": 5.4061762230802284, 
  "vx": -0.6360179596976151, 
  "vy": 3.0715155169964938
}