{
  "sigmaH": 0.14027663711907642, 
  "sigmaX": 0.047977531129482713, 
  "sigmaY": 0.090000000000003411, 
  "t": 0.110059, 
  "vh": 4.6388014435290135, 
  "vx": -1.623419492597864, 
  "vy": 2.9294421813254048
}