{
  "h": 5.2049443022192996, 
  "t": 0.34003906250000004, 
  "x": 0.58971884753588144, 
  "y": 0.35519902642419288
}