{
  "covariance": {
    "row_0": [
      4.4262295968042382e-05, 
      7.4212066472701276e-06, 
      2.1659806966007661e-06
    ], 
    "row_1": [
      7.4212066472701208e-06, 
      0.00020876420014403533, 
      7.497635392752323e-05
    ], 
    "row_2": [
      2.1659806966007699e-06, 
      7.497635392752323e-05, 
      0.00032433951530635969
    ]
  }, 
  "h": 4.1686589283920741, 
  "t": 0.14999999999999999, 
  "x": 0.70513048194979999, 
  "y": -0.21319029907382009
}