{
  "covariance": {
    "row_0": [
      6.4801118373554955e-05, 
      1.2690236556765577e-05, 
      4.0854853679419337e-06
    ], 
    "row_1": [
      1.2690236556765569e-05, 
      0.0003471125616937596, 
      0.00013794735827740931
    ], 
    "row_2": [
      4.0854853679419371e-06, 
      0.00013794735827740931, 
      0.00055971928568007224
    ]
  }, 
  "h": 4.3679674180565797, 
  "t": 0.19003900000000001, 
  "x": 0.65853741122861242, 
  "y": -0.089294207071341794
}