{
  "covariance": {
    "row_0": [
      2.4339989173143777e-05, 
      3.7537852036815966e-06, 
      9.2304848568586323e-07
    ], 
    "row_1": [
      3.7537852036815898e-06, 
      0.00010708981669792358, 
      3.3522022543845651e-05
    ], 
    "row_2": [
      9.2304848568586672e-07, 
      3.3522022543845651e-05, 
      0.00015878076471151378
    ]
  }, 
  "h": 3.9781974045026951, 
  "t": 0.110059, 
  "x": 0.7624583510649996, 
  "y": -0.33365528206860162
}