{
  "sigmaH": 0.18655892456137552, 
  "sigmaX": 0.0095570490219156444, 
  "sigmaY": 0.090000000000000163, 
  "t": 0.39003900000000002, 
  "vh": 6.3681938779138658, 
  "vx": 0.3284180983802592, 
  "vy": 2.9697416439909929
}