{
  "h": 6.2010790923273804, 
  "t": 0.5, 
  "x": 0.67877022304658485, 
  "y": 0.80000000000000004
}