{
  "covariance": {
    "row_0": [
      1.3538793065790776e-05, 
      6.6416850800847604e-06, 
      7.097608740250407e-06
    ], 
    "row_1": [
      6.6416850800847613e-06, 
      2.7710672054087596e-05, 
      -6.2077555016765408e-06
    ], 
    "row_2": [
      7.0976087402504054e-06, 
      -6.2077555016765442e-06, 
      0.00019513305362917722
    ]
  }, 
  "h": 6.2107940268137911, 
  "t": 0.5000000000000151, 
  "x": 0.67613265177441173, 
  "y": 0.80575315785089585
}