{
  "sigmaH": 0.18849555921551656, 
  "sigmaX": 0.03215346940924587, 
  "sigmaY": 0.001, 
  "t": 0.5, 
  "vh": 6.5314237868319172, 
  "vx": 1.1132278738264518, 
  "vy": -0.00067597861445260505
}