{
  "sigmaH": 0.14854190784473212, 
  "sigmaX": 0.037702782249986057, 
  "sigmaY": 0.090000000000003411, 
  "t": 0.16005900000000001, 
  "vh": 4.9251428224512237, 
  "vx": -1.2245966849115744, 
  "vy": 3.1418540030731412
}