{
  "h": 3.7053248605798372, 
  "t": 0.050000000000000003, 
  "x": 0.87526384762852882, 
  "y": -0.51355353717230623
}