{
  "h": 4.4755743762614069, 
  "t": 0.21005859375000002, 
  "x": 0.64643167019586645, 
  "y": -0.034742379825815031
}