{
  "sigmaH": 0.13201136639342348, 
  "sigmaX": 0.058252280008979029, 
  "sigmaY": 0.087222039102174159, 
  "t": 0.060059000000000001, 
  "vh": 4.3617849041401904, 
  "vx": -1.9472570446778357, 
  "vy": 2.8388387657812029
}