{
  "h": 4.8004709664886152, 
  "t": 0.27001953125, 
  "x": 0.60589033740715692, 
  "y": 0.14514043267418492
}