{
  "sigmaH": 0.12374609566776507, 
  "sigmaX": 0.068527028888476019, 
  "sigmaY": 0.079203300484710901, 
  "t": 0.010059, 
  "vh": 4.0072860140924993, 
  "vx": -2.1522552628430827, 
  "vy": 2.5804036102999293
}