{
  "h": 5.4483737983903824, 
  "t": 0.38007812500000004, 
  "x": 0.59556393518622797, 
  "y": 0.47531621392419743
}