{
  "sigmaH": 0.16671904619842096, 
  "sigmaX": 0.015106361862655487, 
  "sigmaY": 0.090000000000002078, 
  "t": 0.27001999999999998, 
  "vh": 5.358456352829732, 
  "vx": -0.5073799996433449, 
  "vy": 3.1472260626128277
}