{
  "h": 5.6985469862157005, 
  "t": 0.42001953125000002, 
  "x": 0.61233577257188854, 
  "y": 0.59514043267418393
}