{
  "h": 3.7495729526647961, 
  "t": 0.06005859375, 
  "x": 0.85571582576274763, 
  "y": -0.48432229639816254
}