{
  "covariance": {
    "row_0": [
      2.1590741397073869e-05, 
      1.5242294053547973e-05, 
      1.1968978397935374e-05
    ], 
    "row_1": [
      1.5242294053547969e-05, 
      0.00024896953502042204, 
      -0.00015581622234124966
    ], 
    "row_2": [
      1.1968978397935374e-05, 
      -0.00015581622234124966, 
      0.0010255764167676777
    ]
  }, 
  "h": 6.217225855650681, 
  "t": 0.5, 
  "x": 0.67986385929241777, 
  "y": 0.79708256014829626
}