{
  "h": 4.856913567821195, 
  "t": 0.28007812500000001, 
  "x": 0.60150159155142557, 
  "y": 0.17531621392418606
}