{
  "covariance": {
    "row_0": [
      1.4015918611441655e-05, 
      1.2494374731974102e-05, 
      8.5778423828954697e-06
    ], 
    "row_1": [
      1.24943747319741e-05, 
      0.00019275979936841784, 
      -0.00010193668101930289
    ], 
    "row_2": [
      8.5778423828954697e-06, 
      -0.00010193668101930289, 
      0.00070070388816433353
    ]
  }, 
  "h": 6.0234175978649702, 
  "t": 0.47001999999999999, 
  "x": 0.64914923357923626, 
  "y": 0.74163483878367487
}