{
  "h": 3.5767469529744584, 
  "t": 0.02001953125, 
  "x": 0.93763957478248194, 
  "y": -0.59747112507219591
}