{
  "covariance": {
    "row_0": [
      5.0722787010731975e-06, 
      6.7850731934516067e-06, 
      -2.3824655412853987e-06
    ], 
    "row_1": [
      6.7850731934516067e-06, 
      9.8049386277520559e-05, 
      -5.7845193708096973e-05
    ], 
    "row_2": [
      -2.3824655412853975e-06, 
      -5.7845193708096973e-05, 
      0.00019920547411229769
    ]
  }, 
  "h": 5.0860369227412043, 
  "t": 0.32002000000000003, 
  "x": 0.59292899056183279, 
  "y": 0.29244687999314234
}