{
  "h": 5.3255548607428516, 
  "t": 0.36005859375000004, 
  "x": 0.59126874782143268, 
  "y": 0.41525762017419515
}