{
  "covariance": {
    "row_0": [
      5.8201073227904813e-06, 
      4.3070317548701766e-06, 
      2.8880953772630495e-06
    ], 
    "row_1": [
      4.3070317548701766e-06, 
      6.7009717955052894e-05, 
      -3.3699991076527307e-05
    ], 
    "row_2": [
      2.8880953772630486e-06, 
      -3.36999910765273e-05, 
      0.00023492622254410944
    ]
  }, 
  "h": 5.6442987181079465, 
  "t": 0.41005900000000001, 
  "x": 0.60737523605354471, 
  "y": 0.55781043138052244
}