{
  "covariance": {
    "row_0": [
      5.8073826173223385e-05, 
      0.0, 
      0.0
    ], 
    "row_1": [
      0.0, 
      6.8348572762855065e-05, 
      0.0
    ], 
    "row_2": [
      0.0, 
      0.0, 
      3.664756268818932e-05
    ]
  }, 
  "h": 3.6615548409810765, 
  "t": 0.040038999999999998, 
  "x": 0.89637453831565617, 
  "y": -0.53571043671347396
}