{
  "sigmaH": 0.18849555921551656, 
  "sigmaX": 0.013670962147495174, 
  "sigmaY": 0.089999999999986355, 
  "t": 0.41005900000000001, 
  "vh": 6.369189310304697, 
  "vx": 0.46149133436860412, 
  "vy": 2.9634804707355622
}