{
  "covariance": {
    "row_0": [
      5.702335610453176e-06, 
      1.2242766330458267e-05, 
      -4.5748987954325441e-06
    ], 
    "row_1": [
      1.2242766330458267e-05, 
      0.0001741522422477085, 
      -0.00010912559224379133
    ], 
    "row_2": [
      -4.5748987954325433e-06, 
      -0.00010912559224379133, 
      0.00036495193073112376
    ]
  }, 
  "h": 5.2667626159494016, 
  "t": 0.34999999999999998, 
  "x": 0.59220267471615362, 
  "y": 0.38478341834147606
}