{
  "sigmaH": 0.13861389710981348, 
  "sigmaX": 0.050044521626725326, 
  "sigmaY": 0.090000000000003411, 
  "t": 0.10000000000000001, 
  "vh": 4.4972231573045471, 
  "vx": -1.6708991129068997, 
  "vy": 3.0319486004260257
}