{
  "covariance": {
    "row_0": [
      5.1019203046327287e-06, 
      3.3237088574655423e-06, 
      2.2216066020380674e-06
    ], 
    "row_1": [
      3.3237088574655423e-06, 
      5.2277443355353387e-05, 
      -2.5857230422823691e-05
    ], 
    "row_2": [
      2.2216066020380666e-06, 
      -2.5857230422823684e-05, 
      0.00018111501732057987
    ]
  }, 
  "h": 5.5802310428356874, 
  "t": 0.40000000000001512, 
  "x": 0.6027330947211379, 
  "y": 0.52800078132543826
}