{
  "sigmaH": 0.16507244929604348, 
  "sigmaX": 0.017153284490992744, 
  "sigmaY": 0.08999999999999915, 
  "t": 0.26005899999999998, 
  "vh": 5.370713308528404, 
  "vx": -0.59650520744239521, 
  "vy": 2.966867361529844
}