{
  "covariance": {
    "row_0": [
      7.7209860982097682e-06, 
      6.6050643211387916e-06, 
      4.462971431098059e-06
    ], 
    "row_1": [
      6.6050643211387916e-06, 
      0.00010176873938578675, 
      -5.2390043786728636e-05
    ], 
    "row_2": [
      4.4629714310980581e-06, 
      -5.2390043786728629e-05, 
      0.00036281626049344042
    ]
  }, 
  "h": 5.7700147286971042, 
  "t": 0.43007800000000002, 
  "x": 0.61860127573225099, 
  "y": 0.61848409508798941
}