{
  "h": 4.4230125841301335, 
  "t": 0.20000000000000001, 
  "x": 0.65564473957543512, 
  "y": -0.064918161075814745
}