{
  "covariance": {
    "row_0": [
      0.00011944697642227829, 
      0.0, 
      0.0
    ], 
    "row_1": [
      0.0, 
      0.00018441567595381514, 
      0.0
    ], 
    "row_2": [
      0.0, 
      0.0, 
      0.00019930422859607187
    ]
  }, 
  "h": 3.9314580717288705, 
  "t": 0.10000000000000001, 
  "x": 0.78471550958184932, 
  "y": -0.36029739073104244
}