{
  "sigmaH": 0.17664705693333962, 
  "sigmaX": 0.0027646224859175844, 
  "sigmaY": 0.090000000000003411, 
  "t": 0.33007799999999998, 
  "vh": 6.1119656387247785, 
  "vx": -0.094095074114210989, 
  "vy": 3.0278189937444289
}