{
  "sigmaH": 0.18849555921551656, 
  "sigmaX": 0.021878720529749218, 
  "sigmaY": 0.089999999999986355, 
  "t": 0.45000000000000001, 
  "vh": 6.526105658157725, 
  "vx": 0.76619909693012012, 
  "vy": 3.0716842286138015
}