{
  "sigmaH": 0.18324958764973506, 
  "sigmaX": 0.0054431358963364573, 
  "sigmaY": 0.090000000000003411, 
  "t": 0.37002000000000002, 
  "vh": 6.3521669954931026, 
  "vx": 0.19256950219064364, 
  "vy": 3.0345099847032331
}