{
  "covariance": {
    "row_0": [
      6.5606288312281648e-06, 
      1.8104427901586866e-05, 
      -4.8219495439660608e-06
    ], 
    "row_1": [
      1.8104427901586866e-05, 
      0.00025083957382951525, 
      -0.00012792353942727515
    ], 
    "row_2": [
      -4.8219495439660591e-06, 
      -0.00012792353942727515, 
      0.00047472439217454419
    ]
  }, 
  "h": 5.3916452250183173, 
  "t": 0.37002000000000002, 
  "x": 0.59524756416584579, 
  "y": 0.44653009044164049
}