{
  "sigmaH": 0.14523257093309166, 
  "sigmaX": 0.041816695375565927, 
  "sigmaY": 0.090000000000003411, 
  "t": 0.140039, 
  "vh": 4.7526335012634933, 
  "vx": -1.3488611668941157, 
  "vy": 3.0263669110187701
}