{
  "covariance": {
    "row_0": [
      1.1727646083226488e-05, 
      -3.711594101437918e-06, 
      9.5467566294719074e-07
    ], 
    "row_1": [
      -3.7115941014379332e-06, 
      8.0423462340996582e-05, 
      -3.1931033233108454e-05
    ], 
    "row_2": [
      9.546756629471937e-07, 
      -3.1931033233108434e-05, 
      0.00010064391190948413
    ]
  }, 
  "h": 4.4670005291872013, 
  "t": 0.210059, 
  "x": 0.6446267189742132, 
  "y": -0.030283668461633266
}