{
  "sigmaH": 0.14358597403071691, 
  "sigmaX": 0.043863618003902843, 
  "sigmaY": 0.090000000000003411, 
  "t": 0.130078, 
  "vh": 4.6713393420586504, 
  "vx": -1.5172380357614317, 
  "vy": 3.0580415997251715
}