{
  "h": 3.8847652250610163, 
  "t": 0.090039062500000003, 
  "x": 0.80156256820223826, 
  "y": -0.39480097357582439
}