{
  "h": 4.9703483225441296, 
  "t": 0.30000000000000004, 
  "x": 0.5948549082025113, 
  "y": 0.23508183892418832
}