{
  "covariance": {
    "row_0": [
      4.9486074591673584e-05, 
      8.5867480059256849e-06, 
      2.5799407524482902e-06
    ], 
    "row_1": [
      8.5867480059256781e-06, 
      0.0002400198850940036, 
      8.8634292952600877e-05
    ], 
    "row_2": [
      2.579940752448294e-06, 
      8.8634292952600877e-05, 
      0.00037664147660343205
    ]
  }, 
  "h": 4.2182009400431113, 
  "t": 0.16005900000000001, 
  "x": 0.69281226389627448, 
  "y": -0.18158638965690732
}