{
  "sigmaH": 0.15680717857039053, 
  "sigmaX": 0.027428033370489401, 
  "sigmaY": 0.08999999999999915, 
  "t": 0.210059, 
  "vh": 5.276107769187643, 
  "vx": -0.88788288824333028, 
  "vy": 2.9612423979812053
}