{
  "covariance": {
    "row_0": [
      2.0532611394574863e-05, 
      -1.1566624217406787e-05, 
      1.2289634330015061e-06
    ], 
    "row_1": [
      -1.1566624217406804e-05, 
      0.00022850735354298815, 
      -6.484185192892931e-05
    ], 
    "row_2": [
      1.2289634330015092e-06, 
      -6.4841851928929282e-05, 
      0.00026977167306723251
    ]
  }, 
  "h": 4.7359628869094861, 
  "t": 0.26005899999999998, 
  "x": 0.60871069548714618, 
  "y": 0.11634889969524131
}