{
  "h": 5.8869198269681862, 
  "t": 0.45000000000000001, 
  "x": 0.63210452213682566, 
  "y": 0.68508183892417029
}