{
  "sigmaH": 0.17829365383571441, 
  "sigmaX": 0.001, 
  "sigmaY": 0.090000000000003411, 
  "t": 0.34003899999999998, 
  "vh": 5.9185679146766326, 
  "vx": -0.023784907145310868, 
  "vy": 3.0944806212996308
}