{
  "h": 5.8243334108224092, 
  "t": 0.44003906250000002, 
  "x": 0.62485342953012724, 
  "y": 0.65519902642417482
}