{
  "sigmaH": 0.18849555921551656, 
  "sigmaX": 0.019831797901411957, 
  "sigmaY": 0.089999999999986355, 
  "t": 0.44003900000000001, 
  "vh": 6.4718022388809437, 
  "vx": 0.641460820358288, 
  "vy": 3.1549286088997914
}