{
  "sigmaH": 0.17994025073809189, 
  "sigmaX": 0.001329222770756928, 
  "sigmaY": 0.090000000000003411, 
  "t": 0.34999999999999998, 
  "vh": 6.0532765601656173, 
  "vx": 0.045880320232504421, 
  "vy": 3.1180216283994371
}