{
  "sigmaH": 0.15018850474711234, 
  "sigmaX": 0.03565585962164914, 
  "sigmaY": 0.090000000000003411, 
  "t": 0.17002, 
  "vh": 4.9114815280723114, 
  "vx": -1.217527583481788, 
  "vy": 3.2224551128184804
}