{
  "h": 5.5103064712792351, 
  "t": 0.39003906250000003, 
  "x": 0.59872384780009102, 
  "y": 0.50519902642419756
}