{
  "covariance": {
    "row_0": [
      2.4529123279892891e-05, 
      -1.798351716183046e-05, 
      3.1105623361030315e-06
    ], 
    "row_1": [
      -1.7983517161830477e-05, 
      0.00035207852489734686, 
      -0.00012463440474133291
    ], 
    "row_2": [
      3.1105623361030344e-06, 
      -0.00012463440474133288, 
      0.00043117984800459332
    ]
  }, 
  "h": 4.8986089691457551, 
  "t": 0.29003899999999999, 
  "x": 0.5954810331941901, 
  "y": 0.20766074375727142
}