{
  "sigmaH": 0.16176311238440846, 
  "sigmaX": 0.021267197616572274, 
  "sigmaY": 0.089999999999999331, 
  "t": 0.240039, 
  "vh": 5.50529706640505, 
  "vx": -0.75021238587004047, 
  "vy": 2.8406135800306567
}