{
  "covariance": {
    "row_0": [
      8.9414851595222398e-06, 
      7.9142614696354082e-06, 
      5.3688052422943765e-06
    ], 
    "row_1": [
      7.9142614696354082e-06, 
      0.0001217620601724399, 
      -6.3218102701441959e-05
    ], 
    "row_2": [
      5.3688052422943756e-06, 
      -6.3218102701441945e-05, 
      0.00043676598052871208
    ]
  }, 
  "h": 5.8344803507985974, 
  "t": 0.44003900000000001, 
  "x": 0.62499086696383988, 
  "y": 0.64991033896124017
}