{
  "covariance": {
    "row_0": [
      6.680724629596299e-06, 
      5.3942950810710665e-06, 
      3.6305451220370414e-06
    ], 
    "row_1": [
      5.3942950810710665e-06, 
      8.3399906495864123e-05, 
      -4.248698849802932e-05
    ], 
    "row_2": [
      3.6305451220370405e-06, 
      -4.2486988498029314e-05, 
      0.00029510097838471083
    ]
  }, 
  "h": 5.7082385832206635, 
  "t": 0.42002, 
  "x": 0.61248556206760851, 
  "y": 0.58806193526941608
}