{
  "h": 4.0249102047518432, 
  "t": 0.12001953125000001, 
  "x": 0.75356613543486861, 
  "y": -0.30485956732582098
}