{
  "h": 4.1212501380738207, 
  "t": 0.14003906250000001, 
  "x": 0.72494466113731171, 
  "y": -0.2448009735758187
}