{
  "h": 6.0759062600358265, 
  "t": 0.48007812500000002, 
  "x": 0.65812460468433753, 
  "y": 0.77531621392415662
}