{
  "covariance": {
    "row_0": [
      0.00010879922218665226, 
      0.0, 
      0.0
    ], 
    "row_1": [
      0.0, 
      0.00016087074967220596, 
      0.0
    ], 
    "row_2": [
      0.0, 
      0.0, 
      0.00016222561391013822
    ]
  }, 
  "h": 3.8866612318589597, 
  "t": 0.090038999999999994, 
  "x": 0.80135933564551498, 
  "y": -0.39049863073988611
}