{
  "h": 4.5818466293507392, 
  "t": 0.23007812500000002, 
  "x": 0.63015729193276415, 
  "y": 0.025316213924185028
}