{
  "h": 4.745125753212462, 
  "t": 0.26005859375000001, 
  "x": 0.61091944793856157, 
  "y": 0.11525762017418426
}