{
  "covariance": {
    "row_0": [
      1.8837035295870125e-05, 
      1.5638706842752503e-05, 
      1.1035153316357851e-05
    ], 
    "row_1": [
      1.56387068427525e-05, 
      0.00024441394857392955, 
      -0.00013383391611178092
    ], 
    "row_2": [
      1.1035153316357851e-05, 
      -0.00013383391611178092, 
      0.00091133656041474435
    ]
  }, 
  "h": 6.1521663433100482, 
  "t": 0.490039, 
  "x": 0.66877499644123251, 
  "y": 0.79708929357127478
}