{
  "h": 4.9133575843687911, 
  "t": 0.2900390625, 
  "x": 0.59783842873749837, 
  "y": 0.20519902642418719
}