{
  "h": 3.5351233805514446, 
  "t": 0.010058593750000001, 
  "x": 0.95972637388336346, 
  "y": -0.62428910996098264
}