{
  "covariance": {
    "row_0": [
      1.0375874916209498e-05, 
      9.3309809486248605e-06, 
      6.3550703386428515e-06
    ], 
    "row_1": [
      9.3309809486248605e-06, 
      0.00014354846044617315, 
      -7.5061675283283723e-05
    ], 
    "row_2": [
      6.3550703386428507e-06, 
      -7.506167528328371e-05, 
      0.00051756983156033291
    ]
  }, 
  "h": 5.8994868892595065, 
  "t": 0.45000000000000001, 
  "x": 0.63262297616836083, 
  "y": 0.68050738556246226
}