{
  "covariance": {
    "row_0": [
      1.7196997535187959e-05, 
      -7.7803221922116971e-06, 
      1.3484743433667819e-06
    ], 
    "row_1": [
      -7.7803221922117124e-06, 
      0.00015891630945149556, 
      -5.3975609357193072e-05
    ], 
    "row_2": [
      1.348474343366785e-06, 
      -5.3975609357193052e-05, 
      0.00019317244434628972
    ]
  }, 
  "h": 4.6280879603808964, 
  "t": 0.240039, 
  "x": 0.62104631626535711, 
  "y": 0.05590981484081059
}