{
  "sigmaH": 0.15185124475636982, 
  "sigmaX": 0.033588869124406187, 
  "sigmaY": 0.090000000000003272, 
  "t": 0.18007799999999999, 
  "vh": 5.2142861310241368, 
  "vx": -1.1382686352187121, 
  "vy": 3.0600157937074721
}