{
  "covariance": {
    "row_0": [
      1.3590688722514053e-05, 
      -5.0607163697325243e-06, 
      5.8381529741669165e-07
    ], 
    "row_1": [
      -5.0607163697325396e-06, 
      0.00010474658603348605, 
      -2.9285523708282255e-05
    ], 
    "row_2": [
      5.8381529741669472e-07, 
      -2.9285523708282234e-05, 
      0.00012337520065514959
    ]
  }, 
  "h": 4.5205437768837369, 
  "t": 0.22001999999999999, 
  "x": 0.63650662977074213, 
  "y": -0.00041317324254724896
}