{
  "initialHPosition": -0.69901521622262663, 
  "initialXPosition": -1.1104702464565432, 
  "initialYPosition": 0.19740169624768983, 
  "trueH": -0.64244632029735094, 
  "trueX": -1.0730161341488769, 
  "trueY": 0.13409293739032346
}