{
  "t": 0.16, 
  "vh": -0.010636276253617771, 
  "vx": -0.00020678552875914429, 
  "vy": -0.00031626552877795435
}