{
  "t": 0.11999999999999998, 
  "vh": -0.0081251351283944135, 
  "vx": 0.0019832821595056026, 
  "vy": 0.00036917978265218175
}