{
  "t": 0.060000000000000005, 
  "vh": -0.0089557464774327276, 
  "vx": -0.0016155997193958796, 
  "vy": -0.00090380233432653281
}