{
  "t": 0.50000000000000022, 
  "vh": -0.011129777450835345, 
  "vx": -0.0011819722931255101, 
  "vy": 0.00015759762836935692
}