{
  "t": 0.099999999999999992, 
  "vh": -0.0035740426772733688, 
  "vx": -0.0024028482315645939, 
  "vy": 0.00020955377326642725
}