{
  "t": 0.40000000000000019, 
  "vh": -0.0077664116390017291, 
  "vx": 0.00098733859058941715, 
  "vy": -0.00023977944839401644
}