{
  "covariance": {
    "row_0": [
      3.6447203045103705e-05, 
      -7.3877836910605375e-06, 
      9.4393462431777487e-06
    ], 
    "row_1": [
      -7.3877836910606459e-06, 
      4.6053387578329647e-05, 
      -5.0578277188335254e-06
    ], 
    "row_2": [
      9.4393462431779656e-06, 
      -5.0578277188334703e-06, 
      0.0012026959614589185
    ]
  }, 
  "h": -0.61730724069362308, 
  "t": 0.19000000000000003, 
  "x": -1.0633793620797221, 
  "y": 0.12992589765327781
}