{
  "t": 0.38000000000000017, 
  "vh": 0.00015822631313051609, 
  "vx": 0.00016184316961365556, 
  "vy": 0.0014743211715276888
}