{
  "covariance": {
    "row_0": [
      1.834270600236518e-05, 
      -1.738506441472462e-06, 
      2.5314957140100197e-06
    ], 
    "row_1": [
      -1.738506441472463e-06, 
      2.4058662068886852e-05, 
      -6.7937510899398874e-07
    ], 
    "row_2": [
      2.5314957140101764e-06, 
      -6.7937510899399086e-07, 
      0.0003895097857052769
    ]
  }, 
  "h": -0.63837585384532181, 
  "t": 0.48000000000000026, 
  "x": -1.066879428572501, 
  "y": 0.13133278749759211
}