{
  "covariance": {
    "row_0": [
      1.7497232396058644e-05, 
      -1.7006861198238313e-06, 
      2.5104535592273328e-06
    ], 
    "row_1": [
      -1.7006861198238323e-06, 
      2.3088413403911764e-05, 
      -6.7402152697571237e-07
    ], 
    "row_2": [
      2.5104535592274895e-06, 
      -6.7402152697571448e-07, 
      0.00038557264496860531
    ]
  }, 
  "h": -0.63843963008042781, 
  "t": 0.47000000000000025, 
  "x": -1.0668773595401051, 
  "y": 0.13136350636412791
}