{
  "covariance": {
    "row_0": [
      1.284439075821945e-05, 
      -1.4737641899320369e-06, 
      2.3842006305312158e-06
    ], 
    "row_1": [
      -1.473764189932038e-06, 
      1.7686921414061227e-05, 
      -6.4190003486606013e-07
    ], 
    "row_2": [
      2.3842006305313725e-06, 
      -6.4190003486606225e-07, 
      0.00036236980054857581
    ]
  }, 
  "h": -0.6385571723109732, 
  "t": 0.4100000000000002, 
  "x": -1.0668799766054706, 
  "y": 0.13135338882041153
}