{
  "covariance": {
    "row_0": [
      1.7484181268808365e-05, 
      -2.7495657900641828e-06, 
      4.578347651512687e-06
    ], 
    "row_1": [
      -2.7495657900641836e-06, 
      2.382668492087074e-05, 
      -1.5535008354958707e-06
    ], 
    "row_2": [
      4.57834765151287e-06, 
      -1.5535008354958774e-06, 
      0.00063768746176367261
    ]
  }, 
  "h": -0.6314020344228638, 
  "t": 0.22000000000000006, 
  "x": -1.0648462360461544, 
  "y": 0.13113882326740112
}