{
  "t": 0.21000000000000005, 
  "vh": 0.012486350315404513, 
  "vx": -0.00037199718901090458, 
  "vy": -0.0014514010357460636
}