{
  "t": 0.48000000000000026, 
  "vh": 0.0063776235106002676, 
  "vx": -0.00020690323957771464, 
  "vy": -0.0030718866535791663
}