{
  "covariance": {
    "row_0": [
      1.6660679864897611e-05, 
      -2.688900092471673e-06, 
      4.5473261498283266e-06
    ], 
    "row_1": [
      -2.6889000924716738e-06, 
      2.2862371299261006e-05, 
      -1.5434989998560898e-06
    ], 
    "row_2": [
      4.5473261498285096e-06, 
      -1.5434989998560966e-06, 
      0.00063264707206581129
    ]
  }, 
  "h": -0.63131399084059525, 
  "t": 0.21000000000000005, 
  "x": -1.0648555474992467, 
  "y": 0.13112581396320774
}