{
  "covariance": {
    "row_0": [
      2.9601034102987673e-05, 
      -6.6958979546013889e-06, 
      9.1629485400110625e-06
    ], 
    "row_1": [
      -6.6958979546014973e-06, 
      3.8300568562387406e-05, 
      -4.9152098551341656e-06
    ], 
    "row_2": [
      9.1629485400112794e-06, 
      -4.9152098551341114e-06, 
      0.0011614412351116795
    ]
  }, 
  "h": -0.61694157217368595, 
  "t": 0.12999999999999998, 
  "x": -1.0633734062324918, 
  "y": 0.12993586352596118
}