{
  "t": 0.26000000000000006, 
  "vh": -0.011953210478019657, 
  "vx": 0.00073401652465084153, 
  "vy": -0.00074213282147587609
}