{
  "t": 0.42000000000000021, 
  "vh": -0.0060095793432526747, 
  "vx": -0.00055959896460933394, 
  "vy": -0.00025418387650029422
}