{
  "t": 0.43000000000000022, 
  "vh": 0.0034755909434532272, 
  "vx": -0.0010298996647198613, 
  "vy": -0.00030226401096140627
}