{
  "covariance": {
    "row_0": [
      1.3569864364525984e-05, 
      -1.5115845115806685e-06, 
      2.4052427853139015e-06
    ], 
    "row_1": [
      -1.5115845115806696e-06, 
      1.8537170079036316e-05, 
      -6.4725361688433524e-07
    ], 
    "row_2": [
      2.4052427853140582e-06, 
      -6.4725361688433735e-07, 
      0.00036618694128524735
    ]
  }, 
  "h": -0.63861726810440578, 
  "t": 0.42000000000000021, 
  "x": -1.0668855725951167, 
  "y": 0.13135084698164654
}