{
  "covariance": {
    "row_0": [
      1.5080811577139048e-05, 
      -1.5872251548779314e-06, 
      2.4473270948792724e-06
    ], 
    "row_1": [
      -1.5872251548779325e-06, 
      2.0297667408986491e-05, 
      -6.579607809208863e-07
    ], 
    "row_2": [
      2.4473270948794291e-06, 
      -6.5796078092088842e-07, 
      0.00037388122275859055
    ]
  }, 
  "h": -0.63852142866587347, 
  "t": 0.44000000000000022, 
  "x": -1.0668842748172978, 
  "y": 0.13136984874915578
}