{
  "t": 0.01, 
  "vh": -0.0032305189189597919, 
  "vx": 0.00011051986688933839, 
  "vy": 0.00041032796490880454
}