{
  "covariance": {
    "row_0": [
      2.3808691096183647e-05, 
      -3.1742256732117484e-06, 
      4.7954981633032017e-06
    ], 
    "row_1": [
      -3.1742256732117492e-06, 
      3.1136880272138888e-05, 
      -1.6235136849743285e-06
    ], 
    "row_2": [
      4.7954981633033846e-06, 
      -1.6235136849743353e-06, 
      0.00067353018964870157
    ]
  }, 
  "h": -0.63106270733259295, 
  "t": 0.29000000000000009, 
  "x": -1.064832260022653, 
  "y": 0.13113591029813115
}