{
  "covariance": {
    "row_0": [
      1.9548455844953093e-05, 
      -2.0761942798193843e-06, 
      3.2532398515773994e-06
    ], 
    "row_1": [
      -2.0761942798193856e-06, 
      2.5740899400937259e-05, 
      -9.3478143711836685e-07
    ], 
    "row_2": [
      3.2532398515775658e-06, 
      -9.3478143711837014e-07, 
      0.00048247063984111377
    ]
  }, 
  "h": -0.63596479884393342, 
  "t": 0.38000000000000017, 
  "x": -1.0665580736196694, 
  "y": 0.13143917898306892
}