{
  "covariance": {
    "row_0": [
      1.1731300344850171e-05, 
      -1.3211303764089056e-06, 
      1.9712129660379099e-06
    ], 
    "row_1": [
      -1.321130376408906e-06, 
      1.6238193385665869e-05, 
      -5.1623519910086026e-07
    ], 
    "row_2": [
      1.9712129660380581e-06, 
      -5.1623519910086217e-07, 
      0.00030622230676406742
    ]
  }, 
  "h": -0.63952171169238914, 
  "t": 0.4999023437500153, 
  "x": -1.0661066319318204, 
  "y": 0.13219217269978475
}