{
  "t": 0.49000000000000027, 
  "vh": 0.0033747671630583961, 
  "vx": 0.00046812365302352857, 
  "vy": -0.0015734907047325606
}