{
  "t": 0.080000000000000002, 
  "vh": -0.0018400711576225417, 
  "vx": -0.0011126396600395691, 
  "vy": -0.001052919166032731
}