{
  "t": 0.14999999999999999, 
  "vh": -0.01751162334181745, 
  "vx": 0.00049998383793035852, 
  "vy": 0.00020752929026839875
}