{
  "t": 0.44000000000000022, 
  "vh": 0.0061083529097720572, 
  "vx": 0.0011596774466365711, 
  "vy": 0.0022024407618865646
}