{
  "t": 0.18000000000000002, 
  "vh": 0.01297579481204209, 
  "vx": -0.00063502566734274671, 
  "vy": -0.001150149699945705
}