{
  "covariance": {
    "row_0": [
      0.0025401600000000014, 
      0.0, 
      0.0
    ], 
    "row_1": [
      0.0, 
      0.0025401600000000014, 
      0.0
    ], 
    "row_2": [
      0.0, 
      0.0, 
      0.010080160000000003
    ]
  }, 
  "h": -0.69902141257644634, 
  "t": 0.040000000000000001, 
  "x": -1.1104334555812856, 
  "y": 0.19739355258176514
}