{
  "covariance": {
    "row_0": [
      2.643797960750819e-05, 
      -6.3488289702643047e-06, 
      9.0242998223743967e-06
    ], 
    "row_1": [
      -6.3488289702644131e-06, 
      3.4682713362556964e-05, 
      -4.8436687978552925e-06
    ], 
    "row_2": [
      9.0242998223746136e-06, 
      -4.8436687978552383e-06, 
      0.0011410178984022378
    ]
  }, 
  "h": -0.61710927418961026, 
  "t": 0.099902343750000927, 
  "x": -1.0633905595000865, 
  "y": 0.1299061182338942
}