{
  "covariance": {
    "row_0": [
      1.867560656519355e-05, 
      -2.0324936175887422e-06, 
      3.2286301960174609e-06
    ], 
    "row_1": [
      -2.0324936175887434e-06, 
      2.4737153321875257e-05, 
      -9.2806464141556486e-07
    ], 
    "row_2": [
      3.2286301960176273e-06, 
      -9.2806464141556814e-07, 
      0.00047808767104505419
    ]
  }, 
  "h": -0.63596638110706472, 
  "t": 0.37000000000000016, 
  "x": -1.0665596920513656, 
  "y": 0.13142443577135365
}