{
  "t": 0.29000000000000009, 
  "vh": 0.0084031367885866771, 
  "vx": -0.00070796891772236198, 
  "vy": 0.0010763069608742929
}