{
  "covariance": {
    "row_0": [
      1.5849430377513311e-05, 
      -2.6276419564260874e-06, 
      4.5160017037915671e-06
    ], 
    "row_1": [
      -2.6276419564260883e-06, 
      2.19089344748642e-05, 
      -1.5333994900401354e-06
    ], 
    "row_2": [
      4.51600170379175e-06, 
      -1.5333994900401422e-06, 
      0.00062757775373472908
    ]
  }, 
  "h": -0.63144007371389732, 
  "t": 0.19990234374999627, 
  "x": -1.0648517911995061, 
  "y": 0.13114046971194759
}