{
  "t": 0.4100000000000002, 
  "vh": -0.017530221895498813, 
  "vx": -0.00073603465119045583, 
  "vy": 0.00077515468561560965
}