{
  "covariance": {
    "row_0": [
      0.0025300900000000013, 
      0.0, 
      0.0
    ], 
    "row_1": [
      0.0, 
      0.0025300900000000013, 
      0.0
    ], 
    "row_2": [
      0.0, 
      0.0, 
      0.010060090000000002
    ]
  }, 
  "h": -0.69905290519500907, 
  "t": 0.029999999999999999, 
  "x": -1.1104413893346403, 
  "y": 0.19739681183955568
}