{
  "t": 0.22000000000000006, 
  "vh": -0.0088043582268520076, 
  "vx": 0.00093114530924183416, 
  "vy": 0.0013009304193378518
}