{
  "covariance": {
    "row_0": [
      0.0025502500000000017, 
      0.0, 
      0.0
    ], 
    "row_1": [
      0.0, 
      0.0025502500000000017, 
      0.0
    ], 
    "row_2": [
      0.0, 
      0.0, 
      0.010100250000000003
    ]
  }, 
  "h": -0.69887150329965331, 
  "t": 0.050000000000000003, 
  "x": -1.1104315940694207, 
  "y": 0.19740526328401714
}