{
  "covariance": {
    "row_0": [
      3.0692062260007015e-05, 
      -6.8112122440112487e-06, 
      9.2090148238721758e-06
    ], 
    "row_1": [
      -6.8112122440113571e-06, 
      3.954270506504445e-05, 
      -4.9389794990840595e-06
    ], 
    "row_2": [
      9.2090148238723926e-06, 
      -4.9389794990840053e-06, 
      0.0011682670228362194
    ]
  }, 
  "h": -0.61710018747151474, 
  "t": 0.13999999999999999, 
  "x": -1.0633800802862121, 
  "y": 0.12992938447638994
}