{
  "t": 0.050000000000000003, 
  "vh": 0.014990927679305353, 
  "vx": 0.00018615118648832938, 
  "vy": 0.0011710702252013554
}