{
  "t": 0.19000000000000003, 
  "vh": 0.0035397055712526886, 
  "vx": -0.00070139419188976009, 
  "vy": 0.00011319868314258041
}