{
  "covariance": {
    "row_0": [
      0.0025704900000000025, 
      0.0, 
      0.0
    ], 
    "row_1": [
      0.0, 
      0.0025704900000000025, 
      0.0
    ], 
    "row_2": [
      0.0, 
      0.0, 
      0.010140490000000005
    ]
  }, 
  "h": -0.69892832209047584, 
  "t": 0.070000000000000007, 
  "x": -1.1104502195913737, 
  "y": 0.19738912587040039
}