{
  "covariance": {
    "row_0": [
      2.7478977788949001e-05, 
      -6.4652693757816709e-06, 
      9.0708159722888378e-06
    ], 
    "row_1": [
      -6.4652693757817794e-06, 
      3.5876295557073329e-05, 
      -4.8676705672343804e-06
    ], 
    "row_2": [
      9.0708159722890546e-06, 
      -4.8676705672343262e-06, 
      0.0011478496596626
    ]
  }, 
  "h": -0.61705385392123013, 
  "t": 0.10999999999999999, 
  "x": -1.0633890470839604, 
  "y": 0.12992571707469303
}