{
  "covariance": {
    "row_0": [
      1.6989908005674453e-05, 
      -1.9450922931274591e-06, 
      3.1794108848975819e-06
    ], 
    "row_1": [
      -1.9450922931274604e-06, 
      2.2789661163751255e-05, 
      -9.1463105000995949e-07
    ], 
    "row_2": [
      3.1794108848977483e-06, 
      -9.1463105000996278e-07, 
      0.00046938173345293499
    ]
  }, 
  "h": -0.63588533850873175, 
  "t": 0.35000000000000014, 
  "x": -1.0665513287447816, 
  "y": 0.13143756628958642
}