{
  "t": 0.27000000000000007, 
  "vh": 0.01445935628212584, 
  "vx": -0.00027707053090050669, 
  "vy": -0.00041774917042991251
}