{
  "t": 0.13999999999999999, 
  "vh": -0.015861529782880631, 
  "vx": -0.00066740537203947728, 
  "vy": -0.00064790495712351362
}