{
  "covariance": {
    "row_0": [
      1.2132126371151697e-05, 
      -1.4355745292048622e-06, 
      2.362952985955762e-06
    ], 
    "row_1": [
      -1.4355745292048633e-06, 
      1.6848663461892794e-05, 
      -6.3649417177339581e-07
    ], 
    "row_2": [
      2.3629529859559187e-06, 
      -6.3649417177339793e-07, 
      0.00035853567696932765
    ]
  }, 
  "h": -0.63838015815628646, 
  "t": 0.39990234375001527, 
  "x": -1.0668725443805749, 
  "y": 0.13134556157485561
}