{
  "t": 0.3000000000000001, 
  "vh": 0.0062063739530507532, 
  "vx": 0.00022028741380608594, 
  "vy": -5.725459641346111e-05
}