{
  "covariance": {
    "row_0": [
      1.8327682672719121e-05, 
      -2.8102314876566926e-06, 
      4.6093691531970458e-06
    ], 
    "row_1": [
      -2.8102314876566934e-06, 
      2.4810998542480477e-05, 
      -1.5635026711356489e-06
    ], 
    "row_2": [
      4.6093691531972287e-06, 
      -1.5635026711356557e-06, 
      0.00064274785146153381
    ]
  }, 
  "h": -0.63135485988649709, 
  "t": 0.23000000000000007, 
  "x": -1.0648566471494039, 
  "y": 0.13114039295739394
}