{
  "covariance": {
    "row_0": [
      1.5384209446155359e-05, 
      -1.8576909686661765e-06, 
      3.1301915737777015e-06
    ], 
    "row_1": [
      -1.8576909686661777e-06, 
      2.0922169005627256e-05, 
      -9.0119745860435381e-07
    ], 
    "row_2": [
      3.130191573777868e-06, 
      -9.0119745860435709e-07, 
      0.00046075579586081592
    ]
  }, 
  "h": -0.63593042134736799, 
  "t": 0.33000000000000013, 
  "x": -1.0665423847280249, 
  "y": 0.13142105764065654
}