{
  "t": 0.31000000000000011, 
  "vh": 0.013119186733417656, 
  "vx": 0.0011988774509013335, 
  "vy": 0.00038803201695472545
}