{
  "covariance": {
    "row_0": [
      1.9208179608671712e-05, 
      -1.7763267631210944e-06, 
      2.5525378687927054e-06
    ], 
    "row_1": [
      -1.7763267631210955e-06, 
      2.5048910733861943e-05, 
      -6.8472869101226523e-07
    ], 
    "row_2": [
      2.5525378687928621e-06, 
      -6.8472869101226735e-07, 
      0.00039346692644194847
    ]
  }, 
  "h": -0.63834210617369125, 
  "t": 0.49000000000000027, 
  "x": -1.0668747473359708, 
  "y": 0.1313170525905448
}