{
  "t": 0.39000000000000018, 
  "vh": -0.010329522755126996, 
  "vx": -0.00084839154780576146, 
  "vy": 0.00079995112318968808
}