{
  "t": 0.040000000000000001, 
  "vh": 0.0031492618562674775, 
  "vx": 0.00079337533548293584, 
  "vy": -0.00032592577905499355
}