{
  "covariance": {
    "row_0": [
      2.0093653214978234e-05, 
      -1.8141470847697273e-06, 
      2.5735800235753902e-06
    ], 
    "row_1": [
      -1.8141470847697283e-06, 
      2.6059159398837028e-05, 
      -6.9008227303054108e-07
    ], 
    "row_2": [
      2.5735800235755469e-06, 
      -6.900822730305432e-07, 
      0.00039744406717862003
    ]
  }, 
  "h": -0.6384534039481996, 
  "t": 0.50000000000000022, 
  "x": -1.0668865670589021, 
  "y": 0.13131862856682849
}