{
  "t": 0.10999999999999999, 
  "vh": 0.0054884288995463125, 
  "vx": 0.00014977892777703883, 
  "vy": 0.0019409296883937752
}