{
  "t": 0.33000000000000013, 
  "vh": 0.015243014159259891, 
  "vx": 0.00054941880789756794, 
  "vy": -0.00010102709624048034
}