{
  "covariance": {
    "row_0": [
      1.3858510886636261e-05, 
      -1.7702896442048951e-06, 
      3.0809722626578212e-06
    ], 
    "row_1": [
      -1.7702896442048964e-06, 
      1.9134676847503253e-05, 
      -8.8776386719874919e-07
    ], 
    "row_2": [
      3.0809722626579877e-06, 
      -8.8776386719875247e-07, 
      0.00045220985826869686
    ]
  }, 
  "h": -0.63600275796311234, 
  "t": 0.31000000000000011, 
  "x": -1.0665404216969534, 
  "y": 0.13142187173049993
}