{
  "covariance": {
    "row_0": [
      0.0025806400000000025, 
      0.0, 
      0.0
    ], 
    "row_1": [
      0.0, 
      0.0025806400000000025, 
      0.0
    ], 
    "row_2": [
      0.0, 
      0.0, 
      0.010160640000000006
    ]
  }, 
  "h": -0.69894672280205206, 
  "t": 0.080000000000000002, 
  "x": -1.1104613459879742, 
  "y": 0.19737859667874005
}