{
  "covariance": {
    "row_0": [
      2.2845189692272892e-05, 
      -3.1135599756192386e-06, 
      4.7644766616188412e-06
    ], 
    "row_1": [
      -3.1135599756192394e-06, 
      3.0032566650529152e-05, 
      -1.6135118493345486e-06
    ], 
    "row_2": [
      4.7644766616190242e-06, 
      -1.6135118493345553e-06, 
      0.00066834979995084021
    ]
  }, 
  "h": -0.63114673870047877, 
  "t": 0.28000000000000008, 
  "x": -1.0648251803334758, 
  "y": 0.13112514722852242
}