{
  "covariance": {
    "row_0": [
      0.0025908100000000029, 
      0.0, 
      0.0
    ], 
    "row_1": [
      0.0, 
      0.0025908100000000029, 
      0.0
    ], 
    "row_2": [
      0.0, 
      0.0, 
      0.010180810000000007
    ]
  }, 
  "h": -0.69902374497963382, 
  "t": 0.089999999999999997, 
  "x": -1.1104633137149762, 
  "y": 0.19738140460143114
}