{
  "t": 0.47000000000000025, 
  "vh": 0.0040979833226433447, 
  "vx": -0.00049889249342113871, 
  "vy": -0.00080223968815284715
}