{
  "covariance": {
    "row_0": [
      2.4792192500094406e-05, 
      -3.2348913708042561e-06, 
      4.8265196649875604e-06
    ], 
    "row_1": [
      -3.2348913708042569e-06, 
      3.226119389374862e-05, 
      -1.6335155206141083e-06
    ], 
    "row_2": [
      4.8265196649877434e-06, 
      -1.6335155206141151e-06, 
      0.0006787305793465628
    ]
  }, 
  "h": -0.6310006435930624, 
  "t": 0.3000000000000001, 
  "x": -1.064830057148515, 
  "y": 0.13113533775216701
}