{
  "covariance": {
    "row_0": [
      3.2934118574045697e-05, 
      -7.0418408228309572e-06, 
      9.3011473915944039e-06
    ], 
    "row_1": [
      -7.0418408228310657e-06, 
      4.2086978070358519e-05, 
      -4.9865187869838463e-06
    ], 
    "row_2": [
      9.3011473915946208e-06, 
      -4.9865187869837921e-06, 
      0.0011819785982852991
    ]
  }, 
  "h": -0.61738166646746906, 
  "t": 0.16, 
  "x": -1.0633771483031205, 
  "y": 0.12992829711400486
}