{
  "t": 0.25000000000000006, 
  "vh": 0.0044339588889682731, 
  "vx": 0.00048961513622292464, 
  "vy": -0.00011286990216138944
}