{
  "t": 0.36000000000000015, 
  "vh": -0.011452132777196922, 
  "vx": -0.000616643228265969, 
  "vy": -0.00089684423943382709
}