{
  "t": 0.35000000000000014, 
  "vh": -0.0054344597586926096, 
  "vx": 0.00040191020060005019, 
  "vy": 0.0012598452105428322
}