{
  "covariance": {
    "row_0": [
      3.765823120212305e-05, 
      -7.5030979804703914e-06, 
      9.4854125270388603e-06
    ], 
    "row_1": [
      -7.5030979804704998e-06, 
      4.741552408098669e-05, 
      -5.0815973627834175e-06
    ], 
    "row_2": [
      9.4854125270390771e-06, 
      -5.0815973627833625e-06, 
      0.0012096417491834581
    ]
  }, 
  "h": -0.61737962487941433, 
  "t": 0.20000000000000004, 
  "x": -1.0633795050124415, 
  "y": 0.12990516319812231
}