{
  "covariance": {
    "row_0": [
      3.525617488808437e-05, 
      -7.2724694016506751e-06, 
      9.3932799593166321e-06
    ], 
    "row_1": [
      -7.2724694016507836e-06, 
      4.4711251075672601e-05, 
      -5.0340580748836298e-06
    ], 
    "row_2": [
      9.3932799593168489e-06, 
      -5.0340580748835756e-06, 
      0.0011957701737343785
    ]
  }, 
  "h": -0.61734263774933562, 
  "t": 0.18000000000000002, 
  "x": -1.0633723481378032, 
  "y": 0.12992476566644637
}