{
  "t": 0.46000000000000024, 
  "vh": 0.0004615959887493275, 
  "vx": 0.00075227310422224978, 
  "vy": -3.6641717700305311e-05
}