{
  "t": 0.02, 
  "vh": -0.0052698325888805922, 
  "vx": 0.0026699124943525051, 
  "vy": 0.00022296052089563505
}