{
  "covariance": {
    "row_0": [
      1.6671758789752111e-05, 
      -1.6628657981751984e-06, 
      2.4894114044446467e-06
    ], 
    "row_1": [
      -1.6628657981751995e-06, 
      2.2138164738936672e-05, 
      -6.6866794495743694e-07
    ], 
    "row_2": [
      2.4894114044448034e-06, 
      -6.6866794495743906e-07, 
      0.00038165550423193377
    ]
  }, 
  "h": -0.6384806099136543, 
  "t": 0.46000000000000024, 
  "x": -1.0668723706151708, 
  "y": 0.13137152876100944
}