{
  "t": 0.32000000000000012, 
  "vh": -0.0080093525848280219, 
  "vx": -0.00074572191503273727, 
  "vy": 1.96181119010293e-05
}