{
  "t": 0.029999999999999999, 
  "vh": 0.004731454269606747, 
  "vx": 0.00010527982904918155, 
  "vy": -0.0011217292992187101
}