{
  "covariance": {
    "row_0": [
      1.6177058725914906e-05, 
      -1.9013916308968176e-06, 
      3.15480122933764e-06
    ], 
    "row_1": [
      -1.9013916308968188e-06, 
      2.1845915084689256e-05, 
      -9.0791425430715729e-07
    ], 
    "row_2": [
      3.1548012293378064e-06, 
      -9.0791425430716057e-07, 
      0.00046505876465687543
    ]
  }, 
  "h": -0.63583099391114484, 
  "t": 0.34000000000000014, 
  "x": -1.0665553478467877, 
  "y": 0.13142496783748098
}