{
  "covariance": {
    "row_0": [
      1.461136016639581e-05, 
      -1.8139903064355362e-06, 
      3.1055819182177614e-06
    ], 
    "row_1": [
      -1.8139903064355375e-06, 
      2.0018422926565253e-05, 
      -8.9448066290155171e-07
    ], 
    "row_2": [
      3.1055819182179278e-06, 
      -8.9448066290155499e-07, 
      0.00045647282706475639
    ]
  }, 
  "h": -0.6360828514889606, 
  "t": 0.32000000000000012, 
  "x": -1.0665478789161038, 
  "y": 0.13142206791161895
}