{
  "t": 0.20000000000000004, 
  "vh": -0.0072384185791215389, 
  "vx": -1.4293271946787301e-05, 
  "vy": -0.0020734455155481282
}