{
  "t": 0.37000000000000016, 
  "vh": 0.0033478729439045942, 
  "vx": -0.00021968743014598533, 
  "vy": -0.00041620758384228141
}