{
  "covariance": {
    "row_0": [
      2.1354154404472192e-05, 
      -2.1635956042806653e-06, 
      3.3024591626972775e-06
    ], 
    "row_1": [
      -2.1635956042806666e-06, 
      2.7808391559061256e-05, 
      -9.4821502852397232e-07
    ], 
    "row_2": [
      3.302459162697444e-06, 
      -9.4821502852397561e-07, 
      0.00049129657743323285
    ]
  }, 
  "h": -0.63614575818787467, 
  "t": 0.40000000000000019, 
  "x": -1.0665566841492415, 
  "y": 0.13144478069981688
}