{
  "covariance": {
    "row_0": [
      2.097818688445138e-05, 
      -2.9922285804342215e-06, 
      4.7024336582501237e-06
    ], 
    "row_1": [
      -2.9922285804342224e-06, 
      2.788393940730968e-05, 
      -1.5935081780549899e-06
    ], 
    "row_2": [
      4.7024336582503067e-06, 
      -1.5935081780549967e-06, 
      0.00065804902055511768
    ]
  }, 
  "h": -0.63130329400866192, 
  "t": 0.26000000000000006, 
  "x": -1.0648193659229013, 
  "y": 0.13114359419197175
}