{
  "covariance": {
    "row_0": [
      0.002601000000000003, 
      0.0, 
      0.0
    ], 
    "row_1": [
      0.0, 
      0.002601000000000003, 
      0.0
    ], 
    "row_2": [
      0.0, 
      0.0, 
      0.010201000000000007
    ]
  }, 
  "h": -0.6990594854064065, 
  "t": 0.099999999999999992, 
  "x": -1.1104873421972918, 
  "y": 0.19738350013916381
}