{
  "covariance": {
    "row_0": [
      1.5866285183445578e-05, 
      -1.6250454765265649e-06, 
      2.4683692496619602e-06
    ], 
    "row_1": [
      -1.625045476526566e-06, 
      2.120791607396158e-05, 
      -6.6331436293916173e-07
    ], 
    "row_2": [
      2.4683692496621169e-06, 
      -6.6331436293916384e-07, 
      0.00037775836349526222
    ]
  }, 
  "h": -0.63848522587354184, 
  "t": 0.45000000000000023, 
  "x": -1.0668798933462131, 
  "y": 0.13137189517818645
}