{
  "t": 0.089999999999999997, 
  "vh": -0.0077022177581769534, 
  "vx": -0.00019677270020103838, 
  "vy": 0.00028079226910765937
}