{
  "t": 0.28000000000000008, 
  "vh": 0.0011961745361940281, 
  "vx": -0.00030437052655049411, 
  "vy": -0.0014269471745008751
}