{
  "t": 0.12999999999999998, 
  "vh": 0.019353309882808818, 
  "vx": -0.00041919701263616859, 
  "vy": 0.00064546534416344439
}