{
  "covariance": {
    "row_0": [
      1.4315337970832516e-05, 
      -1.5494048332293003e-06, 
      2.4262849400965876e-06
    ], 
    "row_1": [
      -1.5494048332293013e-06, 
      1.9407418744011405e-05, 
      -6.5260719890261066e-07
    ], 
    "row_2": [
      2.4262849400967443e-06, 
      -6.5260719890261278e-07, 
      0.00037002408202191893
    ]
  }, 
  "h": -0.6385825121949712, 
  "t": 0.43000000000000022, 
  "x": -1.066895871591764, 
  "y": 0.13134782434153691
}