{
  "covariance": {
    "row_0": [
      1.3118603485553106e-05, 
      -1.7261622176946406e-06, 
      3.0561222784302957e-06
    ], 
    "row_1": [
      -1.7261622176946419e-06, 
      1.8262594358061905e-05, 
      -8.809814777879082e-07
    ], 
    "row_2": [
      3.0561222784304621e-06, 
      -8.8098147778791148e-07, 
      0.00044792555284041093
    ]
  }, 
  "h": -0.63613523100102598, 
  "t": 0.2999023437499963, 
  "x": -1.0665525275493384, 
  "y": 0.13141795351657873
}