{
  "covariance": {
    "row_0": [
      2.1901688288362136e-05, 
      -3.0528942780267313e-06, 
      4.7334551599344833e-06
    ], 
    "row_1": [
      -3.0528942780267322e-06, 
      2.8948253028919416e-05, 
      -1.6035100136947688e-06
    ], 
    "row_2": [
      4.7334551599346663e-06, 
      -1.6035100136947756e-06, 
      0.00066318941025297895
    ]
  }, 
  "h": -0.63115870044584066, 
  "t": 0.27000000000000007, 
  "x": -1.0648221366282102, 
  "y": 0.13113941670026744
}