{
  "t": 0.23000000000000007, 
  "vh": 0.0047174536366676924, 
  "vx": -0.0010411103249457628, 
  "vy": 0.00015696899928186454
}