{
  "t": 0.17000000000000001, 
  "vh": -0.0090729229986932364, 
  "vx": 0.0011150421990665756, 
  "vy": 0.00079700494409717525
}