{
  "t": 0.34000000000000014, 
  "vh": 0.0099427436223209209, 
  "vx": -0.0012963118762913033, 
  "vy": 0.00039101968244344316
}