{
  "covariance": {
    "row_0": [
      3.4085146731065032e-05, 
      -7.1571551122408153e-06, 
      9.3472136754555155e-06
    ], 
    "row_1": [
      -7.1571551122409238e-06, 
      4.3389114573015559e-05, 
      -5.0102884309337368e-06
    ], 
    "row_2": [
      9.3472136754557323e-06, 
      -5.0102884309336826e-06, 
      0.0011888643860098387
    ]
  }, 
  "h": -0.61747239569745604, 
  "t": 0.17000000000000001, 
  "x": -1.0633659978811298, 
  "y": 0.12993626716344583
}