{
  "t": 0.070000000000000007, 
  "vh": 0.0032738673951773364, 
  "vx": -0.00024695247589025547, 
  "vy": -0.00070993902734983239
}