{
  "covariance": {
    "row_0": [
      1.9191184076629874e-05, 
      -2.8708971852492032e-06, 
      4.6403906548814054e-06
    ], 
    "row_1": [
      -2.870897185249204e-06, 
      2.5815312164090214e-05, 
      -1.5735045067754302e-06
    ], 
    "row_2": [
      4.6403906548815883e-06, 
      -1.5735045067754369e-06, 
      0.00064782824115939522
    ]
  }, 
  "h": -0.63122810149277142, 
  "t": 0.24000000000000007, 
  "x": -1.0648316022395099, 
  "y": 0.13115214421920812
}