{
  "covariance": {
    "row_0": [
      0.002560360000000002, 
      0.0, 
      0.0
    ], 
    "row_1": [
      0.0, 
      0.002560360000000002, 
      0.0
    ], 
    "row_2": [
      0.0, 
      0.0, 
      0.010120360000000005
    ]
  }, 
  "h": -0.69896106076442766, 
  "t": 0.060000000000000005, 
  "x": -1.1104477500666148, 
  "y": 0.19739622526067388
}