{
  "covariance": {
    "row_0": [
      2.0441305124712646e-05, 
      -2.1198949420500244e-06, 
      3.2778495071373404e-06
    ], 
    "row_1": [
      -2.1198949420500257e-06, 
      2.6764645479999257e-05, 
      -9.4149823282117001e-07
    ], 
    "row_2": [
      3.2778495071375068e-06, 
      -9.4149823282117329e-07, 
      0.00048687360863717335
    ]
  }, 
  "h": -0.63606809407148468, 
  "t": 0.39000000000000018, 
  "x": -1.0665665575351475, 
  "y": 0.13144717849430082
}