{
  "t": 0.24000000000000007, 
  "vh": 0.012675839372566552, 
  "vx": 0.0025044909893861701, 
  "vy": 0.0011751261814172335
}