{
  "covariance": {
    "row_0": [
      2.8530005945968337e-05, 
      -6.5805836651915291e-06, 
      9.116882256149951e-06
    ], 
    "row_1": [
      -6.5805836651916375e-06, 
      3.7078432059730366e-05, 
      -4.8914402111842734e-06
    ], 
    "row_2": [
      9.1168822561501678e-06, 
      -4.8914402111842192e-06, 
      0.0011546354473871397
    ]
  }, 
  "h": -0.61713510527251403, 
  "t": 0.11999999999999998, 
  "x": -1.0633692142623654, 
  "y": 0.12992940887251955
}