{
  "covariance": {
    "row_0": [
      1.7822757285434003e-05, 
      -1.9887929553581004e-06, 
      3.2040205404575203e-06
    ], 
    "row_1": [
      -1.9887929553581017e-06, 
      2.3753407242813258e-05, 
      -9.2134784571276255e-07
    ], 
    "row_2": [
      3.2040205404576868e-06, 
      -9.2134784571276583e-07, 
      0.00047372470224899465
    ]
  }, 
  "h": -0.63599985983650376, 
  "t": 0.36000000000000015, 
  "x": -1.0665574951770642, 
  "y": 0.13142859784719207
}