{
  "covariance": {
    "row_0": [
      2.0074685480540624e-05, 
      -2.931562882841713e-06, 
      4.671412156565765e-06
    ], 
    "row_1": [
      -2.9315628828417138e-06, 
      2.6839625785699943e-05, 
      -1.5835063424152091e-06
    ], 
    "row_2": [
      4.6714121565659479e-06, 
      -1.5835063424152159e-06, 
      0.0006529286308572564
    ]
  }, 
  "h": -0.6311837619038817, 
  "t": 0.25000000000000006, 
  "x": -1.0648267060881478, 
  "y": 0.13115101552018651
}