{
  "covariance": {
    "row_0": [
      3.1803090417026358e-05, 
      -6.9265265334211025e-06, 
      9.255081107733289e-06
    ], 
    "row_1": [
      -6.9265265334212109e-06, 
      4.0804841567701483e-05, 
      -4.9627491430339525e-06
    ], 
    "row_2": [
      9.2550811077335058e-06, 
      -4.9627491430338983e-06, 
      0.0011751128105607592
    ]
  }, 
  "h": -0.61727530370493289, 
  "t": 0.14999999999999999, 
  "x": -1.0633750804478328, 
  "y": 0.12993145976929263
}