{
  "t": 0.45000000000000023, 
  "vh": 0.0036202792331612083, 
  "vx": 0.00043814710845104828, 
  "vy": 0.00020464290306902759
}