{
  "h": 0.3259904571278382, 
  "x": 0.075253224429995491, 
  "y": -0.47995255493178973
}