{
  "nbObjects": 6, 
  "obj_0": {
    "radius": 0.029770262322058757, 
    "xCenter": -1.4899117501477583, 
    "yCenter": 0.9968770773357839
  }, 
  "obj_1": {
    "radius": 0.03546243336219973, 
    "xCenter": -1.2500981524075321, 
    "yCenter": 0.78403493254404788
  }, 
  "obj_2": {
    "radius": 0.030728477293053148, 
    "xCenter": -1.494228560422058, 
    "yCenter": -1.0001907737855387
  }, 
  "obj_3": {
    "radius": 0.03269235474084612, 
    "xCenter": -1.0460090461914366, 
    "yCenter": -0.90427580910028416
  }, 
  "obj_4": {
    "radius": 0.039473783160867908, 
    "xCenter": -0.53142056063950571, 
    "yCenter": -0.99319542684729112
  }, 
  "obj_5": {
    "radius": 0.039093074087041123, 
    "xCenter": 0.5178880063589768, 
    "yCenter": -0.1067423730391768
  }
}