{
  "h": 2.9612395854912896, 
  "x": 0.44793901370022859, 
  "y": 0.35234586483370012
}