{
  "initialHPosition": 2.2433828628830845, 
  "initialXPosition": -0.44228003640489638, 
  "initialYPosition": 0.53882923126870486, 
  "trueH": 2.2043245614139302, 
  "trueX": -0.39551245830975246, 
  "trueY": 0.57716882361181998
}