{
  "t": 0.33000000000000013, 
  "vh": 0.0050943255422486091, 
  "vx": 0.00049578235596153505, 
  "vy": -0.00012591056829122088
}