{
  "covariance": {
    "row_0": [
      1.4742827024290961e-05, 
      -1.8493376166691383e-06, 
      -1.920472437170108e-07
    ], 
    "row_1": [
      -1.8493376166691375e-06, 
      1.9720933591796184e-05, 
      7.9986494420667974e-06
    ], 
    "row_2": [
      -1.9204724371701334e-07, 
      7.9986494420664264e-06, 
      0.00062251220752902996
    ]
  }, 
  "h": 2.2038669307971661, 
  "t": 0.21000000000000005, 
  "x": -0.39407501356341851, 
  "y": 0.57773537440264056
}