{
  "t": 0.32000000000000012, 
  "vh": -0.0036151563484328655, 
  "vx": 7.9368001924518894e-06, 
  "vy": -0.00049254941064649598
}