{
  "covariance": {
    "row_0": [
      0.0025908100000000029, 
      0.0, 
      0.0
    ], 
    "row_1": [
      0.0, 
      0.0025908100000000029, 
      0.0
    ], 
    "row_2": [
      0.0, 
      0.0, 
      0.010180810000000007
    ]
  }, 
  "h": 2.2434930158561008, 
  "t": 0.089999999999999997, 
  "x": -0.44228481890355142, 
  "y": 0.53885094459839167
}