{
  "covariance": {
    "row_0": [
      2.706138682484599e-05, 
      -4.1292905550089558e-06, 
      -4.0199686273098321e-07
    ], 
    "row_1": [
      -4.1292905550089558e-06, 
      3.6008884972635583e-05, 
      1.4661670590462836e-05
    ], 
    "row_2": [
      -4.0199686273114584e-07, 
      1.4661670590462402e-05, 
      0.001155217271823099
    ]
  }, 
  "h": 2.2022202350582512, 
  "t": 0.13999999999999999, 
  "x": -0.39408994981095136, 
  "y": 0.57795165140796345
}