{
  "t": 0.040000000000000001, 
  "vh": 0.0044698445085676834, 
  "vx": 0.00063839599024075272, 
  "vy": 0.00061537693301869686
}