{
  "t": 0.18000000000000002, 
  "vh": 0.0060663408122804052, 
  "vx": 0.0001572998303891487, 
  "vy": -0.0010960782352731967
}