{
  "t": 0.13999999999999999, 
  "vh": 0.010166881680317546, 
  "vx": -0.00058164042416015374, 
  "vy": -0.00030212519400896388
}