{
  "t": 0.20000000000000004, 
  "vh": 0.004451288943735518, 
  "vx": -0.001450416800122908, 
  "vy": -0.00170728100141706
}