{
  "t": 0.080000000000000002, 
  "vh": 0.0016697985834881657, 
  "vx": -9.9751740509932522e-05, 
  "vy": -0.0012030327428698214
}