{
  "covariance": {
    "row_0": [
      1.7969316416334503e-05, 
      -2.0283315243658811e-06, 
      -1.9569210833613862e-07
    ], 
    "row_1": [
      -2.0283315243658803e-06, 
      2.3422390940997155e-05, 
      8.2164533069255934e-06
    ], 
    "row_2": [
      -1.9569210833614116e-07, 
      8.2164533069252224e-06, 
      0.000642631174461464
    ]
  }, 
  "h": 2.2039398608271159, 
  "t": 0.25000000000000006, 
  "x": -0.39408376591427485, 
  "y": 0.57772970541673863
}