{
  "covariance": {
    "row_0": [
      1.9702561112356271e-05, 
      -2.1178284782142532e-06, 
      -1.9751454064570254e-07
    ], 
    "row_1": [
      -2.1178284782142519e-06, 
      2.5393119615597642e-05, 
      8.3253552393549922e-06
    ], 
    "row_2": [
      -1.9751454064570508e-07, 
      8.3253552393546212e-06, 
      0.00065281065792768106
    ]
  }, 
  "h": 2.2039057517304803, 
  "t": 0.27000000000000007, 
  "x": -0.39408310440575289, 
  "y": 0.57771933459097458
}