{
  "t": 0.17000000000000001, 
  "vh": 0.022985181665688015, 
  "vx": -0.00014129471747290144, 
  "vy": 9.6246842050660806e-05
}