{
  "t": 0.43000000000000022, 
  "vh": -0.0050887448960309136, 
  "vx": 0.0013186043086239857, 
  "vy": 0.0009809091078017021
}