{
  "t": 0.19000000000000003, 
  "vh": -0.0080356578067406759, 
  "vx": 0.0012912653707155507, 
  "vy": -0.00071939138306598073
}