{
  "covariance": {
    "row_0": [
      1.8825938764345387e-05, 
      -2.0730800012900667e-06, 
      -1.9660332449092056e-07
    ], 
    "row_1": [
      -2.0730800012900655e-06, 
      2.4397755278297397e-05, 
      8.270904273140292e-06
    ], 
    "row_2": [
      -1.9660332449092311e-07, 
      8.270904273139921e-06, 
      0.00064771091619457248
    ]
  }, 
  "h": 2.2039140024628869, 
  "t": 0.26000000000000006, 
  "x": -0.39408316055550463, 
  "y": 0.57772020425963955
}