{
  "covariance": {
    "row_0": [
      1.8436639966240372e-05, 
      -1.4006731540331061e-06, 
      -8.9665207615070737e-08
    ], 
    "row_1": [
      -1.4006731540331065e-06, 
      2.2478490637147735e-05, 
      4.8482814032210834e-06
    ], 
    "row_2": [
      -8.9665207615069466e-08, 
      4.8482814032207633e-06, 
      0.0003889629850810699
    ]
  }, 
  "h": 2.205278552041229, 
  "t": 0.50000000000000022, 
  "x": -0.39503458392404556, 
  "y": 0.57948704506232096
}