{
  "t": 0.31000000000000011, 
  "vh": -0.0040265487325100383, 
  "vx": -0.00033173045913586087, 
  "vy": -0.00010810360402445269
}