{
  "covariance": {
    "row_0": [
      2.9176950236030327e-05, 
      -4.2771114496565128e-06, 
      -4.0471738360331131e-07
    ], 
    "row_1": [
      -4.2771114496565128e-06, 
      3.8440128042633203e-05, 
      1.480839195535443e-05
    ], 
    "row_2": [
      -4.0471738360347394e-07, 
      1.4808391955353996e-05, 
      0.0011688518747570414
    ]
  }, 
  "h": 2.2022103997554288, 
  "t": 0.16, 
  "x": -0.39410359169147546, 
  "y": 0.57798795263958447
}