{
  "t": 0.21000000000000005, 
  "vh": -0.008758936100632303, 
  "vx": -0.001168810616199276, 
  "vy": -0.00048861688683613565
}