{
  "covariance": {
    "row_0": [
      1.95024648558254e-05, 
      -1.6114973697056642e-06, 
      -1.2010132337704087e-07
    ], 
    "row_1": [
      -1.6114973697056642e-06, 
      2.416603120645082e-05, 
      6.0683285149852661e-06
    ], 
    "row_2": [
      -1.2010132337704034e-07, 
      6.0683285149849255e-06, 
      0.00048206407240505156
    ]
  }, 
  "h": 2.204626023318939, 
  "t": 0.40000000000000019, 
  "x": -0.39601945591207216, 
  "y": 0.57866080861255953
}