{
  "covariance": {
    "row_0": [
      0.002560360000000002, 
      0.0, 
      0.0
    ], 
    "row_1": [
      0.0, 
      0.002560360000000002, 
      0.0
    ], 
    "row_2": [
      0.0, 
      0.0, 
      0.010120360000000005
    ]
  }, 
  "h": 2.2432677444557614, 
  "t": 0.060000000000000005, 
  "x": -0.44228284062723522, 
  "y": 0.53885863814233714
}