{
  "covariance": {
    "row_0": [
      0.0025806400000000025, 
      0.0, 
      0.0
    ], 
    "row_1": [
      0.0, 
      0.0025806400000000025, 
      0.0
    ], 
    "row_2": [
      0.0, 
      0.0, 
      0.010160640000000006
    ]
  }, 
  "h": 2.2434389434095809, 
  "t": 0.080000000000000002, 
  "x": -0.44228685929275924, 
  "y": 0.53885599182029631
}