{
  "covariance": {
    "row_0": [
      1.613224451314426e-05, 
      -1.4732375026721931e-06, 
      -1.1764184853500451e-07
    ], 
    "row_1": [
      -1.4732375026721931e-06, 
      2.0399902182806237e-05, 
      5.88762137347703e-06
    ], 
    "row_2": [
      -1.1764184853500398e-07, 
      5.8876213734766895e-06, 
      0.00046466023611512836
    ]
  }, 
  "h": 2.2049164126402965, 
  "t": 0.36000000000000015, 
  "x": -0.39603800425495789, 
  "y": 0.57863027529483357
}