{
  "t": 0.22000000000000006, 
  "vh": 0.010948195815236343, 
  "vx": -0.00093383065871933209, 
  "vy": -0.0014689087760065185
}