{
  "t": 0.45000000000000023, 
  "vh": -0.0020307330716348312, 
  "vx": -0.0013943788179420905, 
  "vy": -0.00092103990569057203
}