{
  "covariance": {
    "row_0": [
      0.0025401600000000014, 
      0.0, 
      0.0
    ], 
    "row_1": [
      0.0, 
      0.0025401600000000014, 
      0.0
    ], 
    "row_2": [
      0.0, 
      0.0, 
      0.010080160000000003
    ]
  }, 
  "h": 2.2432108503040302, 
  "t": 0.040000000000000001, 
  "x": -0.44226877655311747, 
  "y": 0.53885207276322244
}