{
  "covariance": {
    "row_0": [
      0.002601000000000003, 
      0.0, 
      0.0
    ], 
    "row_1": [
      0.0, 
      0.002601000000000003, 
      0.0
    ], 
    "row_2": [
      0.0, 
      0.0, 
      0.010201000000000007
    ]
  }, 
  "h": 2.2435236223617507, 
  "t": 0.099999999999999992, 
  "x": -0.44227508412339933, 
  "y": 0.53884586907195553
}