{
  "t": 0.35000000000000014, 
  "vh": -0.019755647532794868, 
  "vx": -0.00042541163884695271, 
  "vy": -0.00068763072521558176
}