{
  "t": 0.14999999999999999, 
  "vh": 0.0043389219892313148, 
  "vx": -0.00053705940620404837, 
  "vy": 0.0024722753912906517
}