{
  "covariance": {
    "row_0": [
      2.8109168530438162e-05, 
      -4.2032010023327322e-06, 
      -4.0335712316714737e-07
    ], 
    "row_1": [
      -4.2032010023327322e-06, 
      3.7214506507634391e-05, 
      1.4735031272908635e-05
    ], 
    "row_2": [
      -4.0335712316731e-07, 
      1.4735031272908202e-05, 
      0.0011620245732900704
    ]
  }, 
  "h": 2.2022636242781433, 
  "t": 0.14999999999999999, 
  "x": -0.39409532040501338, 
  "y": 0.57797637416187631
}