{
  "covariance": {
    "row_0": [
      1.0518915802351437e-05, 
      -1.0242209778452962e-06, 
      -6.9418258393680244e-08
    ], 
    "row_1": [
      -1.0242209778452953e-06, 
      1.3428130839495081e-05, 
      3.768129730393601e-06
    ], 
    "row_2": [
      -6.9418258393679344e-08, 
      3.7681297303932956e-06, 
      0.00029867004616761862
    ]
  }, 
  "h": 2.2055361795320758, 
  "t": 0.4999023437500153, 
  "x": -0.39391566316413007, 
  "y": 0.57969867425256238
}