{
  "t": 0.37000000000000016, 
  "vh": 0.0015500946824367847, 
  "vx": 0.0015677058524804584, 
  "vy": -0.00031382167603476722
}