{
  "t": 0.29000000000000009, 
  "vh": -0.0078931475366335376, 
  "vx": 0.00044477452111254645, 
  "vy": -0.00037232860150762583
}