{
  "covariance": {
    "row_0": [
      0.0025200400000000007, 
      0.0, 
      0.0
    ], 
    "row_1": [
      0.0, 
      0.0025200400000000007, 
      0.0
    ], 
    "row_2": [
      0.0, 
      0.0, 
      0.010040040000000002
    ]
  }, 
  "h": 2.2432164048545697, 
  "t": 0.02, 
  "x": -0.44227433307492353, 
  "y": 0.5388540437233672
}