{
  "covariance": {
    "row_0": [
      1.4567134341803694e-05, 
      -1.4041075691554543e-06, 
      -1.1641211111398635e-07
    ], 
    "row_1": [
      -1.4041075691554543e-06, 
      1.8636837670983938e-05, 
      5.7972678027229124e-06
    ], 
    "row_2": [
      -1.1641211111398582e-07, 
      5.7972678027225719e-06, 
      0.00045607831797016675
    ]
  }, 
  "h": 2.205022338837221, 
  "t": 0.34000000000000014, 
  "x": -0.39604368390262024, 
  "y": 0.57864746769432507
}