{
  "t": 0.11999999999999998, 
  "vh": -0.006426988319248649, 
  "vx": -0.00026720221843652312, 
  "vy": -0.00086844543765110744
}