{
  "t": 0.070000000000000007, 
  "vh": 0.015450096798455435, 
  "vx": -0.00030211481188770016, 
  "vy": 0.00093840053878532781
}