{
  "covariance": {
    "row_0": [
      1.5339689427473979e-05, 
      -1.4386725359138226e-06, 
      -1.1702697982449542e-07
    ], 
    "row_1": [
      -1.4386725359138226e-06, 
      1.9508369926895086e-05, 
      5.8424445880999699e-06
    ], 
    "row_2": [
      -1.1702697982449489e-07, 
      5.8424445880996294e-06, 
      0.00046035927704264748
    ]
  }, 
  "h": 2.2048247823618929, 
  "t": 0.35000000000000014, 
  "x": -0.39604793801900873, 
  "y": 0.57864059138707291
}