{
  "covariance": {
    "row_0": [
      1.3082024170463128e-05, 
      -1.3349776356387196e-06, 
      -1.1518237369296817e-07
    ], 
    "row_1": [
      -1.3349776356387196e-06, 
      1.6953773159161651e-05, 
      5.7069142319687956e-06
    ], 
    "row_2": [
      -1.1518237369296764e-07, 
      5.7069142319684551e-06, 
      0.00044757639982520521
    ]
  }, 
  "h": 2.2049698300762062, 
  "t": 0.32000000000000012, 
  "x": -0.39605273395120344, 
  "y": 0.57865723617606157
}