{
  "t": 0.23000000000000007, 
  "vh": 0.01268427456295295, 
  "vx": 0.00058794420876277494, 
  "vy": 0.00039429742800265333
}