{
  "covariance": {
    "row_0": [
      1.2369469084792846e-05, 
      -1.3004126688803515e-06, 
      -1.1456750498245907e-07
    ], 
    "row_1": [
      -1.3004126688803515e-06, 
      1.6142240903250506e-05, 
      5.6617374465917364e-06
    ], 
    "row_2": [
      -1.1456750498245854e-07, 
      5.6617374465913959e-06, 
      0.0004433554407527244
    ]
  }, 
  "h": 2.2050059816396903, 
  "t": 0.31000000000000011, 
  "x": -0.39605281331920539, 
  "y": 0.57866216167016804
}