{
  "covariance": {
    "row_0": [
      2.6033605119253821e-05, 
      -4.0553801076851769e-06, 
      -4.0063660229481916e-07
    ], 
    "row_1": [
      -4.0553801076851769e-06, 
      3.4823263437636772e-05, 
      1.4588309908017038e-05
    ], 
    "row_2": [
      -4.0063660229498179e-07, 
      1.4588309908016604e-05, 
      0.0011484299703561278
    ]
  }, 
  "h": 2.202118566241448, 
  "t": 0.12999999999999998, 
  "x": -0.39408413340670978, 
  "y": 0.57795467265990352
}