{
  "t": 0.47000000000000025, 
  "vh": -0.00036164111332670252, 
  "vx": 0.0021101968412244416, 
  "vy": -0.00061488264499149183
}