{
  "covariance": {
    "row_0": [
      3.2500295352806832e-05, 
      -4.4988427916278529e-06, 
      -4.0879816491180346e-07
    ], 
    "row_1": [
      -4.4988427916278529e-06, 
      4.2236992647629635e-05, 
      1.5028474002691826e-05
    ], 
    "row_2": [
      -4.0879816491196609e-07, 
      1.5028474002691392e-05, 
      0.0011894537791579552
    ]
  }, 
  "h": 2.2024205584021406, 
  "t": 0.19000000000000003, 
  "x": -0.3940905189866391, 
  "y": 0.5779707604118216
}