{
  "t": 0.46000000000000024, 
  "vh": 0.00029805739923619869, 
  "vx": 0.0020108753869923354, 
  "vy": -0.00012708694422991178
}