{
  "covariance": {
    "row_0": [
      3.3648077058399003e-05, 
      -4.5727532389516335e-06, 
      -4.1015842534796745e-07
    ], 
    "row_1": [
      -4.5727532389516335e-06, 
      4.3542614182628452e-05, 
      1.5101834685137622e-05
    ], 
    "row_2": [
      -4.1015842534813008e-07, 
      1.5101834685137188e-05, 
      0.0011963610806249264
    ]
  }, 
  "h": 2.2024650712915781, 
  "t": 0.20000000000000004, 
  "x": -0.39410502315464035, 
  "y": 0.57795368760180743
}