{
  "covariance": {
    "row_0": [
      1.1522864032549924e-05, 
      -1.121425388911815e-06, 
      -8.5249051155850487e-08
    ], 
    "row_1": [
      -1.1214253889118159e-06, 
      1.4766459735354097e-05, 
      4.4914625991928987e-06
    ], 
    "row_2": [
      -8.5249051155849216e-08, 
      4.4914625991925785e-06, 
      0.00035427491847877011
    ]
  }, 
  "h": 2.2052429054989866, 
  "t": 0.4100000000000002, 
  "x": -0.39507283590246717, 
  "y": 0.57948714472423346
}