{
  "covariance": {
    "row_0": [
      0.0025100100000000005, 
      0.0, 
      0.0
    ], 
    "row_1": [
      0.0, 
      0.0025100100000000005, 
      0.0
    ], 
    "row_2": [
      0.0, 
      0.0, 
      0.010020010000000001
    ]
  }, 
  "h": 2.2433273445099977, 
  "t": 0.01, 
  "x": -0.44228323549062559, 
  "y": 0.53884522309221439
}