{
  "covariance": {
    "row_0": [
      1.8629909770155116e-05, 
      -1.5769324029472974e-06, 
      -1.1948645466653178e-07
    ], 
    "row_1": [
      -1.5769324029472974e-06, 
      2.3194498950539676e-05, 
      6.0231517296082085e-06
    ], 
    "row_2": [
      -1.1948645466653125e-07, 
      6.023151729607868e-06, 
      0.00047768311333257083
    ]
  }, 
  "h": 2.2046446697080158, 
  "t": 0.39000000000000018, 
  "x": -0.39601890667831507, 
  "y": 0.57864728076140604
}