{
  "covariance": {
    "row_0": [
      1.4395653336412352e-05, 
      -1.2455355067434995e-06, 
      -8.721178735994838e-08
    ], 
    "row_1": [
      -1.2455355067435001e-06, 
      1.7994029025040164e-05, 
      4.6500487343165357e-06
    ], 
    "row_2": [
      -8.7211787359947109e-08, 
      4.6500487343162155e-06, 
      0.00036949183696868111
    ]
  }, 
  "h": 2.2050318567881275, 
  "t": 0.45000000000000023, 
  "x": -0.39506446070551959, 
  "y": 0.57947338301460727
}