{
  "covariance": {
    "row_0": [
      1.3978914396086815e-05, 
      -1.8041521428999743e-06, 
      -1.9112712896696694e-07
    ], 
    "row_1": [
      -1.8041521428999734e-06, 
      1.8837119384563487e-05, 
      7.9436667281351376e-06
    ], 
    "row_2": [
      -1.9112712896696948e-07, 
      7.9436667281347666e-06, 
      0.00061748393411548152
    ]
  }, 
  "h": 2.2039553755230261, 
  "t": 0.19990234374999627, 
  "x": -0.3940632113155948, 
  "y": 0.57774030828800182
}