{
  "t": 0.39000000000000018, 
  "vh": -0.017742598749601584, 
  "vx": 0.0010915185453492936, 
  "vy": 0.0012690487932036578
}