{
  "t": 0.36000000000000015, 
  "vh": 0.0091630278403432141, 
  "vx": 0.00099337640508323391, 
  "vy": -0.001031609223936302
}