{
  "covariance": {
    "row_0": [
      1.1670249375788123e-05, 
      -1.2655101536184707e-06, 
      -1.1394663169469866e-07
    ], 
    "row_1": [
      -1.2655101536184707e-06, 
      1.5343077450076749e-05, 
      5.6161194816699617e-06
    ], 
    "row_2": [
      -1.1394663169469813e-07, 
      5.6161194816696212e-06, 
      0.00043911355529922407
    ]
  }, 
  "h": 2.2050466403446651, 
  "t": 0.2999023437499963, 
  "x": -0.3960494636190614, 
  "y": 0.57866325326320089
}