{
  "covariance": {
    "row_0": [
      1.7132694068323622e-05, 
      -1.9835830474416963e-06, 
      -1.9478089218135664e-07
    ], 
    "row_1": [
      -1.9835830474416955e-06, 
      2.246702660369692e-05, 
      8.1620023407108948e-06
    ], 
    "row_2": [
      -1.9478089218135918e-07, 
      8.1620023407105238e-06, 
      0.00063757143272835551
    ]
  }, 
  "h": 2.2040874805300588, 
  "t": 0.24000000000000007, 
  "x": -0.39407357420091194, 
  "y": 0.57772340214474427
}