{
  "covariance": {
    "row_0": [
      2.1515805808378052e-05, 
      -2.2073254320626258e-06, 
      -1.993369729552664e-07
    ], 
    "row_1": [
      -2.2073254320626245e-06, 
      2.7443848290198141e-05, 
      8.4342571717843911e-06
    ], 
    "row_2": [
      -1.9933697295526895e-07, 
      8.4342571717840201e-06, 
      0.00066307014139389809
    ]
  }, 
  "h": 2.2037583334069639, 
  "t": 0.29000000000000009, 
  "x": -0.39406845384975725, 
  "y": 0.57772687604310435
}