{
  "t": 0.38000000000000017, 
  "vh": -0.01098178916093813, 
  "vx": -0.00074946673354794673, 
  "vy": 0.00074531954007888616
}