{
  "t": 0.099999999999999992, 
  "vh": 0.003060650564994502, 
  "vx": 0.00097347801520698417, 
  "vy": -0.0005075526436135278
}