{
  "covariance": {
    "row_0": [
      1.5163850662377961e-05, 
      -1.2765630362014208e-06, 
      -8.7702471410972857e-08
    ], 
    "row_1": [
      -1.2765630362014214e-06, 
      1.885092134746168e-05, 
      4.6896952680974456e-06
    ], 
    "row_2": [
      -8.7702471410971586e-08, 
      4.6896952680971254e-06, 
      0.0003733460665911589
    ]
  }, 
  "h": 2.20503483736212, 
  "t": 0.46000000000000024, 
  "x": -0.39504435195164966, 
  "y": 0.57947211214516492
}