{
  "t": 0.089999999999999997, 
  "vh": 0.0054072446520066191, 
  "vx": 0.00020403892078380432, 
  "vy": -0.00050472219046753572
}