{
  "covariance": {
    "row_0": [
      1.7777354684484832e-05, 
      -1.5423674361889287e-06, 
      -1.1887158595602271e-07
    ], 
    "row_1": [
      -1.5423674361889287e-06, 
      2.2242966694628529e-05, 
      5.9779749442311493e-06
    ], 
    "row_2": [
      -1.1887158595602218e-07, 
      5.9779749442308088e-06, 
      0.00047332215426009003
    ]
  }, 
  "h": 2.2048220956955116, 
  "t": 0.38000000000000017, 
  "x": -0.39602982186376856, 
  "y": 0.57863459027347397
}