{
  "covariance": {
    "row_0": [
      1.2919258684481138e-05, 
      -1.1834804478276567e-06, 
      -8.6230419257899453e-08
    ], 
    "row_1": [
      -1.1834804478276574e-06, 
      1.6340244380197129e-05, 
      4.5707556667547176e-06
    ], 
    "row_2": [
      -8.6230419257898183e-08, 
      4.5707556667543974e-06, 
      0.00036184337772372565
    ]
  }, 
  "h": 2.2052732560462629, 
  "t": 0.43000000000000022, 
  "x": -0.39505783226591112, 
  "y": 0.57949125091239373
}