{
  "t": 0.27000000000000007, 
  "vh": -0.00082507324066009402, 
  "vx": 5.614975176172772e-06, 
  "vy": -8.6966866502006412e-05
}