{
  "t": 0.44000000000000022, 
  "vh": -0.022109192741868223, 
  "vx": 0.00073153485709722961, 
  "vy": -0.00086574987295980185
}