{
  "covariance": {
    "row_0": [
      1.2211061358515532e-05, 
      -1.1524529183697367e-06, 
      -8.573973520687495e-08
    ], 
    "row_1": [
      -1.1524529183697376e-06, 
      1.5543352057775616e-05, 
      4.5311091329738077e-06
    ], 
    "row_2": [
      -8.5739735206873679e-08, 
      4.5311091329734876e-06, 
      0.00035804914810124783
    ]
  }, 
  "h": 2.2053241434952233, 
  "t": 0.42000000000000021, 
  "x": -0.39507101830899738, 
  "y": 0.57948144182131567
}