{
  "t": 0.4100000000000002, 
  "vh": -0.0029936876109313364, 
  "vx": -0.0016544490664787432, 
  "vy": 0.00063167307754149582
}