{
  "covariance": {
    "row_0": [
      3.0264731941622495e-05, 
      -4.3510218969802909e-06, 
      -4.0607764403947541e-07
    ], 
    "row_1": [
      -4.3510218969802909e-06, 
      3.968574957763201e-05, 
      1.488175263780023e-05
    ], 
    "row_2": [
      -4.0607764403963804e-07, 
      1.4881752637799796e-05, 
      0.0011756991762240127
    ]
  }, 
  "h": 2.2024402515720856, 
  "t": 0.17000000000000001, 
  "x": -0.39410500463865017, 
  "y": 0.57798891510800499
}