{
  "t": 0.050000000000000003, 
  "vh": 0.0070598309412519076, 
  "vx": 0.0015129972957448653, 
  "vy": 3.0973034637824018e-05
}