{
  "covariance": {
    "row_0": [
      1.3814579256133411e-05, 
      -1.3695426023970864e-06, 
      -1.1579724240347725e-07
    ], 
    "row_1": [
      -1.3695426023970864e-06, 
      1.7785305415072793e-05, 
      5.752091017345854e-06
    ], 
    "row_2": [
      -1.1579724240347673e-07, 
      5.7520910173455135e-06, 
      0.00045181735889768596
    ]
  }, 
  "h": 2.2050207733316287, 
  "t": 0.33000000000000013, 
  "x": -0.3960477761276438, 
  "y": 0.57865597707037864
}