{
  "covariance": {
    "row_0": [
      0.0025704900000000025, 
      0.0, 
      0.0
    ], 
    "row_1": [
      0.0, 
      0.0025704900000000025, 
      0.0
    ], 
    "row_2": [
      0.0, 
      0.0, 
      0.010140490000000005
    ]
  }, 
  "h": 2.243422245423746, 
  "t": 0.070000000000000007, 
  "x": -0.44228586177535412, 
  "y": 0.538868022147725
}