{
  "t": 0.16, 
  "vh": -0.0053224522714495634, 
  "vx": -0.00082712864620767895, 
  "vy": 0.0011578477708188953
}