{
  "t": 0.34000000000000014, 
  "vh": 0.00015655055922201547, 
  "vx": 0.00040922250235841083, 
  "vy": -0.00085093760535456873
}