{
  "covariance": {
    "row_0": [
      1.5952047988343567e-05, 
      -1.307590565659342e-06, 
      -8.819315546199732e-08
    ], 
    "row_1": [
      -1.3075905656593427e-06, 
      1.9727813669883196e-05, 
      4.7293418018783546e-06
    ], 
    "row_2": [
      -8.819315546199605e-08, 
      4.7293418018780344e-06, 
      0.00037722029621363662
    ]
  }, 
  "h": 2.2050312209509868, 
  "t": 0.47000000000000025, 
  "x": -0.3950232499832374, 
  "y": 0.57946596331871503
}