{
  "covariance": {
    "row_0": [
      1.6760245314309175e-05, 
      -1.3386180951172629e-06, 
      -8.8683839513021797e-08
    ], 
    "row_1": [
      -1.3386180951172635e-06, 
      2.0624705992304715e-05, 
      4.7689883356592645e-06
    ], 
    "row_2": [
      -8.8683839513020526e-08, 
      4.7689883356589443e-06, 
      0.00038111452583611439
    ]
  }, 
  "h": 2.2051969977780108, 
  "t": 0.48000000000000026, 
  "x": -0.39502164500067904, 
  "y": 0.57947686997309422
}