{
  "covariance": {
    "row_0": [
      2.0599183460367161e-05, 
      -2.1625769551384401e-06, 
      -1.9842575680048448e-07
    ], 
    "row_1": [
      -2.1625769551384389e-06, 
      2.6408483952897893e-05, 
      8.3798062055696925e-06
    ], 
    "row_2": [
      -1.9842575680048703e-07, 
      8.3798062055693215e-06, 
      0.00065793039966078964
    ]
  }, 
  "h": 2.2038372648823303, 
  "t": 0.28000000000000008, 
  "x": -0.39407290159496838, 
  "y": 0.57773059932911941
}