{
  "t": 0.3000000000000001, 
  "vh": 0.0093743808890016586, 
  "vx": -0.0014406771377431027, 
  "vy": 0.00060976349128525611
}