{
  "t": 0.50000000000000022, 
  "vh": 0.0036229054194997462, 
  "vx": -0.00030225044554242517, 
  "vy": 0.0010345603788528136
}