{
  "covariance": {
    "row_0": [
      1.5519449372301849e-05, 
      -1.8940860935933238e-06, 
      -1.9295845987179275e-07
    ], 
    "row_1": [
      -1.8940860935933229e-06, 
      2.0616297929096429e-05, 
      8.0531004082814977e-06
    ], 
    "row_2": [
      -1.9295845987179529e-07, 
      8.0531004082811267e-06, 
      0.00062751194926213849
    ]
  }, 
  "h": 2.2039764127553183, 
  "t": 0.22000000000000006, 
  "x": -0.39408435187000568, 
  "y": 0.57772068531488052
}