{
  "covariance": {
    "row_0": [
      0.0025300900000000013, 
      0.0, 
      0.0
    ], 
    "row_1": [
      0.0, 
      0.0025300900000000013, 
      0.0
    ], 
    "row_2": [
      0.0, 
      0.0, 
      0.010060090000000002
    ]
  }, 
  "h": 2.2431661518589445, 
  "t": 0.029999999999999999, 
  "x": -0.4422751605130199, 
  "y": 0.53884591899389223
}