{
  "t": 0.40000000000000019, 
  "vh": -0.0018646389076653045, 
  "vx": -5.4923375706880248e-05, 
  "vy": 0.0013527851153453613
}