{
  "covariance": {
    "row_0": [
      0.0025502500000000017, 
      0.0, 
      0.0
    ], 
    "row_1": [
      0.0, 
      0.0025502500000000017, 
      0.0
    ], 
    "row_2": [
      0.0, 
      0.0, 
      0.010100250000000003
    ]
  }, 
  "h": 2.2432814486134429, 
  "t": 0.050000000000000003, 
  "x": -0.44225364658016003, 
  "y": 0.53885238249356882
}