{
  "covariance": {
    "row_0": [
      1.6316071720312738e-05, 
      -1.9388345705175094e-06, 
      -1.938696760265747e-07
    ], 
    "row_1": [
      -1.9388345705175086e-06, 
      2.1531662266396675e-05, 
      8.1075513744961962e-06
    ], 
    "row_2": [
      -1.9386967602657724e-07, 
      8.1075513744958252e-06, 
      0.000632531690995247
    ]
  }, 
  "h": 2.2041032555009479, 
  "t": 0.23000000000000007, 
  "x": -0.39407847242791805, 
  "y": 0.5777246282891606
}