{
  "t": 0.060000000000000005, 
  "vh": -0.0013704157681554406, 
  "vx": -0.0029194047075166139, 
  "vy": 0.00062556487683489517
}