{
  "covariance": {
    "row_0": [
      1.0848239951998246e-05, 
      -1.0900948562365779e-06, 
      -8.4753575268390978e-08
    ], 
    "row_1": [
      -1.0900948562365788e-06, 
      1.4002274496271879e-05, 
      4.451428892230595e-06
    ], 
    "row_2": [
      -8.4753575268389708e-08, 
      4.4514288922302748e-06, 
      0.00035048412506756533
    ]
  }, 
  "h": 2.2052731347274017, 
  "t": 0.39990234375001527, 
  "x": -0.39505612984451077, 
  "y": 0.57948076630663403
}