{
  "covariance": {
    "row_0": [
      3.1372513647214664e-05, 
      -4.4249323443040715e-06, 
      -4.0743790447563951e-07
    ], 
    "row_1": [
      -4.4249323443040715e-06, 
      4.0951371112630821e-05, 
      1.4955113320246029e-05
    ], 
    "row_2": [
      -4.0743790447580214e-07, 
      1.4955113320245596e-05, 
      0.0011825664776909841
    ]
  }, 
  "h": 2.2025009149802082, 
  "t": 0.18000000000000002, 
  "x": -0.39410343164034628, 
  "y": 0.57797795432565224
}