{
  "t": 0.24000000000000007, 
  "vh": -0.0015774970889208036, 
  "vx": 0.00048982270061015832, 
  "vy": -0.00012261444163816164
}