{
  "covariance": {
    "row_0": [
      1.3647456010446746e-05, 
      -1.2145079772855786e-06, 
      -8.6721103308923903e-08
    ], 
    "row_1": [
      -1.2145079772855793e-06, 
      1.7157136702618648e-05, 
      4.6104022005356267e-06
    ], 
    "row_2": [
      -8.6721103308922633e-08, 
      4.6104022005353065e-06, 
      0.00036565760734620336
    ]
  }, 
  "h": 2.2050521641188441, 
  "t": 0.44000000000000022, 
  "x": -0.39505051691734017, 
  "y": 0.57948259341366415
}