{
  "t": 0.029999999999999999, 
  "vh": -0.0050252995625209686, 
  "vx": -8.2743809638335898e-05, 
  "vy": -0.00081247294749410754
}