{
  "t": 0.10999999999999999, 
  "vh": 0.005621553783702095, 
  "vx": 0.00089198464701884938, 
  "vy": 0.0015571887622282819
}