{
  "t": 0.48000000000000026, 
  "vh": 0.01657768270240205, 
  "vx": 0.00016049825583796918, 
  "vy": 0.0010906654379198258
}