{
  "covariance": {
    "row_0": [
      1.6944799598814548e-05, 
      -1.5078024694305599e-06, 
      -1.1825671724551362e-07
    ], 
    "row_1": [
      -1.5078024694305599e-06, 
      2.1311434438717381e-05, 
      5.9327981588540892e-06
    ], 
    "row_2": [
      -1.1825671724551309e-07, 
      5.9327981588537487e-06, 
      0.00046898119518760917
    ]
  }, 
  "h": 2.2049319135871208, 
  "t": 0.37000000000000016, 
  "x": -0.3960223271964331, 
  "y": 0.57862713707807323
}