{
  "t": 0.02, 
  "vh": -0.011093965542785003, 
  "vx": 0.00089024157020609746, 
  "vy": 0.00088206311528634144
}