{
  "t": 0.49000000000000027, 
  "vh": 0.0045325209023237304, 
  "vx": -0.0009916418911087529, 
  "vy": -1.7051456179941054e-05
}