{
  "covariance": {
    "row_0": [
      1.7588442640274777e-05, 
      -1.369645624575185e-06, 
      -8.9174523564046247e-08
    ], 
    "row_1": [
      -1.3696456245751854e-06, 
      2.154159831472623e-05, 
      4.8086348694401736e-06
    ], 
    "row_2": [
      -8.9174523564044977e-08, 
      4.8086348694398534e-06, 
      0.0003850287554585921
    ]
  }, 
  "h": 2.2052423229870342, 
  "t": 0.49000000000000027, 
  "x": -0.39503156141959012, 
  "y": 0.57947669945853242
}