{
  "covariance": {
    "row_0": [
      2.3060907619183057e-05, 
      -3.832926984001699e-06, 
      -3.9654253719300527e-07
    ], 
    "row_1": [
      -3.832926984001699e-06, 
      3.1375505044762044e-05, 
      1.4367511447765146e-05
    ], 
    "row_2": [
      -3.965425371931679e-07, 
      1.4367511447764712e-05, 
      0.0011281224682617508
    ]
  }, 
  "h": 2.2020729767545522, 
  "t": 0.099902343750000927, 
  "x": -0.39408972928573421, 
  "y": 0.57794382130177679
}