{
  "t": 0.26000000000000006, 
  "vh": -0.0025858364228968024, 
  "vx": 6.0535877021617854e-05, 
  "vy": -0.0009501157099119868
}