{
  "t": 0.42000000000000021, 
  "vh": 0.0081237996236619304, 
  "vx": 0.00018175934697790716, 
  "vy": -0.00057029029178324057
}