{
  "t": 0.12999999999999998, 
  "vh": 0.0053094852389534587, 
  "vx": -7.3905313707067232e-05, 
  "vy": 0.0003811855665928921
}