{
  "t": 0.25000000000000006, 
  "vh": -0.014761970294275674, 
  "vx": -0.0010191713362929678, 
  "vy": 0.00063032719944120159
}