{
  "t": 0.01, 
  "vh": -0.0055518373087019074, 
  "vx": -0.00031990857292320181, 
  "vy": 0.0015991823509581664
}