{
  "t": 0.28000000000000008, 
  "vh": -0.0068486848150160415, 
  "vx": 0.0010202810784510003, 
  "vy": 0.0011264738144801348
}