{
  "covariance": {
    "row_0": [
      2.4038041708069482e-05, 
      -3.9075592130376199e-06, 
      -3.9791608142249112e-07
    ], 
    "row_1": [
      -3.9075592130376199e-06, 
      3.2512020367639151e-05, 
      1.4441588543125447e-05
    ], 
    "row_2": [
      -3.9791608142265375e-07, 
      1.4441588543125013e-05, 
      0.0011349153674221856
    ]
  }, 
  "h": 2.2021297412722509, 
  "t": 0.10999999999999999, 
  "x": -0.39408072233138836, 
  "y": 0.57795954525861415
}