{
  "covariance": {
    "row_0": [
      2.2452428156388938e-05, 
      -2.2520739089868122e-06, 
      -2.0024818911004833e-07
    ], 
    "row_1": [
      -2.252073908986811e-06, 
      2.8499212627498388e-05, 
      8.4887081379990897e-06
    ], 
    "row_2": [
      -2.0024818911005087e-07, 
      8.4887081379987187e-06, 
      0.00066822988312700653
    ]
  }, 
  "h": 2.2038520772158541, 
  "t": 0.3000000000000001, 
  "x": -0.39408286062113468, 
  "y": 0.57773297367801724
}