{
  "covariance": {
    "row_0": [
      2.5025823413661655e-05, 
      -3.981469660361398e-06, 
      -3.9927634185865522e-07
    ], 
    "row_1": [
      -3.981469660361398e-06, 
      3.3657641902637963e-05, 
      1.4514949225571245e-05
    ], 
    "row_2": [
      -3.9927634185881785e-07, 
      1.4514949225570811e-05, 
      0.0011416626688891568
    ]
  }, 
  "h": 2.2020654713890586, 
  "t": 0.11999999999999998, 
  "x": -0.3940833943535727, 
  "y": 0.57795086080423763
}