{
  "h": 1.9735689680035529, 
  "x": 0.80422054692965728, 
  "y": -0.035096706995305427
}