{
  "meas_0": {
    "range": 2.8290241944492198, 
    "theta": -2.0309905631605871, 
    "xBeacon": -1.5, 
    "yBeacon": 1.0
  }, 
  "meas_1": {
    "range": 2.6246782254353063, 
    "theta": -1.1873011298234568, 
    "xBeacon": -1.5, 
    "yBeacon": -1.0
  }, 
  "nbMeas": 2
}