{
  "meas_0": {
    "range": 1.6213417913483761, 
    "theta": -1.9512235621905312, 
    "xBeacon": 1.5, 
    "yBeacon": 0.0
  }, 
  "meas_1": {
    "range": 1.9828571747199364, 
    "theta": 0.33747577333492051, 
    "xBeacon": -1.5, 
    "yBeacon": 1.0
  }, 
  "meas_2": {
    "range": 1.6608046210698673, 
    "theta": 1.5707963267950165, 
    "xBeacon": -1.5, 
    "yBeacon": -1.0
  }, 
  "nbMeas": 3
}