{
  "meas_0": {
    "range": 1.2610228097226686, 
    "theta": -0.18407769454621459, 
    "xBeacon": -1.5, 
    "yBeacon": 1.0
  }, 
  "meas_1": {
    "range": 1.9401957008299608, 
    "theta": 1.1198059751566232, 
    "xBeacon": -1.5, 
    "yBeacon": -1.0
  }, 
  "nbMeas": 2
}