{
  "meas_0": {
    "range": 2.8282473439877722, 
    "theta": -1.9144080232812746, 
    "xBeacon": 1.5, 
    "yBeacon": 0.0
  }, 
  "meas_1": {
    "range": 1.8245006966190662, 
    "theta": -0.34667965806209788, 
    "xBeacon": -1.5, 
    "yBeacon": 1.0
  }, 
  "nbMeas": 2
}