{
  "meas_0": {
    "range": 0.86641408550725285, 
    "theta": -1.0829904362472298, 
    "xBeacon": 1.5, 
    "yBeacon": 0.0
  }, 
  "meas_1": {
    "range": 2.6829754103922343, 
    "theta": 0.77005835551868551, 
    "xBeacon": -1.5, 
    "yBeacon": 1.0
  }, 
  "meas_2": {
    "range": 2.3882559826935243, 
    "theta": 1.5370487494615312, 
    "xBeacon": -1.5, 
    "yBeacon": -1.0
  }, 
  "nbMeas": 3
}