{
  "meas_0": {
    "range": 2.0469454130995146, 
    "theta": -0.039883500484959589, 
    "xBeacon": -1.5, 
    "yBeacon": 1.0
  }, 
  "meas_1": {
    "range": 2.6270369273618166, 
    "theta": 0.86516516436759838, 
    "xBeacon": -1.5, 
    "yBeacon": -1.0
  }, 
  "nbMeas": 2
}
