{
  "meas_0": {
    "range": 1.3899536183454246, 
    "theta": -1.6873788666741922, 
    "xBeacon": -1.5, 
    "yBeacon": 1.0
  }, 
  "meas_1": {
    "range": 1.1644252869136797, 
    "theta": 0.067495154667038815, 
    "xBeacon": -1.5, 
    "yBeacon": -1.0
  }, 
  "nbMeas": 2
}