{
  "nbObjects": 3, 
  "obj_0": {
    "radius": 0.039195543682244517, 
    "xCenter": 1.503701369292674, 
    "yCenter": 0.00071011476998467972
  }, 
  "obj_1": {
    "radius": 0.034181816178855469, 
    "xCenter": -1.5014873186292681, 
    "yCenter": 0.99437905888214906
  }, 
  "obj_2": {
    "radius": 0.037817774009255893, 
    "xCenter": -1.5038214500567075, 
    "yCenter": -1.0015575860807158
  }
}