{
  "nbObjects": 3, 
  "obj_0": {
    "radius": 0.028086650131292929, 
    "xCenter": 0.19508433175616668, 
    "yCenter": -0.24868430925191554
  }, 
  "obj_1": {
    "radius": 0.025469280803463525, 
    "xCenter": 0.074260649490980171, 
    "yCenter": -0.26697869063305146
  }, 
  "obj_2": {
    "radius": 0.039150249942139136, 
    "xCenter": 1.0927313781244046, 
    "yCenter": -0.68316667809320275
  }
}