{
  "nbObjects": 5, 
  "obj_0": {
    "radius": 0.038348202172434905, 
    "xCenter": -1.5031620380400419, 
    "yCenter": 1.0022692204546613
  }, 
  "obj_1": {
    "radius": 0.029465262353494028, 
    "xCenter": -1.4923660713326599, 
    "yCenter": -0.99046844437464454
  }, 
  "obj_2": {
    "radius": 0.03521582519953434, 
    "xCenter": -0.65158191212589422, 
    "yCenter": -0.2762046880922413
  }, 
  "obj_3": {
    "radius": 0.040344468607003511, 
    "xCenter": -0.64629127105874296, 
    "yCenter": -0.6506185401655632
  }, 
  "obj_4": {
    "radius": 0.037734123470389548, 
    "xCenter": -0.085119816410383298, 
    "yCenter": -0.44402670912058256
  }
}