{
  "nbObjects": 8, 
  "obj_0": {
    "radius": 0.011824711502054651, 
    "xCenter": -0.91924642610465601, 
    "yCenter": 0.79135848424787558
  }, 
  "obj_1": {
    "radius": 0.034572687244786814, 
    "xCenter": -0.16861782218966687, 
    "yCenter": 0.70271383857738789
  }, 
  "obj_2": {
    "radius": 0.039404575833696748, 
    "xCenter": -0.45390074308402095, 
    "yCenter": 0.43752525260653125
  }, 
  "obj_3": {
    "radius": 0.034717085637734589, 
    "xCenter": -1.1217814763609422, 
    "yCenter": 0.055004992278306103
  }, 
  "obj_4": {
    "radius": 0.042048935430776604, 
    "xCenter": 0.16111729475360753, 
    "yCenter": 0.50972386830581773
  }, 
  "obj_5": {
    "radius": 0.031767807542939591, 
    "xCenter": -0.84880084276580869, 
    "yCenter": -0.98161668680181435
  }, 
  "obj_6": {
    "radius": 0.053679920187805742, 
    "xCenter": 0.58274385076704549, 
    "yCenter": -0.19462021258774431
  }, 
  "obj_7": {
    "radius": 0.035659675042969602, 
    "xCenter": 1.1799618800579239, 
    "yCenter": 0.32312118093337105
  }
}