{
  "nbObjects": 2, 
  "obj_0": {
    "radius": 0.034622492934139784, 
    "xCenter": -1.4970815128200505, 
    "yCenter": 0.99211282618713204
  }, 
  "obj_1": {
    "radius": 0.038204169000161568, 
    "xCenter": -1.4998168807155203, 
    "yCenter": -0.99823400359506298
  }
}