{
  "nbObjects": 3, 
  "obj_0": {
    "radius": 0.038901803231769082, 
    "xCenter": 1.5012455369664488, 
    "yCenter": 0.0020566550120701896
  }, 
  "obj_1": {
    "radius": 0.027892969607510931, 
    "xCenter": -1.4793208772953188, 
    "yCenter": 0.9888704392407951
  }, 
  "obj_2": {
    "radius": 0.038025995585499989, 
    "xCenter": -1.5099333659869707, 
    "yCenter": -1.0012048596390191
  }
}