{
  "nbObjects": 2, 
  "obj_0": {
    "radius": 0.031004618025481226, 
    "xCenter": -1.4905974936331843, 
    "yCenter": 0.99908850291328566
  }, 
  "obj_1": {
    "radius": 0.036719517874556934, 
    "xCenter": -1.4989476115203575, 
    "yCenter": -1.0030231383276191
  }
}