{
  "nbObjects": 2, 
  "obj_0": {
    "radius": 0.03567438900612277, 
    "xCenter": 1.4916091555742279, 
    "yCenter": 0.0026233716162298738
  }, 
  "obj_1": {
    "radius": 0.039671980086687056, 
    "xCenter": -1.5041948556618046, 
    "yCenter": 1.0097552491282624
  }
}