{
  "nbObjects": 8, 
  "obj_0": {
    "radius": 0.039349236466192004, 
    "xCenter": -0.29348431068178671, 
    "yCenter": -0.87045601889315194
  }, 
  "obj_1": {
    "radius": 0.035433178357977047, 
    "xCenter": 0.24526758786332434, 
    "yCenter": -0.87596249892454103
  }, 
  "obj_2": {
    "radius": 0.04048600239495638, 
    "xCenter": 0.49202645685475788, 
    "yCenter": -0.72643839229446239
  }, 
  "obj_3": {
    "radius": 0.038182825517879097, 
    "xCenter": 0.74103411389469021, 
    "yCenter": -0.87517879838996027
  }, 
  "obj_4": {
    "radius": 0.033825196262693438, 
    "xCenter": 1.0488950088508486, 
    "yCenter": -0.89362888399666929
  }, 
  "obj_5": {
    "radius": 0.033908421370605034, 
    "xCenter": 1.0358513498084094, 
    "yCenter": -0.44407702797590531
  }, 
  "obj_6": {
    "radius": 0.036430301700252694, 
    "xCenter": 1.1520629292884457, 
    "yCenter": -0.25133981384576609
  }, 
  "obj_7": {
    "radius": 0.038530762110069165, 
    "xCenter": 0.6473706111625066, 
    "yCenter": 0.10219634554836221
  }
}