{
  "initialHPosition": 0.65166108930481137, 
  "initialXPosition": -1.1136889853644072, 
  "initialYPosition": 0.61823811474368817, 
  "trueH": 0.63116006175177475, 
  "trueX": -1.0640287256978027, 
  "trueY": 0.54737276425484827
}