{
  "covariance": {
    "row_0": [
      5.7673143008361048e-05, 
      6.6203450904340968e-05, 
      -4.6590689789200683e-06
    ], 
    "row_1": [
      6.6203450904340859e-05, 
      0.00012585360560291278, 
      9.1388981535645587e-06
    ], 
    "row_2": [
      -4.6590689789200141e-06, 
      9.1388981535647756e-06, 
      0.001153590617525572
    ]
  }, 
  "h": 0.6494143584333496, 
  "t": 0.12999999999999998, 
  "x": -1.0672988501430731, 
  "y": 0.54873982214189354
}