{
  "t": 0.44000000000000022, 
  "vh": -0.023491905044184691, 
  "vx": 0.00032421761854109081, 
  "vy": -8.5589937565457261e-05
}