{
  "t": 0.20000000000000004, 
  "vh": -0.006154334407268711, 
  "vx": -0.0015119465457047252, 
  "vy": 0.00037186317852243571
}