{
  "covariance": {
    "row_0": [
      4.1508693962526851e-05, 
      4.0727398643669675e-05, 
      -1.064101921646933e-06
    ], 
    "row_1": [
      4.0727398643669566e-05, 
      8.401505416401976e-05, 
      6.5982003255172043e-06
    ], 
    "row_2": [
      -1.0641019216469203e-06, 
      6.5982003255174008e-06, 
      0.00067293603860593123
    ]
  }, 
  "h": 0.6433721212836131, 
  "t": 0.3000000000000001, 
  "x": -1.0578368860753085, 
  "y": 0.55400227799759705
}