{
  "covariance": {
    "row_0": [
      6.4446630752521515e-05, 
      7.0089164901097076e-05, 
      -4.7950005630460992e-06
    ], 
    "row_1": [
      7.0089164901096968e-05, 
      0.00013662537393900013, 
      9.3562076564318243e-06
    ], 
    "row_2": [
      -4.795000563046045e-06, 
      9.3562076564320411e-06, 
      0.0011878041997381427
    ]
  }, 
  "h": 0.64952928068198224, 
  "t": 0.18000000000000002, 
  "x": -1.0673277896936875, 
  "y": 0.54873907136691547
}