{
  "covariance": {
    "row_0": [
      2.6818541748476076e-05, 
      2.730708622680717e-05, 
      -5.883074576622418e-07
    ], 
    "row_1": [
      2.7307086226807061e-05, 
      5.5046389244531715e-05, 
      4.8817967694460095e-06
    ], 
    "row_2": [
      -5.8830745766223417e-07, 
      4.8817967694461958e-06, 
      0.00045602428599763901
    ]
  }, 
  "h": 0.64080952186137352, 
  "t": 0.33000000000000013, 
  "x": -1.0564193874061767, 
  "y": 0.55346276207115797
}