{
  "covariance": {
    "row_0": [
      2.9407272983934602e-05, 
      2.5437712829190278e-05, 
      -4.6964681711897565e-07
    ], 
    "row_1": [
      2.5437712829190173e-05, 
      5.5438387937472822e-05, 
      4.2560730082106657e-06
    ], 
    "row_2": [
      -4.6964681711896982e-07, 
      4.2560730082108453e-06, 
      0.00038908815740943472
    ]
  }, 
  "h": 0.63954434361143397, 
  "t": 0.49000000000000027, 
  "x": -1.0554840516729829, 
  "y": 0.55216272770537322
}