{
  "covariance": {
    "row_0": [
      6.5861328301353603e-05, 
      7.0866307700448287e-05, 
      -4.8221868798713052e-06
    ], 
    "row_1": [
      7.0866307700448179e-05, 
      0.00013883972760621758, 
      9.3996695570052774e-06
    ], 
    "row_2": [
      -4.822186879871251e-06, 
      9.3996695570054943e-06, 
      0.0011947069161806568
    ]
  }, 
  "h": 0.64939049829518791, 
  "t": 0.19000000000000003, 
  "x": -1.0673266467959701, 
  "y": 0.54875150177586285
}