{
  "covariance": {
    "row_0": [
      5.5103747910696866e-05, 
      6.4649165305638532e-05, 
      -4.6046963452696562e-06
    ], 
    "row_1": [
      6.4649165305638424e-05, 
      0.00012168489826847785, 
      9.0519743524176525e-06
    ], 
    "row_2": [
      -4.604696345269602e-06, 
      9.0519743524178693e-06, 
      0.0011400451846405439
    ]
  }, 
  "h": 0.64922479594511961, 
  "t": 0.10999999999999999, 
  "x": -1.0672937234790332, 
  "y": 0.5487346755901239
}