{
  "t": 0.18000000000000002, 
  "vh": -0.0025053377280769861, 
  "vx": -0.00054202861411133867, 
  "vy": -0.00034625871161821092
}