{
  "t": 0.089999999999999997, 
  "vh": -0.018488070907717934, 
  "vx": -0.0017405396587320476, 
  "vy": 0.00024032688576891423
}