{
  "covariance": {
    "row_0": [
      2.2894847528262169e-05, 
      2.2504761097834174e-05, 
      -4.2396391224751409e-07
    ], 
    "row_1": [
      2.2504761097834069e-05, 
      4.592807498523094e-05, 
      4.0307391310343472e-06
    ], 
    "row_2": [
      -4.2396391224750826e-07, 
      4.0307391310345267e-06, 
      0.00036196366979444406
    ]
  }, 
  "h": 0.63936962151737109, 
  "t": 0.42000000000000021, 
  "x": -1.0555038473298675, 
  "y": 0.5521579273509386
}