{
  "t": 0.43000000000000022, 
  "vh": 0.01025956891928308, 
  "vx": 0.00073338793994538688, 
  "vy": 3.8564076797114971e-05
}