{
  "covariance": {
    "row_0": [
      2.2044501034594674e-05, 
      2.2085767993354722e-05, 
      -4.1743778298016235e-07
    ], 
    "row_1": [
      2.2085767993354617e-05, 
      4.4649458849196376e-05, 
      3.9985485771520164e-06
    ], 
    "row_2": [
      -4.1743778298015652e-07, 
      3.998548577152196e-06, 
      0.00035816874299230257
    ]
  }, 
  "h": 0.63944856654428583, 
  "t": 0.4100000000000002, 
  "x": -1.0555373565076731, 
  "y": 0.55217099232280675
}