{
  "t": 0.35000000000000014, 
  "vh": -0.0025491837894695869, 
  "vx": 0.0023533625107515646, 
  "vy": -0.001456114025770562
}