{
  "covariance": {
    "row_0": [
      2.5565887009264646e-05, 
      2.3761740411272517e-05, 
      -4.4354230004956921e-07
    ], 
    "row_1": [
      2.3761740411272412e-05, 
      4.9883923393334624e-05, 
      4.1273107926813411e-06
    ], 
    "row_2": [
      -4.4354230004956338e-07, 
      4.1273107926815206e-06, 
      0.00037346845020086867
    ]
  }, 
  "h": 0.63927111818443694, 
  "t": 0.45000000000000023, 
  "x": -1.0554980221517076, 
  "y": 0.55215326964893308
}