{
  "covariance": {
    "row_0": [
      0.0025200400000000007, 
      0.0, 
      0.0
    ], 
    "row_1": [
      0.0, 
      0.0025200400000000007, 
      0.0
    ], 
    "row_2": [
      0.0, 
      0.0, 
      0.010040040000000002
    ]
  }, 
  "h": 0.65160460458288749, 
  "t": 0.02, 
  "x": -1.1136746279377403, 
  "y": 0.61823561770091462
}