{
  "covariance": {
    "row_0": [
      3.3878798324939551e-05, 
      3.6800657607619671e-05, 
      -9.931101119497446e-07
    ], 
    "row_1": [
      3.6800657607619563e-05, 
      7.2291287217031425e-05, 
      6.3259725496869559e-06
    ], 
    "row_2": [
      -9.9311011194973189e-07, 
      6.3259725496871524e-06, 
      0.00063710971324296725
    ]
  }, 
  "h": 0.64324370287231136, 
  "t": 0.23000000000000007, 
  "x": -1.0578575414490381, 
  "y": 0.55399005592985051
}