{
  "t": 0.16, 
  "vh": 0.0048685900951434633, 
  "vx": 0.00093914796341283626, 
  "vy": 1.9749379069894259e-05
}