{
  "t": 0.26000000000000006, 
  "vh": -0.0036285241623065304, 
  "vx": 0.0020541023664082288, 
  "vy": 0.00059852212584201063
}