{
  "covariance": {
    "row_0": [
      2.8416926490267115e-05, 
      2.5018719724710839e-05, 
      -4.6312068785162406e-07
    ], 
    "row_1": [
      2.5018719724710734e-05, 
      5.4019771801438276e-05, 
      4.2238824543283341e-06
    ], 
    "row_2": [
      -4.6312068785161824e-07, 
      4.2238824543285137e-06, 
      0.00038515323060729319
    ]
  }, 
  "h": 0.63949126552162072, 
  "t": 0.48000000000000026, 
  "x": -1.0554861346393276, 
  "y": 0.55216470048283983
}