{
  "t": 0.029999999999999999, 
  "vh": -0.0011099030334791424, 
  "vx": -0.0012119819767058794, 
  "vy": 0.001496131508652121
}