{
  "t": 0.34000000000000014, 
  "vh": 0.0084966271039367235, 
  "vx": 0.00049647315900965949, 
  "vy": -0.00099270517626468295
}