{
  "covariance": {
    "row_0": [
      3.0899469150956707e-05, 
      3.5112290437822303e-05, 
      -9.6258601073786392e-07
    ], 
    "row_1": [
      3.5112290437822195e-05, 
      6.7551730451589952e-05, 
      6.2089237208492137e-06
    ], 
    "row_2": [
      -9.6258601073785122e-07, 
      6.2089237208494102e-06, 
      0.00062200686336395903
    ]
  }, 
  "h": 0.64340003712663063, 
  "t": 0.19990234374999627, 
  "x": -1.0578694043319856, 
  "y": 0.55399464868032644
}