{
  "t": 0.14999999999999999, 
  "vh": -0.0025256549869508579, 
  "vx": -0.0015927958050705629, 
  "vy": 0.00073708305420684336
}