{
  "covariance": {
    "row_0": [
      2.4655540515597155e-05, 
      2.3342747306793071e-05, 
      -4.3701617078221752e-07
    ], 
    "row_1": [
      2.3342747306792966e-05, 
      4.8545307257300064e-05, 
      4.0951202387990095e-06
    ], 
    "row_2": [
      -4.3701617078221169e-07, 
      4.095120238799189e-06, 
      0.00036961352339872711
    ]
  }, 
  "h": 0.63923729815612207, 
  "t": 0.44000000000000022, 
  "x": -1.0554932712742826, 
  "y": 0.55215745709233088
}