{
  "covariance": {
    "row_0": [
      6.1677235654857335e-05, 
      6.8534879302394641e-05, 
      -4.7406279293956872e-06
    ], 
    "row_1": [
      6.8534879302394532e-05, 
      0.00013225666660456522, 
      9.2692838552849181e-06
    ], 
    "row_2": [
      -4.740627929395633e-06, 
      9.2692838552851349e-06, 
      0.0011740587668531144
    ]
  }, 
  "h": 0.64935078909593102, 
  "t": 0.16, 
  "x": -1.0673040233239621, 
  "y": 0.54872870182114475
}