{
  "t": 0.31000000000000011, 
  "vh": -0.0036291717657463735, 
  "vx": -0.00013876149664798451, 
  "vy": 0.0015365182148110376
}