{
  "covariance": {
    "row_0": [
      3.1878828142771761e-05, 
      3.5678731597319678e-05, 
      -9.728267377505482e-07
    ], 
    "row_1": [
      3.567873159731957e-05, 
      6.9121639517891921e-05, 
      6.2481931851640287e-06
    ], 
    "row_2": [
      -9.7282673775053549e-07, 
      6.2481931851642252e-06, 
      0.00062705362028212051
    ]
  }, 
  "h": 0.6434001864825547, 
  "t": 0.21000000000000005, 
  "x": -1.057876611526497, 
  "y": 0.55398463755064131
}