{
  "t": 0.17000000000000001, 
  "vh": 0.020354496333198399, 
  "vx": -0.0018346083584408058, 
  "vy": 0.0013832132886871479
}