{
  "covariance": {
    "row_0": [
      1.9709570736473484e-05, 
      1.9263110081318659e-05, 
      -3.999061664452767e-07
    ], 
    "row_1": [
      1.9263110081318557e-05, 
      3.9040138633875015e-05, 
      3.3487123978012963e-06
    ], 
    "row_2": [
      -3.9990616644527209e-07, 
      3.34871239780147e-06, 
      0.00030233938238081196
    ]
  }, 
  "h": 0.6387163326094184, 
  "t": 0.4999023437500153, 
  "x": -1.058954586084929, 
  "y": 0.55142100053828103
}