{
  "covariance": {
    "row_0": [
      6.7296025850185695e-05, 
      7.1643450499799511e-05, 
      -4.8493731966965112e-06
    ], 
    "row_1": [
      7.1643450499799403e-05, 
      0.00014107408127343504, 
      9.4431314575787305e-06
    ], 
    "row_2": [
      -4.849373196696457e-06, 
      9.4431314575789474e-06, 
      0.0012016296326231709
    ]
  }, 
  "h": 0.6493289549511152, 
  "t": 0.20000000000000004, 
  "x": -1.0673417662614271, 
  "y": 0.54875522040764813
}