{
  "t": 0.19000000000000003, 
  "vh": -0.01387823867943732, 
  "vx": 0.00011428977172515172, 
  "vy": 0.0012430408947425389
}