{
  "t": 0.24000000000000007, 
  "vh": 0.002274822059937918, 
  "vx": -0.0010759963306082748, 
  "vy": 0.00086361544841986415
}