{
  "t": 0.099999999999999992, 
  "vh": -0.013754627032312099, 
  "vx": -0.0011075924488816024, 
  "vy": 0.0012333091724731592
}