{
  "t": 0.13999999999999999, 
  "vh": -0.0086998688500473671, 
  "vx": 0.0001363297527541403, 
  "vy": -0.0018688645081471019
}