{
  "covariance": {
    "row_0": [
      3.1686458908405655e-05, 
      2.9650567442843296e-05, 
      -6.2676057963909792e-07
    ], 
    "row_1": [
      2.9650567442843187e-05, 
      6.2333705328720574e-05, 
      5.0569177728507814e-06
    ], 
    "row_2": [
      -6.2676057963909029e-07, 
      5.0569177728509677e-06, 
      0.00047762825846154396
    ]
  }, 
  "h": 0.64072365778564733, 
  "t": 0.38000000000000017, 
  "x": -1.0563595898744063, 
  "y": 0.553438176348372
}