{
  "covariance": {
    "row_0": [
      4.0358708871442945e-05, 
      4.0166435638519671e-05, 
      -1.0539602345473346e-06
    ], 
    "row_1": [
      4.0166435638519563e-05, 
      8.2280230314449985e-05, 
      6.5593106432557411e-06
    ], 
    "row_2": [
      -1.0539602345473219e-06, 
      6.5593106432559376e-06, 
      0.00066775799212550788
    ]
  }, 
  "h": 0.64339772820084251, 
  "t": 0.29000000000000009, 
  "x": -1.0578318034083192, 
  "y": 0.55399557891574236
}