{
  "t": 0.11999999999999998, 
  "vh": 0.014023138800904335, 
  "vx": -0.0014809073541251492, 
  "vy": 0.0004345461002467012
}