{
  "t": 0.080000000000000002, 
  "vh": 0.010906140442558646, 
  "vx": 0.0010291863581436901, 
  "vy": 0.0010056425489184972
}