{
  "t": 0.33000000000000013, 
  "vh": -0.033439312618541044, 
  "vx": 0.0012224336043271549, 
  "vy": 0.00010350699475371676
}