{
  "t": 0.42000000000000021, 
  "vh": -0.007894502691473005, 
  "vx": 0.0033509177805714657, 
  "vy": -0.0013064971868191136
}