{
  "t": 0.29000000000000009, 
  "vh": 0.0065550345647491064, 
  "vx": 0.0012960881312881866, 
  "vy": -5.9998181642025914e-05
}