{
  "covariance": {
    "row_0": [
      2.7752125180461992e-05, 
      2.7775782470014395e-05, 
      -5.9599808205761298e-07
    ], 
    "row_1": [
      2.7775782470014286e-05, 
      5.6463852461369484e-05, 
      4.916820970126964e-06
    ], 
    "row_2": [
      -5.9599808205760535e-07, 
      4.9168209701271504e-06, 
      0.00046030508049041998
    ]
  }, 
  "h": 0.6408944881324129, 
  "t": 0.34000000000000014, 
  "x": -1.0564144226745866, 
  "y": 0.55345283501939535
}