{
  "t": 0.10999999999999999, 
  "vh": -0.0029262016790032588, 
  "vx": 0.0007798918734611232, 
  "vy": 0.0012639862897719958
}