{
  "t": 0.45000000000000023, 
  "vh": 0.0033820028314912654, 
  "vx": -0.00047508774249737198, 
  "vy": -0.00041874433977755855
}