{
  "t": 0.50000000000000022, 
  "vh": -0.0050342773764975833, 
  "vx": -0.00088935178879277277, 
  "vy": 0.00071987197065065671
}