{
  "covariance": {
    "row_0": [
      3.0417619477602086e-05, 
      2.5856705933669723e-05, 
      -4.7617294638632733e-07
    ], 
    "row_1": [
      2.5856705933669618e-05, 
      5.6877004073507371e-05, 
      4.2882635620929973e-06
    ], 
    "row_2": [
      -4.7617294638632151e-07, 
      4.2882635620931769e-06, 
      0.00039304308421157623
    ]
  }, 
  "h": 0.63949400083766905, 
  "t": 0.50000000000000022, 
  "x": -1.0554929451908708, 
  "y": 0.55216992642507978
}