{
  "t": 0.36000000000000015, 
  "vh": 0.010277567631689591, 
  "vx": 0.0005340903619003185, 
  "vy": -0.00050509002436761429
}