{
  "t": 0.40000000000000019, 
  "vh": 0.011265284901760715, 
  "vx": 0.00070709712273660848, 
  "vy": 0.0020311705846175771
}