{
  "t": 0.21000000000000005, 
  "vh": 1.4791147610589504e-05, 
  "vx": -0.00071374924369017705, 
  "vy": -0.00099143102491179537
}