{
  "covariance": {
    "row_0": [
      3.2720042340391567e-05, 
      3.0119263686050514e-05, 
      -6.344512040344691e-07
    ], 
    "row_1": [
      3.0119263686050406e-05, 
      6.3851168545558338e-05, 
      5.091941973531736e-06
    ], 
    "row_2": [
      -6.3445120403446148e-07, 
      5.0919419735319223e-06, 
      0.00048200905295432494
    ]
  }, 
  "h": 0.64055452374325395, 
  "t": 0.39000000000000018, 
  "x": -1.0563632196515886, 
  "y": 0.55343357477612232
}