{
  "covariance": {
    "row_0": [
      2.5011374884504246e-05, 
      2.6369693740392722e-05, 
      -5.7292620887149943e-07
    ], 
    "row_1": [
      2.6369693740392614e-05, 
      5.2271462810856175e-05, 
      4.8117483680841037e-06
    ], 
    "row_2": [
      -5.7292620887149181e-07, 
      4.8117483680842901e-06, 
      0.00044752269701207724
    ]
  }, 
  "h": 0.64117316152290993, 
  "t": 0.31000000000000011, 
  "x": -1.0564406276180458, 
  "y": 0.55344607648270627
}