{
  "covariance": {
    "row_0": [
      6.0322538106025236e-05, 
      6.7757736503043416e-05, 
      -4.7134416125704812e-06
    ], 
    "row_1": [
      6.7757736503043308e-05, 
      0.00013010231293734774, 
      9.2258219547114667e-06
    ], 
    "row_2": [
      -4.7134416125704269e-06, 
      9.2258219547116835e-06, 
      0.0011672160504106004
    ]
  }, 
  "h": 0.64930210319497961, 
  "t": 0.14999999999999999, 
  "x": -1.0673134148035963, 
  "y": 0.54872850432735409
}