{
  "t": 0.22000000000000006, 
  "vh": -0.010927128657307959, 
  "vx": -0.0001967471740021313, 
  "vy": 0.0009526026771335197
}