{
  "t": 0.46000000000000024, 
  "vh": 0.012737814648274091, 
  "vx": 0.00082756552112712967, 
  "vy": 0.0016501081231575072
}