{
  "covariance": {
    "row_0": [
      2.3765194021929664e-05, 
      2.2923754202313626e-05, 
      -4.3049004151486583e-07
    ], 
    "row_1": [
      2.2923754202313521e-05, 
      4.7226691121265508e-05, 
      4.0629296849166779e-06
    ], 
    "row_2": [
      -4.3049004151486001e-07, 
      4.0629296849168575e-06, 
      0.00036577859659658554
    ]
  }, 
  "h": 0.63947221720656389, 
  "t": 0.43000000000000022, 
  "x": -1.0554965134504679, 
  "y": 0.55215831299170659
}