{
  "t": 0.47000000000000025, 
  "vh": -0.0030346435634837406, 
  "vx": 0.00056565192353132067, 
  "vy": -0.0004486260562651556
}