{
  "covariance": {
    "row_0": [
      2.4129358974239323e-05, 
      2.5896420385435231e-05, 
      -5.6516048072226394e-07
    ], 
    "row_1": [
      2.5896420385435122e-05, 
      5.0900841727215249e-05, 
      4.776382134193361e-06
    ], 
    "row_2": [
      -5.6516048072225632e-07, 
      4.7763821341935474e-06, 
      0.00044326078243300034
    ]
  }, 
  "h": 0.64120980765187263, 
  "t": 0.2999023437499963, 
  "x": -1.0564392264521518, 
  "y": 0.55343056124995127
}