{
  "covariance": {
    "row_0": [
      3.7028753598191254e-05, 
      3.8483546623069675e-05, 
      -1.0235351732485398e-06
    ], 
    "row_1": [
      3.8483546623069566e-05, 
      7.7195758765740717e-05, 
      6.4426415964713498e-06
    ], 
    "row_2": [
      -1.0235351732485271e-06, 
      6.4426415964715463e-06, 
      0.00065234385268423767
    ]
  }, 
  "h": 0.64320976694770982, 
  "t": 0.26000000000000006, 
  "x": -1.0578583203300853, 
  "y": 0.55399718431428746
}