{
  "t": 0.040000000000000001, 
  "vh": -0.0021100555109479593, 
  "vx": 0.00095338884199204033, 
  "vy": 0.00070788516123123605
}