{
  "t": 0.01, 
  "vh": -0.01216092727861986, 
  "vx": 0.00076920160084192261, 
  "vy": 0.00086632486024543947
}