{
  "covariance": {
    "row_0": [
      3.5958768507107348e-05, 
      3.7922583617919671e-05, 
      -1.0133934861489414e-06
    ], 
    "row_1": [
      3.7922583617919563e-05, 
      7.5540934916170941e-05, 
      6.4037519142098849e-06
    ], 
    "row_2": [
      -1.0133934861489287e-06, 
      6.4037519142100814e-06, 
      0.00064724580620381417
    ]
  }, 
  "h": 0.64324605218933284, 
  "t": 0.25000000000000006, 
  "x": -1.0578788613537493, 
  "y": 0.55399119909302907
}