{
  "t": 0.12999999999999998, 
  "vh": 0.0049331100220963691, 
  "vx": 0.00096824095012972152, 
  "vy": 8.0109076719228384e-05
}