{
  "covariance": {
    "row_0": [
      2.1206144298375511e-05, 
      2.1662683159339967e-05, 
      -4.1084792198169396e-07
    ], 
    "row_1": [
      2.1662683159339862e-05, 
      4.3378650149884542e-05, 
      3.9660436623919764e-06
    ], 
    "row_2": [
      -4.1084792198168814e-07, 
      3.9660436623921559e-06, 
      0.00035435705028053887
    ]
  }, 
  "h": 0.63947879203569968, 
  "t": 0.39990234375001527, 
  "x": -1.0555420648836775, 
  "y": 0.55218362802083509
}