{
  "t": 0.25000000000000006, 
  "vh": -0.0020398903577885973, 
  "vx": -0.0010559941405146114, 
  "vy": -0.00074929913056627235
}