{
  "covariance": {
    "row_0": [
      0.002560360000000002, 
      0.0, 
      0.0
    ], 
    "row_1": [
      0.0, 
      0.002560360000000002, 
      0.0
    ], 
    "row_2": [
      0.0, 
      0.0, 
      0.010120360000000005
    ]
  }, 
  "h": 0.65184071473723348, 
  "t": 0.060000000000000005, 
  "x": -1.1137086948333486, 
  "y": 0.61825811142708287
}