{
  "covariance": {
    "row_0": [
      5.3836896066038892e-05, 
      6.3864433221137468e-05, 
      -4.5772445370692061e-06
    ], 
    "row_1": [
      6.386443322113736e-05, 
      0.00011961058116365347, 
      9.0080880192214153e-06
    ], 
    "row_2": [
      -4.5772445370691518e-06, 
      9.0080880192216321e-06, 
      0.0011332367199676956
    ]
  }, 
  "h": 0.64925434372379232, 
  "t": 0.099902343750000927, 
  "x": -1.0673015985590835, 
  "y": 0.54872191229106504
}