{
  "covariance": {
    "row_0": [
      3.067287547641974e-05, 
      2.9181871199636067e-05, 
      -6.1906995524372663e-07
    ], 
    "row_1": [
      2.9181871199635959e-05, 
      6.08362421118828e-05, 
      5.0218935721698268e-06
    ], 
    "row_2": [
      -6.1906995524371901e-07, 
      5.0218935721700132e-06, 
      0.00047326746396876297
    ]
  }, 
  "h": 0.64083798175939422, 
  "t": 0.37000000000000016, 
  "x": -1.0563708145107396, 
  "y": 0.55343135420785394
}