{
  "t": 0.48000000000000026, 
  "vh": 0.012311562633578644, 
  "vx": -0.00020446620665274433, 
  "vy": -5.8398676218838912e-05
}