{
  "covariance": {
    "row_0": [
      3.9228723780359056e-05, 
      3.9605472633369675e-05, 
      -1.0438185474477364e-06
    ], 
    "row_1": [
      3.9605472633369566e-05, 
      8.0565406464880239e-05, 
      6.5204209609942779e-06
    ], 
    "row_2": [
      -1.0438185474477237e-06, 
      6.5204209609944744e-06, 
      0.00066259994564508453
    ]
  }, 
  "h": 0.64333217785519503, 
  "t": 0.28000000000000008, 
  "x": -1.057844764289632, 
  "y": 0.55399617889755881
}