{
  "covariance": {
    "row_0": [
      6.305193320368943e-05, 
      6.9312022101745865e-05, 
      -4.7678142462208932e-06
    ], 
    "row_1": [
      6.9312022101745757e-05, 
      0.00013443102027178269, 
      9.3127457558583712e-06
    ], 
    "row_2": [
      -4.767814246220839e-06, 
      9.312745755858588e-06, 
      0.0011809214832956285
    ]
  }, 
  "h": 0.64955433405926299, 
  "t": 0.17000000000000001, 
  "x": -1.0673223694075464, 
  "y": 0.54874253395403161
}