{
  "t": 0.27000000000000007, 
  "vh": 0.016849507763264399, 
  "vx": 0.0012408611661978235, 
  "vy": -0.00066643858016827518
}