{
  "t": 0.050000000000000003, 
  "vh": 0.013564763042966768, 
  "vx": -0.0020214661651982695, 
  "vy": 0.00056776543874548376
}