{
  "covariance": {
    "row_0": [
      0.0025300900000000013, 
      0.0, 
      0.0
    ], 
    "row_1": [
      0.0, 
      0.0025300900000000013, 
      0.0
    ], 
    "row_2": [
      0.0, 
      0.0, 
      0.010060090000000002
    ]
  }, 
  "h": 0.65159350555255269, 
  "t": 0.029999999999999999, 
  "x": -1.1136867477575074, 
  "y": 0.61825057901600111
}