{
  "covariance": {
    "row_0": [
      0.0025704900000000025, 
      0.0, 
      0.0
    ], 
    "row_1": [
      0.0, 
      0.0025704900000000025, 
      0.0
    ], 
    "row_2": [
      0.0, 
      0.0, 
      0.010140490000000005
    ]
  }, 
  "h": 0.65179157954216893, 
  "t": 0.070000000000000007, 
  "x": -1.1137123875329145, 
  "y": 0.61825435284502617
}