{
  "covariance": {
    "row_0": [
      2.9679292044433821e-05, 
      2.8713174956428838e-05, 
      -6.1137933084835534e-07
    ], 
    "row_1": [
      2.871317495642873e-05, 
      5.9358778895045022e-05, 
      4.9868693714888723e-06
    ], 
    "row_2": [
      -6.1137933084834772e-07, 
      4.9868693714890586e-06, 
      0.00046892666947598196
    ]
  }, 
  "h": 0.6409717719708351, 
  "t": 0.36000000000000015, 
  "x": -1.0563855481458602, 
  "y": 0.55343322297889397
}