{
  "t": 0.4100000000000002, 
  "vh": -0.0029933175249344619, 
  "vx": 0.00046628404532052335, 
  "vy": -0.0012513495919736074
}