{
  "covariance": {
    "row_0": [
      3.3773625772377482e-05, 
      3.0587959929257736e-05, 
      -6.4214182842984028e-07
    ], 
    "row_1": [
      3.0587959929257627e-05, 
      6.5388631762396105e-05, 
      5.1269661742126905e-06
    ], 
    "row_2": [
      -6.4214182842983266e-07, 
      5.1269661742128769e-06, 
      0.00048640984744710591
    ]
  }, 
  "h": 0.64066717659227157, 
  "t": 0.40000000000000019, 
  "x": -1.0563561486803612, 
  "y": 0.55345388648196847
}