{
  "t": 0.070000000000000007, 
  "vh": -0.0049135195064584384, 
  "vx": -0.00036926995658825075, 
  "vy": -0.00037585820567176452
}