{
  "covariance": {
    "row_0": [
      5.8987840557193141e-05, 
      6.6980593703692192e-05, 
      -4.6862552957452751e-06
    ], 
    "row_1": [
      6.6980593703692084e-05, 
      0.00012796795927013025, 
      9.1823600541380135e-06
    ], 
    "row_2": [
      -4.6862552957452209e-06, 
      9.1823600541382304e-06, 
      0.0011603933339680863
    ]
  }, 
  "h": 0.64932735974484912, 
  "t": 0.13999999999999999, 
  "x": -1.0672974868455456, 
  "y": 0.54872113349681206
}