{
  "t": 0.39000000000000018, 
  "vh": -0.016913404239341848, 
  "vx": -0.00036297771823828683, 
  "vy": -0.00046015722497203508
}