{
  "covariance": {
    "row_0": [
      0.0025401600000000014, 
      0.0, 
      0.0
    ], 
    "row_1": [
      0.0, 
      0.0025401600000000014, 
      0.0
    ], 
    "row_2": [
      0.0, 
      0.0, 
      0.010080160000000003
    ]
  }, 
  "h": 0.65157240499744318, 
  "t": 0.040000000000000001, 
  "x": -1.1136772138690876, 
  "y": 0.61825765786761344
}