{
  "t": 0.28000000000000008, 
  "vh": -0.0046084170147415596, 
  "vx": 0.00011474287912359908, 
  "vy": 0.00056589690730623424
}