{
  "t": 0.37000000000000016, 
  "vh": -0.013379021144090189, 
  "vx": 0.0014733635120604597, 
  "vy": -0.00018687710400684345
}