{
  "covariance": {
    "row_0": [
      5.6378445459528959e-05, 
      6.5426308104989757e-05, 
      -4.6318826620948631e-06
    ], 
    "row_1": [
      6.5426308104989648e-05, 
      0.00012375925193569532, 
      9.0954362529911073e-06
    ], 
    "row_2": [
      -4.6318826620948089e-06, 
      9.0954362529913241e-06, 
      0.0011468079010830581
    ]
  }, 
  "h": 0.64936502733312862, 
  "t": 0.11999999999999998, 
  "x": -1.0673085325525744, 
  "y": 0.54873902105112637
}