{
  "covariance": {
    "row_0": [
      2.6496233502932137e-05, 
      2.4180733515751959e-05, 
      -4.5006842931692084e-07
    ], 
    "row_1": [
      2.4180733515751854e-05, 
      5.1242539529369174e-05, 
      4.1595013465636726e-06
    ], 
    "row_2": [
      -4.5006842931691502e-07, 
      4.1595013465638522e-06, 
      0.00037734337700301023
    ]
  }, 
  "h": 0.63939849633091972, 
  "t": 0.46000000000000024, 
  "x": -1.0554897464964963, 
  "y": 0.5521697707301646
}