{
  "t": 0.32000000000000012, 
  "vh": -0.0029246535350993495, 
  "vx": 0.00090158758258853072, 
  "vy": 0.0015650518504151177
}