{
  "covariance": {
    "row_0": [
      3.8118738689275157e-05, 
      3.9044509628219678e-05, 
      -1.0336768603481382e-06
    ], 
    "row_1": [
      3.904450962821957e-05, 
      7.8870582615310484e-05, 
      6.4815312787328147e-06
    ], 
    "row_2": [
      -1.0336768603481255e-06, 
      6.4815312787330112e-06, 
      0.00065746189916466116
    ]
  }, 
  "h": 0.64337826202534243, 
  "t": 0.27000000000000007, 
  "x": -1.0578459117184233, 
  "y": 0.5539905199284858
}