{
  "covariance": {
    "row_0": [
      2.8705708612447908e-05, 
      2.824447871322162e-05, 
      -6.0368870645298416e-07
    ], 
    "row_1": [
      2.8244478713221512e-05, 
      5.7901315678207255e-05, 
      4.9518451708079177e-06
    ], 
    "row_2": [
      -6.0368870645297654e-07, 
      4.9518451708081041e-06, 
      0.00046460587498320095
    ]
  }, 
  "h": 0.64086899629451821, 
  "t": 0.35000000000000014, 
  "x": -1.0563908890494791, 
  "y": 0.55343827387913769
}