{
  "covariance": {
    "row_0": [
      3.2868813233855654e-05, 
      3.6239694602469675e-05, 
      -9.829684248501464e-07
    ], 
    "row_1": [
      3.6239694602469566e-05, 
      7.0696463367461672e-05, 
      6.2870828674254919e-06
    ], 
    "row_2": [
      -9.8296842485013369e-07, 
      6.2870828674256884e-06, 
      0.00063207166676254383
    ]
  }, 
  "h": 0.64329091519598158, 
  "t": 0.22000000000000006, 
  "x": -1.057878578998237, 
  "y": 0.5539941635774126
}