{
  "t": 0.23000000000000007, 
  "vh": -0.0047212323670255641, 
  "vx": 0.002103754919893658, 
  "vy": -0.00041076475620880249
}