{
  "covariance": {
    "row_0": [
      3.4908783416023451e-05, 
      3.7361620612769675e-05, 
      -1.003251799049343e-06
    ], 
    "row_1": [
      3.7361620612769566e-05, 
      7.3906111066601195e-05, 
      6.36486223194842e-06
    ], 
    "row_2": [
      -1.0032517990493303e-06, 
      6.3648622319486165e-06, 
      0.00064216775972339066
    ]
  }, 
  "h": 0.6432664510929107, 
  "t": 0.24000000000000007, 
  "x": -1.0578683014123442, 
  "y": 0.55399869208433472
}