{
  "t": 0.49000000000000027, 
  "vh": 0.0053078089813258702, 
  "vx": 0.00020829663446919958, 
  "vy": -0.00019727774665633113
}