{
  "t": 0.02, 
  "vh": 0.0065124550862219214, 
  "vx": 0.00066654106584955854, 
  "vy": -0.0011160291376023925
}