{
  "covariance": {
    "row_0": [
      2.5904958316490163e-05, 
      2.6838389983599948e-05, 
      -5.8061683326687061e-07
    ], 
    "row_1": [
      2.6838389983599839e-05, 
      5.3648926027693951e-05, 
      4.8467725687650566e-06
    ], 
    "row_2": [
      -5.8061683326686299e-07, 
      4.846772568765243e-06, 
      0.00045176349150485813
    ]
  }, 
  "h": 0.64114391498755896, 
  "t": 0.32000000000000012, 
  "x": -1.0564316117422199, 
  "y": 0.55346172700121044
}