{
  "t": 0.060000000000000005, 
  "vh": 0.013266210936068596, 
  "vx": -0.0011266302608996465, 
  "vy": -0.0005224094917939061
}