{
  "t": 0.38000000000000017, 
  "vh": -0.011432397374685327, 
  "vx": 0.0011224636333331227, 
  "vy": 0.00068221405180490997
}