{
  "covariance": {
    "row_0": [
      2.7446579996599628e-05, 
      2.4599726620231401e-05, 
      -4.5659455858427248e-07
    ], 
    "row_1": [
      2.4599726620231296e-05, 
      5.2621155665403727e-05, 
      4.1916919004460034e-06
    ], 
    "row_2": [
      -4.5659455858426666e-07, 
      4.1916919004461829e-06, 
      0.00038123830380515171
    ]
  }, 
  "h": 0.6393681498952849, 
  "t": 0.47000000000000025, 
  "x": -1.0554840899772611, 
  "y": 0.552165284469602
}