{
  "t": 0.3000000000000001, 
  "vh": -0.0025606917229383385, 
  "vx": -0.00050826669893332241, 
  "vy": 0.00066990818546891115
}