{
  "initialHPosition": 2.7656905364459714, 
  "initialXPosition": -0.13300371768084512, 
  "initialYPosition": 0.24627528559685791, 
  "trueH": 2.8026363202076059, 
  "trueX": -0.046378127627323407, 
  "trueY": 0.18818723649954783
}