{
  "t": 0.28000000000000008, 
  "vh": 0.0095131681056675362, 
  "vx": 0.00095418951751688106, 
  "vy": 0.0010105007626314863
}