{
  "t": 0.04, 
  "vh": -0.0050363601268237582, 
  "vx": 0.00032304049793990748, 
  "vy": 3.3818206567153655e-05
}