{
  "covariance": {
    "raw_0": [
      1.8844146785537821e-05, 
      -2.0309052183683831e-06, 
      7.1606275431630074e-07
    ], 
    "raw_1": [
      -2.0309052183683831e-06, 
      1.6843517058267043e-05, 
      1.7743415100328487e-06
    ], 
    "raw_2": [
      7.1606275431630095e-07, 
      1.7743415100328498e-06, 
      0.00045716224641536397
    ]
  }, 
  "h": 2.0928900422048899, 
  "t": 0.28000000000000008, 
  "x": -0.96620137241260828, 
  "y": -0.2899195475180632
}