{
  "covariance": {
    "row_0": [
      0.0025502500000000017, 
      0.0, 
      0.0
    ], 
    "row_1": [
      0.0, 
      0.0025502500000000017, 
      0.0
    ], 
    "row_2": [
      0.0, 
      0.0, 
      0.010100250000000003
    ]
  }, 
  "h": 2.7656732950154175, 
  "t": 0.050000000000000003, 
  "x": -0.13297544803331329, 
  "y": 0.24630929965400111
}