{
  "covariance": {
    "row_0": [
      2.0283745616924535e-05, 
      -1.5284623651239741e-06, 
      -2.278369510588926e-07
    ], 
    "row_1": [
      -1.5284623651239724e-06, 
      3.4708971087597555e-05, 
      9.5460875055251798e-06
    ], 
    "row_2": [
      -2.2783695105889472e-07, 
      9.5460875055250917e-06, 
      0.00066941005754867498
    ]
  }, 
  "h": 2.7874702304048422, 
  "t": 0.29000000000000009, 
  "x": -0.047873552788835767, 
  "y": 0.18700806750825169
}