{
  "t": 0.12999999999999998, 
  "vh": 0.012694686132020509, 
  "vx": 0.00078080389739399792, 
  "vy": -0.0014763593238110611
}