{
  "t": 0.32000000000000012, 
  "vh": -0.0047407154896869762, 
  "vx": 0.00058882441037327014, 
  "vy": -0.00034566990285563384
}