{
  "t": 0.26, 
  "vh": -0.001728157077044798, 
  "vx": 0.0010057201227996618, 
  "vy": -0.0013169999864653631
}