{
  "t": 0.18000000000000002, 
  "vh": 0.0049226206951119003, 
  "vx": -0.00029834661630925472, 
  "vy": 0.0012953612261669342
}