{
  "covariance": {
    "row_0": [
      1.7672939642427336e-05, 
      -1.4402447376258618e-06, 
      -2.2420922288619655e-07
    ], 
    "row_1": [
      -1.4402447376258601e-06, 
      3.1269818766749924e-05, 
      9.3657236011832237e-06
    ], 
    "row_2": [
      -2.2420922288619867e-07, 
      9.3657236011831356e-06, 
      0.0006539773298109634
    ]
  }, 
  "h": 2.7873411246887057, 
  "t": 0.26000000000000006, 
  "x": -0.047888157849345671, 
  "y": 0.18699476236122475
}