{
  "covariance": {
    "row_0": [
      1.7797365595830569e-05, 
      -1.0026589103626798e-06, 
      -1.0904598459009406e-07
    ], 
    "row_1": [
      -1.0026589103626815e-06, 
      2.7711444530303531e-05, 
      5.478378634405147e-06
    ], 
    "row_2": [
      -1.0904598459009406e-07, 
      5.4783786344050699e-06, 
      0.00039389593054768026
    ]
  }, 
  "h": 2.793348273681147, 
  "t": 0.50000000000000022, 
  "x": -0.049368757212986877, 
  "y": 0.1843870345575459
}