{
  "t": 0.3000000000000001, 
  "vh": 0.012952231158850183, 
  "vx": 0.00010136509307557194, 
  "vy": 0.00020319388574527344
}