{
  "t": 0.060000000000000005, 
  "vh": 0.010226449015072079, 
  "vx": 0.0017011217719649144, 
  "vy": 0.0019121080634481192
}