{
  "covariance": {
    "row_0": [
      3.07703516680332e-05, 
      -3.6609166594855844e-06, 
      -5.8354131898671277e-07
    ], 
    "row_1": [
      -3.6609166594855844e-06, 
      5.6332214358901854e-05, 
      1.7380967172259716e-05
    ], 
    "row_2": [
      -5.8354131898676698e-07, 
      1.7380967172259608e-05, 
      0.0012047071729962271
    ]
  }, 
  "h": 2.7764770874263229, 
  "t": 0.20000000000000004, 
  "x": -0.05449844817285792, 
  "y": 0.18928208875045033
}