{
  "covariance": {
    "row_0": [
      2.254637033413569e-05, 
      -3.211929952116223e-06, 
      -5.6493704293633149e-07
    ], 
    "row_1": [
      -3.211929952116223e-06, 
      4.4989949373405112e-05, 
      1.6722024448850263e-05
    ], 
    "row_2": [
      -5.649370429363857e-07, 
      1.6722024448850154e-05, 
      0.0011498168586513693
    ]
  }, 
  "h": 2.7762266079585065, 
  "t": 0.11999999999999998, 
  "x": -0.054489031958702965, 
  "y": 0.18931445166872099
}