{
  "covariance": {
    "row_0": [
      1.7822319736643513e-05, 
      -1.1263564380452772e-06, 
      -1.4504765803021411e-07
    ], 
    "row_1": [
      -1.1263564380452763e-06, 
      2.8979690176239722e-05, 
      6.8143863086398981e-06
    ], 
    "row_2": [
      -1.450476580302139e-07, 
      6.8143863086398159e-06, 
      0.00048312138923857712
    ]
  }, 
  "h": 2.7913792187587392, 
  "t": 0.39000000000000018, 
  "x": -0.047234215362439887, 
  "y": 0.18512351607867161
}