{
  "t": 0.31, 
  "vh": 0.013002990435294227, 
  "vx": 0.0016245899735377685, 
  "vy": -0.00012042564390458736
}