{
  "t": 0.31000000000000011, 
  "vh": -0.010001138486976591, 
  "vx": -0.00042161550720174129, 
  "vy": 0.0010145714349596737
}