{
  "covariance": {
    "row_0": [
      1.5380309050835723e-05, 
      -1.056000528336315e-06, 
      -1.4239471327436143e-07
    ], 
    "row_1": [
      -1.0560005283363142e-06, 
      2.584394968972378e-05, 
      6.6649312215158795e-06
    ], 
    "row_2": [
      -1.4239471327436121e-07, 
      6.6649312215157973e-06, 
      0.0004700242228915296
    ]
  }, 
  "h": 2.7912588550954771, 
  "t": 0.36000000000000015, 
  "x": -0.047231784397933546, 
  "y": 0.18509365833121391
}