{
  "covariance": {
    "row_0": [
      1.4606305488899795e-05, 
      -1.0325485584333277e-06, 
      -1.4151039835574387e-07
    ], 
    "row_1": [
      -1.0325485584333268e-06, 
      2.4838702860885136e-05, 
      6.6151128591412069e-06
    ], 
    "row_2": [
      -1.4151039835574366e-07, 
      6.6151128591411247e-06, 
      0.00046569850077584713
    ]
  }, 
  "h": 2.7912216720609533, 
  "t": 0.35000000000000014, 
  "x": -0.04722829518748177, 
  "y": 0.1850817922045295
}