{
  "covariance": {
    "row_0": [
      1.1016107159709121e-05, 
      -8.1234725628832371e-07, 
      -1.0261474601734775e-07
    ], 
    "row_1": [
      -8.123472562883254e-07, 
      1.9056002843701466e-05, 
      5.0855995233987621e-06
    ], 
    "row_2": [
      -1.0261474601734775e-07, 
      5.085599523398685e-06, 
      0.00035898382957106354
    ]
  }, 
  "h": 2.7936833548193949, 
  "t": 0.4100000000000002, 
  "x": -0.049367374679266607, 
  "y": 0.1843721168574334
}