{
  "t": 0.050000000000000003, 
  "vh": -0.0039146169052854856, 
  "vx": 0.0015563250716684237, 
  "vy": -0.0012312704545663585
}