{
  "covariance": {
    "row_0": [
      1.3721596351598684e-05, 
      -1.2932153584623379e-06, 
      -2.1816300926503653e-07
    ], 
    "row_1": [
      -1.2932153584623362e-06, 
      2.5937898232003858e-05, 
      9.0651170939466304e-06
    ], 
    "row_2": [
      -2.1816300926503865e-07, 
      9.0651170939465423e-06, 
      0.00062865611691477756
    ]
  }, 
  "h": 2.7874229123897427, 
  "t": 0.21000000000000005, 
  "x": -0.047909796253590729, 
  "y": 0.18702246601025382
}