{
  "t": 0.49000000000000027, 
  "vh": -0.013303653542621308, 
  "vx": -0.00033980369774625109, 
  "vy": -9.5102824054258599e-05
}