{
  "t": 0.17, 
  "vh": 0.0034297239814095166, 
  "vx": -0.0010817330102699822, 
  "vy": -0.00081946239934922727
}