{
  "t": 0.37, 
  "vh": 0.011541766329894228, 
  "vx": -0.0017222427741195533, 
  "vy": -0.0014070253772219424
}