{
  "covariance": {
    "row_0": [
      2.6498361001084446e-05, 
      -3.4364233058009035e-06, 
      -5.7423918096152213e-07
    ], 
    "row_1": [
      -3.4364233058009035e-06, 
      5.0501081866153481e-05, 
      1.705149581055499e-05
    ], 
    "row_2": [
      -5.7423918096157634e-07, 
      1.7051495810554881e-05, 
      0.0011771020158237982
    ]
  }, 
  "h": 2.776185613996788, 
  "t": 0.16, 
  "x": -0.054476351025178171, 
  "y": 0.18928868318608172
}