{
  "covariance": {
    "row_0": [
      0.0025908100000000029, 
      0.0, 
      0.0
    ], 
    "row_1": [
      0.0, 
      0.0025908100000000029, 
      0.0
    ], 
    "row_2": [
      0.0, 
      0.0, 
      0.010180810000000007
    ]
  }, 
  "h": 2.7660693602477546, 
  "t": 0.089999999999999997, 
  "x": -0.13295321112285025, 
  "y": 0.24631155214266126
}