{
  "t": 0.089999999999999997, 
  "vh": 0.010732169994485403, 
  "vx": 0.00058543572527055849, 
  "vy": 0.00017544536059401809
}