{
  "covariance": {
    "raw_0": [
      1.7438296931941046e-05, 
      -1.557824093283335e-06, 
      5.5762093425546332e-07
    ], 
    "raw_1": [
      -1.5578240932833346e-06, 
      1.5503757498886049e-05, 
      1.3228753236656826e-06
    ], 
    "raw_2": [
      5.5762093425546354e-07, 
      1.3228753236656832e-06, 
      0.00033472232266072878
    ]
  }, 
  "h": 2.0933405800336851, 
  "t": 0.39000000000000012, 
  "x": -0.96613165938103551, 
  "y": -0.28572803266899788
}