{
  "t": 0.35000000000000014, 
  "vh": -0.0057598188869309305, 
  "vx": -0.00093395586942064137, 
  "vy": -0.00090115575451911814
}