{
  "covariance": {
    "raw_0": [
      2.3541184114949866e-05, 
      -4.4437756819023043e-06, 
      1.1250213785085176e-06
    ], 
    "raw_1": [
      -4.443775681902306e-06, 
      2.1244712026763401e-05, 
      2.9562328972209256e-06
    ], 
    "raw_2": [
      1.1250213785085176e-06, 
      2.9562328972209265e-06, 
      0.00080314759974171521
    ]
  }, 
  "h": 2.0948321521925286, 
  "t": 0.13999999999999999, 
  "x": -0.96930624775175522, 
  "y": -0.29055955204310557
}