{
  "covariance": {
    "row_0": [
      2.0681508789621491e-05, 
      -3.099135195797119e-06, 
      -5.602632636258233e-07
    ], 
    "row_1": [
      -3.099135195797119e-06, 
      4.2341710417393004e-05, 
      1.6556484394556244e-05
    ], 
    "row_2": [
      -5.6026326362587751e-07, 
      1.6556484394556135e-05, 
      0.0011362284481155767
    ]
  }, 
  "h": 2.7763903986777296, 
  "t": 0.099902343750000927, 
  "x": -0.054498118257710955, 
  "y": 0.18930876389473275
}