{
  "covariance": {
    "row_0": [
      0.0025100100000000005, 
      0.0, 
      0.0
    ], 
    "row_1": [
      0.0, 
      0.0025100100000000005, 
      0.0
    ], 
    "row_2": [
      0.0, 
      0.0, 
      0.010020010000000001
    ]
  }, 
  "h": 2.765661620363947, 
  "t": 0.01, 
  "x": -0.13300953898813364, 
  "y": 0.24627909145962054
}