{
  "t": 0.50000000000000022, 
  "vh": 0.0060929175511649572, 
  "vx": -0.00073262633763288845, 
  "vy": -0.0004658567964614459
}