{
  "covariance": {
    "row_0": [
      1.9393476958758803e-05, 
      -1.4990564892912699e-06, 
      -2.2662770833466058e-07
    ], 
    "row_1": [
      -1.4990564892912682e-06, 
      3.3542586980648344e-05, 
      9.4859662040778611e-06
    ], 
    "row_2": [
      -2.266277083346627e-07, 
      9.485966204077773e-06, 
      0.00066424581496943779
    ]
  }, 
  "h": 2.7874408790237326, 
  "t": 0.28000000000000008, 
  "x": -0.0478751903606911, 
  "y": 0.18700575861293217
}