{
  "t": 0.48000000000000026, 
  "vh": -0.00085206644670160784, 
  "vx": -0.002099416330662577, 
  "vy": 0.00033949455783184379
}