{
  "covariance": {
    "row_0": [
      2.9672354001296006e-05, 
      -3.6047933210644147e-06, 
      -5.8121578448041508e-07
    ], 
    "row_1": [
      -3.6047933210644147e-06, 
      5.4844431235714759e-05, 
      1.7298599331833534e-05
    ], 
    "row_2": [
      -5.8121578448046929e-07, 
      1.7298599331833425e-05, 
      0.0011977758837031199
    ]
  }, 
  "h": 2.7764051455592487, 
  "t": 0.19000000000000003, 
  "x": -0.05448131174336427, 
  "y": 0.18928025042020913
}