{
  "covariance": {
    "row_0": [
      2.3504368000872882e-05, 
      -3.2680532905373927e-06, 
      -5.6726257744262918e-07
    ], 
    "row_1": [
      -3.2680532905373927e-06, 
      4.6337732496592204e-05, 
      1.6804392289276445e-05
    ], 
    "row_2": [
      -5.6726257744268339e-07, 
      1.6804392289276337e-05, 
      0.0011566081479444765
    ]
  }, 
  "h": 2.7763535548198268, 
  "t": 0.12999999999999998, 
  "x": -0.054481223919729024, 
  "y": 0.18929968807548289
}