{
  "covariance": {
    "row_0": [
      1.6842670984261604e-05, 
      -1.4108388617931569e-06, 
      -2.2299998016196456e-07
    ], 
    "row_1": [
      -1.4108388617931552e-06, 
      3.0163434659800708e-05, 
      9.3056022997359068e-06
    ], 
    "row_2": [
      -2.2299998016196668e-07, 
      9.3056022997358187e-06, 
      0.0006488730872317263
    ]
  }, 
  "h": 2.7873847433181886, 
  "t": 0.25000000000000006, 
  "x": -0.047896480863186694, 
  "y": 0.18700354248381992
}