{
  "t": 0.25000000000000006, 
  "vh": -0.0060356211342369546, 
  "vx": 0.0014139107873785664, 
  "vy": -0.00033230505856617201
}