{
  "t": 0.27000000000000007, 
  "vh": 0.00046226539704805568, 
  "vx": 0.00034255934793980944, 
  "vy": 8.9124408109452139e-05
}