{
  "covariance": {
    "raw_0": [
      1.1404047153022751e-05, 
      -1.2499485942461499e-06, 
      5.1709055711693379e-07
    ], 
    "raw_1": [
      -1.2499485942461497e-06, 
      9.8520409330991749e-06, 
      1.2273005882797334e-06
    ], 
    "raw_2": [
      5.17090557116934e-07, 
      1.227300588279734e-06, 
      0.00030608983781967123
    ]
  }, 
  "h": 2.0929230456341363, 
  "t": 0.31000000000000005, 
  "x": -0.96611904022615813, 
  "y": -0.2856944832607351
}