{
  "t": 0.23000000000000007, 
  "vh": 0.0033789473109835455, 
  "vx": -0.0012336929633984485, 
  "vy": -0.0010727570399770522
}