{
  "covariance": {
    "row_0": [
      1.6174312612771652e-05, 
      -1.0794524982393023e-06, 
      -1.4327902819297898e-07
    ], 
    "row_1": [
      -1.0794524982393015e-06, 
      2.6869196518562426e-05, 
      6.7147495838905521e-06
    ], 
    "row_2": [
      -1.4327902819297877e-07, 
      6.7147495838904699e-06, 
      0.00047436994500721206
    ]
  }, 
  "h": 2.7912861936402247, 
  "t": 0.37000000000000016, 
  "x": -0.047238175966686731, 
  "y": 0.18509918303783149
}