{
  "covariance": {
    "row_0": [
      0.0025300900000000013, 
      0.0, 
      0.0
    ], 
    "row_1": [
      0.0, 
      0.0025300900000000013, 
      0.0
    ], 
    "row_2": [
      0.0, 
      0.0, 
      0.010060090000000002
    ]
  }, 
  "h": 2.7658311689839339, 
  "t": 0.029999999999999999, 
  "x": -0.13299132008710357, 
  "y": 0.246298147003814
}