{
  "t": 0.14999999999999999, 
  "vh": -0.0091261402417721401, 
  "vx": -0.00037304027721196003, 
  "vy": -0.00021805899938119041
}