{
  "t": 0.33, 
  "vh": 0.0062496607042300204, 
  "vx": 0.00048854657519996835, 
  "vy": 0.00040586580994865919
}