{
  "t": 0.21000000000000002, 
  "vh": -0.0088573170379096441, 
  "vx": 0.0032425812809027304, 
  "vy": -0.00057801807962885074
}