{
  "covariance": {
    "raw_0": [
      1.282575321417533e-05, 
      -1.2161856607752166e-06, 
      4.4711229008585201e-07
    ], 
    "raw_1": [
      -1.2161856607752166e-06, 
      1.1165262210400437e-05, 
      1.031406048111472e-06
    ], 
    "raw_2": [
      4.4711229008585243e-07, 
      1.0314060481114726e-06, 
      0.00025616546463733396
    ]
  }, 
  "h": 2.0931521275090317, 
  "t": 0.44000000000000006, 
  "x": -0.96766542943645828, 
  "y": -0.28577108562105269
}