{
  "t": 0.31000000000000005, 
  "vh": 0.0065346475063277846, 
  "vx": -0.0001830356217523777, 
  "vy": -0.00051810432990026295
}