{
  "covariance": {
    "raw_0": [
      0.002560360000000002, 
      0.0, 
      0.0
    ], 
    "raw_1": [
      0.0, 
      0.002560360000000002, 
      0.0
    ], 
    "raw_2": [
      0.0, 
      0.0, 
      0.010120360000000005
    ]
  }, 
  "h": 2.1086101874242935, 
  "t": 0.059999999999999998, 
  "x": -0.96585206582056071, 
  "y": -0.32636941349177012
}