{
  "t": 0.099999999999999992, 
  "vh": 0.0017284424745990967, 
  "vx": -0.00010033198023989685, 
  "vy": -0.00058816580599143026
}