{
  "t": 0.080000000000000002, 
  "vh": 0.014462649213910963, 
  "vx": -0.00087379933754653735, 
  "vy": -0.00087593115561147741
}