{
  "t": 0.33000000000000013, 
  "vh": 0.0012751658735895553, 
  "vx": 0.0025814977082610139, 
  "vy": 0.0013753306861674422
}