{
  "covariance": {
    "raw_0": [
      1.5847271479092837e-05, 
      -1.3570664587876756e-06, 
      4.657637609949494e-07
    ], 
    "raw_1": [
      -1.3570664587876756e-06, 
      1.3994360548254974e-05, 
      1.0742368579312183e-06
    ], 
    "raw_2": [
      4.6576376099494982e-07, 
      1.0742368579312187e-06, 
      0.00026912951536404756
    ]
  }, 
  "h": 2.0935467724719503, 
  "t": 0.48000000000000009, 
  "x": -0.96766228747757632, 
  "y": -0.28580242641255843
}