{
  "covariance": {
    "row_0": [
      1.3096526638416273e-05, 
      -8.7578447431310875e-07, 
      -1.0475849220826317e-07
    ], 
    "row_1": [
      -8.7578447431311044e-07, 
      2.176115007256882e-05, 
      5.2165258937342232e-06
    ], 
    "row_2": [
      -1.0475849220826317e-07, 
      5.2165258937341461e-06, 
      0.00037044119656326908
    ]
  }, 
  "h": 2.7936577803720195, 
  "t": 0.44000000000000022, 
  "x": -0.049355053138211258, 
  "y": 0.18438119307433018
}