{
  "covariance": {
    "row_0": [
      1.3852301926963866e-05, 
      -1.0090965885303399e-06, 
      -1.4062608343712632e-07
    ], 
    "row_1": [
      -1.0090965885303391e-06, 
      2.3853456032046486e-05, 
      6.5652944967665343e-06
    ], 
    "row_2": [
      -1.4062608343712611e-07, 
      6.5652944967664522e-06, 
      0.00046139277866016464
    ]
  }, 
  "h": 2.7912792702498228, 
  "t": 0.34000000000000014, 
  "x": -0.047218955628787564, 
  "y": 0.18509080376207468
}