{
  "t": 0.44000000000000022, 
  "vh": -0.0073752043586282189, 
  "vx": 0.00053199170943520632, 
  "vy": -0.00027864181474316713
}