{
  "t": 0.41000000000000003, 
  "vh": 0.011969074574436609, 
  "vx": 1.0591001183257974e-05, 
  "vy": -0.0012418085700814172
}