{
  "t": 0.22, 
  "vh": -0.010785449234741848, 
  "vx": 0.00021213358183882824, 
  "vy": -0.0018236038552483613
}