{
  "covariance": {
    "raw_0": [
      1.0763215278086036e-05, 
      -1.1101811150051497e-06, 
      4.3307815108638685e-07
    ], 
    "raw_1": [
      -1.1101811150051497e-06, 
      9.2475089948208581e-06, 
      9.9917837333989177e-07
    ], 
    "raw_2": [
      4.3307815108638728e-07, 
      9.9917837333989241e-07, 
      0.0002466217535940083
    ]
  }, 
  "h": 2.0929081457339991, 
  "t": 0.40990234375001511, 
  "x": -0.96767172815461144, 
  "y": -0.28578949149370791
}