{
  "t": 0.21000000000000005, 
  "vh": 0.0012704782831754256, 
  "vx": -8.6849788383645701e-06, 
  "vy": -0.0006879537573440534
}