{
  "t": 0.01, 
  "vh": 0.0045346998988752179, 
  "vx": -0.0011953574809223358, 
  "vy": 0.0018591684322901117
}