{
  "t": 0.4100000000000002, 
  "vh": 0.0026249156941997704, 
  "vx": -0.00099766162759345784, 
  "vy": 0.0011311560691955515
}