{
  "covariance": {
    "row_0": [
      1.6032402326095882e-05, 
      -1.3814329859604519e-06, 
      -2.2179073743773255e-07
    ], 
    "row_1": [
      -1.3814329859604502e-06, 
      2.9077050552851499e-05, 
      9.2454809982885881e-06
    ], 
    "row_2": [
      -2.2179073743773467e-07, 
      9.2454809982885e-06, 
      0.00064378884465248907
    ]
  }, 
  "h": 2.7874450995295308, 
  "t": 0.24000000000000007, 
  "x": -0.047910619971060477, 
  "y": 0.1870068655344056
}