{
  "t": 0.16, 
  "vh": -0.00093042532200967383, 
  "vx": 0.00096916708638607608, 
  "vy": -0.00069438365090533486
}