{
  "covariance": {
    "row_0": [
      1.5356946117123424e-05, 
      -9.3922169233789453e-07, 
      -1.0690223839917864e-07
    ], 
    "row_1": [
      -9.3922169233789612e-07, 
      2.464629730143618e-05, 
      5.3474522640696868e-06
    ], 
    "row_2": [
      -1.0690223839917864e-07, 
      5.3474522640696097e-06, 
      0.00038207856355547474
    ]
  }, 
  "h": 2.7934289017055285, 
  "t": 0.47000000000000025, 
  "x": -0.049337038749326455, 
  "y": 0.18438924920817273
}