{
  "t": 0.47, 
  "vh": 0.015757662462680816, 
  "vx": -0.00052717321337963528, 
  "vy": -0.00011638016389940374
}