{
  "t": 0.01, 
  "vh": 0.009373823877740408, 
  "vx": 5.4925731731949135e-05, 
  "vy": 0.0010430293226992055
}