{
  "t": 0.11, 
  "vh": 0.0047458535010482588, 
  "vx": -0.0013994292296399334, 
  "vy": 0.0022261339446252369
}