{
  "t": 0.23, 
  "vh": 0.005040522234312084, 
  "vx": 0.0017495704536207061, 
  "vy": -0.00074495679981787335
}