{
  "t": 0.38000000000000017, 
  "vh": 0.00032681645673614626, 
  "vx": 0.00061207294385035916, 
  "vy": 0.00289397991838433
}