{
  "t": 0.24000000000000007, 
  "vh": -0.0013133239975327076, 
  "vx": 0.0010145279622014026, 
  "vy": -0.00075102858570176784
}