{
  "t": 0.02, 
  "vh": 0.010935660512703416, 
  "vx": -0.00041355576481152631, 
  "vy": 0.0014512682364551473
}