{
  "t": 0.41000000000000003, 
  "vh": 0.0025037955252455025, 
  "vx": -0.00029818160340347092, 
  "vy": -0.0015250580903115023
}