{
  "covariance": {
    "row_0": [
      2.1194014275090262e-05, 
      -1.5578682409566792e-06, 
      -2.2904619378312464e-07
    ], 
    "row_1": [
      -1.5578682409566775e-06, 
      3.589535519454677e-05, 
      9.6062088069725001e-06
    ], 
    "row_2": [
      -2.2904619378312676e-07, 
      9.606208806972412e-06, 
      0.00067459430012791225
    ]
  }, 
  "h": 2.7875997527164307, 
  "t": 0.3000000000000001, 
  "x": -0.047872539137905012, 
  "y": 0.18701009944710914
}