{
  "t": 0.42000000000000021, 
  "vh": -0.0027725683661162753, 
  "vx": -0.00078925122427056071, 
  "vy": 0.00081635693850645415
}