{
  "covariance": {
    "raw_0": [
      0.0025502500000000017, 
      0.0, 
      0.0
    ], 
    "raw_1": [
      0.0, 
      0.0025502500000000017, 
      0.0
    ], 
    "raw_2": [
      0.0, 
      0.0, 
      0.010100250000000003
    ]
  }, 
  "h": 2.1085164491855162, 
  "t": 0.050000000000000003, 
  "x": -0.96585261507787801, 
  "y": -0.32637984378499713
}