{
  "covariance": {
    "raw_0": [
      1.5536796068572293e-05, 
      -1.8379983420330444e-06, 
      6.9326175948041663e-07
    ], 
    "raw_1": [
      -1.8379983420330442e-06, 
      1.3726397949370473e-05, 
      1.7184111921500651e-06
    ], 
    "raw_2": [
      6.9326175948041684e-07, 
      1.7184111921500662e-06, 
      0.00044021727083455689
    ]
  }, 
  "h": 2.0928960805373165, 
  "t": 0.24000000000000005, 
  "x": -0.96619361152908323, 
  "y": -0.28992766662257241
}