{
  "t": 0.27, 
  "vh": 0.0048734341200171623, 
  "vx": -0.00080756923297048812, 
  "vy": 0.0016106144335873117
}