{
  "covariance": {
    "raw_0": [
      1.6614015709576259e-05, 
      -1.519339655903688e-06, 
      5.5255463711314718e-07
    ], 
    "raw_1": [
      -1.5193396559036876e-06, 
      1.472729292816269e-05, 
      1.3109284817424389e-06
    ], 
    "raw_2": [
      5.525546371131474e-07, 
      1.3109284817424395e-06, 
      0.0003310732620555966
    ]
  }, 
  "h": 2.0931882918713045, 
  "t": 0.38000000000000012, 
  "x": -0.96612795747678337, 
  "y": -0.28572719495408588
}