{
  "covariance": {
    "raw_0": [
      1.4759958389330913e-05, 
      -1.7897716229492103e-06, 
      6.8756151077144555e-07
    ], 
    "raw_1": [
      -1.7897716229492101e-06, 
      1.299711817214633e-05, 
      1.7044286126793685e-06
    ], 
    "raw_2": [
      6.8756151077144576e-07, 
      1.7044286126793695e-06, 
      0.00043603102693935507
    ]
  }, 
  "h": 2.0929846537076955, 
  "t": 0.23000000000000004, 
  "x": -0.96622603734189227, 
  "y": -0.28992188644177613
}