{
  "covariance": {
    "row_0": [
      1.5242133667930151e-05, 
      -1.3520271101277472e-06, 
      -2.2058149471350051e-07
    ], 
    "row_1": [
      -1.3520271101277455e-06, 
      2.8010666445902287e-05, 
      9.1853596968412677e-06
    ], 
    "row_2": [
      -2.2058149471350262e-07, 
      9.1853596968411796e-06, 
      0.00063872460207325184
    ]
  }, 
  "h": 2.7874582327695063, 
  "t": 0.23000000000000007, 
  "x": -0.047920765250682493, 
  "y": 0.18701437582026262
}