{
  "t": 0.21000000000000002, 
  "vh": 0.0013508594527201938, 
  "vx": 0.00020698786539431432, 
  "vy": 0.0018612639781101848
}