{
  "covariance": {
    "row_0": [
      1.3829999797985324e-05, 
      -8.9693021365470422e-07, 
      -1.0547307427190164e-07
    ], 
    "row_1": [
      -8.9693021365470581e-07, 
      2.2702865815524609e-05, 
      5.2601680171793766e-06
    ], 
    "row_2": [
      -1.0547307427190164e-07, 
      5.2601680171792995e-06, 
      0.00037430031889400424
    ]
  }, 
  "h": 2.79341047066093, 
  "t": 0.45000000000000023, 
  "x": -0.049337104934052536, 
  "y": 0.18438924272624216
}