{
  "covariance": {
    "row_0": [
      1.2383053478847222e-05, 
      -8.5463873497151402e-07, 
      -1.0404391014462467e-07
    ], 
    "row_1": [
      -8.5463873497151571e-07, 
      2.0839434329613038e-05, 
      5.1728837702890689e-06
    ], 
    "row_2": [
      -1.0404391014462467e-07, 
      5.1728837702889918e-06, 
      0.00036660207423253385
    ]
  }, 
  "h": 2.7937315324156056, 
  "t": 0.43000000000000022, 
  "x": -0.049360373055305613, 
  "y": 0.18438397949247762
}