{
  "covariance": {
    "row_0": [
      2.4482365667610073e-05, 
      -3.324176628958562e-06, 
      -5.6958811194892676e-07
    ], 
    "row_1": [
      -3.324176628958562e-06, 
      4.7705515619779293e-05, 
      1.6886760129702624e-05
    ], 
    "row_2": [
      -5.6958811194898097e-07, 
      1.6886760129702516e-05, 
      0.0011634194372375836
    ]
  }, 
  "h": 2.7762861796524256, 
  "t": 0.13999999999999999, 
  "x": -0.054482312293269913, 
  "y": 0.18929780761258461
}