{
  "covariance": {
    "row_0": [
      2.1608372667398501e-05, 
      -3.1558066136950533e-06, 
      -5.6261150843003391e-07
    ], 
    "row_1": [
      -3.1558066136950533e-06, 
      4.3662166250218022e-05, 
      1.6639656608424083e-05
    ], 
    "row_2": [
      -5.6261150843008812e-07, 
      1.6639656608423975e-05, 
      0.0011430455693582622
    ]
  }, 
  "h": 2.7762131014404714, 
  "t": 0.10999999999999999, 
  "x": -0.054476587141146858, 
  "y": 0.18932036158417634
}