{
  "covariance": {
    "row_0": [
      1.2404294803092006e-05, 
      -9.6219264872436446e-07, 
      -1.3885745359989117e-07
    ], 
    "row_1": [
      -9.6219264872436361e-07, 
      2.1942962374369185e-05, 
      6.4656577720171875e-06
    ], 
    "row_2": [
      -1.3885745359989095e-07, 
      6.4656577720171053e-06, 
      0.00045284133442879954
    ]
  }, 
  "h": 2.7913007915776284, 
  "t": 0.32000000000000012, 
  "x": -0.047244075774484376, 
  "y": 0.1850759216614857
}