{
  "covariance": {
    "row_0": [
      1.4583472957554374e-05, 
      -9.1807595299629895e-07, 
      -1.0618765633554014e-07
    ], 
    "row_1": [
      -9.1807595299630054e-07, 
      2.3664581558480391e-05, 
      5.3038101406245317e-06
    ], 
    "row_2": [
      -1.0618765633554014e-07, 
      5.3038101406244546e-06, 
      0.0003781794412247395
    ]
  }, 
  "h": 2.793428212818168, 
  "t": 0.46000000000000024, 
  "x": -0.049350610599468263, 
  "y": 0.18438758855648232
}