{
  "covariance": {
    "row_0": [
      1.3118298365027936e-05, 
      -9.856446186273522e-07, 
      -1.3974176851850877e-07
    ], 
    "row_1": [
      -9.8564461862735135e-07, 
      2.2888209203207836e-05, 
      6.5154761343918617e-06
    ], 
    "row_2": [
      -1.3974176851850856e-07, 
      6.5154761343917796e-06, 
      0.00045710705654448215
    ]
  }, 
  "h": 2.7913135432363645, 
  "t": 0.33000000000000013, 
  "x": -0.047218260797401768, 
  "y": 0.18508967496834738
}