{
  "t": 0.41000000000000003, 
  "vh": 0.0032558327472358897, 
  "vx": 3.0598860706914751e-06, 
  "vy": 0.0017187835865978367
}