{
  "covariance": {
    "row_0": [
      2.7536358667821638e-05, 
      -3.4925466442220741e-06, 
      -5.7656471546781982e-07
    ], 
    "row_1": [
      -3.4925466442220741e-06, 
      5.1928864989340579e-05, 
      1.7133863650981172e-05
    ], 
    "row_2": [
      -5.7656471546787403e-07, 
      1.7133863650981064e-05, 
      0.0011839733051169055
    ]
  }, 
  "h": 2.7764339225687111, 
  "t": 0.17000000000000001, 
  "x": -0.054473710835332416, 
  "y": 0.18927834018377757
}