{
  "covariance": {
    "raw_0": [
      1.1434994081716572e-05, 
      -1.1457452617689855e-06, 
      4.3778655463130329e-07
    ], 
    "raw_1": [
      -1.1457452617689855e-06, 
      9.8707130414731649e-06, 
      1.0099906432015988e-06
    ], 
    "raw_2": [
      4.3778655463130371e-07, 
      1.0099906432015995e-06, 
      0.00024980343927397716
    ]
  }, 
  "h": 2.0929392017931594, 
  "t": 0.42000000000000004, 
  "x": -0.96767171199898128, 
  "y": -0.28577212522531265
}