{
  "covariance": {
    "raw_0": [
      2.8619925866066583e-05, 
      -4.9162138835181048e-06, 
      1.1602259467638973e-06
    ], 
    "raw_1": [
      -4.9162138835181064e-06, 
      2.6078745282763546e-05, 
      3.0465284137323087e-06
    ], 
    "raw_2": [
      1.1602259467638973e-06, 
      3.0465284137323096e-06, 
      0.00083173729287872294
    ]
  }, 
  "h": 2.0946753261982423, 
  "t": 0.18999999999999995, 
  "x": -0.96930432147937973, 
  "y": -0.29053435200158778
}