{
  "t": 0.28, 
  "vh": 0.0027959003872065047, 
  "vx": -0.001262788577859279, 
  "vy": -0.00041084684300647336
}