{
  "t": 0.01, 
  "vh": 0.017830721005527489, 
  "vx": 0.00086701729262662344, 
  "vy": -0.0010376136504507624
}