{
  "t": 0.16, 
  "vh": -0.0044160514420980472, 
  "vx": 0.00012854674437801341, 
  "vy": -0.00026785237293512133
}