{
  "t": 0.029999999999999999, 
  "vh": 0.0060192014860045552, 
  "vx": 0.0022354458678188168, 
  "vy": 0.00045428618289122152
}