{
  "t": 0.19000000000000003, 
  "vh": -0.0078003216413563429, 
  "vx": -0.00046174418687615994, 
  "vy": -0.001104337583011862
}