{
  "covariance": {
    "raw_0": [
      1.2120373647945952e-05, 
      -1.180965461272101e-06, 
      4.4244942235857765e-07
    ], 
    "raw_1": [
      -1.180965461272101e-06, 
      1.0507987625936802e-05, 
      1.0206983456565351e-06
    ], 
    "raw_2": [
      4.4244942235857807e-07, 
      1.0206983456565357e-06, 
      0.00025297445195565557
    ]
  }, 
  "h": 2.0930324367632873, 
  "t": 0.43000000000000005, 
  "x": -0.96766553534647015, 
  "y": -0.2857586675353519
}