{
  "covariance": {
    "row_0": [
      1.1710291241156076e-05, 
      -9.3874067882137671e-07, 
      -1.3797313868127361e-07
    ], 
    "row_1": [
      -9.3874067882137587e-07, 
      2.1017715545530534e-05, 
      6.4158394096425157e-06
    ], 
    "row_2": [
      -1.379731386812734e-07, 
      6.4158394096424336e-06, 
      0.00044859561231311708
    ]
  }, 
  "h": 2.7913481987325253, 
  "t": 0.31000000000000011, 
  "x": -0.047249964018588109, 
  "y": 0.18507937836051427
}