{
  "covariance": {
    "row_0": [
      0.0025200400000000007, 
      0.0, 
      0.0
    ], 
    "row_1": [
      0.0, 
      0.0025200400000000007, 
      0.0
    ], 
    "row_2": [
      0.0, 
      0.0, 
      0.010040040000000002
    ]
  }, 
  "h": 2.7657709769690739, 
  "t": 0.02, 
  "x": -0.13301367454578175, 
  "y": 0.24629360414198509
}