{
  "t": 0.46, 
  "vh": 0.015736247654206587, 
  "vx": 0.00070724712387090099, 
  "vy": -0.0025121763202912706
}