{
  "covariance": {
    "raw_0": [
      0.0025200400000000007, 
      0.0, 
      0.0
    ], 
    "raw_1": [
      0.0, 
      0.0025200400000000007, 
      0.0
    ], 
    "raw_2": [
      0.0, 
      0.0, 
      0.010040040000000002
    ]
  }, 
  "h": 2.1082886426392839, 
  "t": 0.02, 
  "x": -0.96585106951674093, 
  "y": -0.32638767997143864
}