{
  "t": 0.29000000000000009, 
  "vh": 0.0029351381109627784, 
  "vx": 0.00016375718553312667, 
  "vy": 0.00023088953195078417
}