{
  "t": 0.45000000000000023, 
  "vh": -0.024730971108975326, 
  "vx": 0.0017948204158723734, 
  "vy": 0.00080496519119659723
}