{
  "covariance": {
    "row_0": [
      1.8523208300593068e-05, 
      -1.4696506134585663e-06, 
      -2.2541846561042857e-07
    ], 
    "row_1": [
      -1.4696506134585646e-06, 
      3.2396202873699136e-05, 
      9.4258449026305424e-06
    ], 
    "row_2": [
      -2.2541846561043068e-07, 
      9.4258449026304543e-06, 
      0.0006591015723902006
    ]
  }, 
  "h": 2.7873457473426759, 
  "t": 0.27000000000000007, 
  "x": -0.047884732255866272, 
  "y": 0.18699565360530584
}