{
  "t": 0.01, 
  "vh": -0.0028916082024450051, 
  "vx": -0.00058213072885088626, 
  "vy": 0.00038058627626259747
}