{
  "covariance": {
    "row_0": [
      1.2984294773492096e-05, 
      -1.2635223158734439e-06, 
      -2.1694195752982518e-07
    ], 
    "row_1": [
      -1.2635223158734422e-06, 
      2.4921784765184162e-05, 
      9.0044086704148395e-06
    ], 
    "row_2": [
      -2.169419575298273e-07, 
      9.0044086704147514e-06, 
      0.0006236031033890248
    ]
  }, 
  "h": 2.7874100835367659, 
  "t": 0.19990234374999627, 
  "x": -0.047909708555659881, 
  "y": 0.18702941273081139
}