{
  "t": 0.01, 
  "vh": 0.023282314851152976, 
  "vx": 0.00071776086927046844, 
  "vy": -0.001109367994704016
}