{
  "t": 0.29, 
  "vh": -0.018116095325427205, 
  "vx": 0.00034740000614958311, 
  "vy": 0.00013728695795735613
}