{
  "covariance": {
    "row_0": [
      1.009729345452171e-05, 
      -7.3758661826195181e-07, 
      -8.3799910896251081e-08
    ], 
    "row_1": [
      -7.3758661826195096e-07, 
      1.7325069499834321e-05, 
      4.2669199751673169e-06
    ], 
    "row_2": [
      -8.3799910896251187e-08, 
      4.2669199751672432e-06, 
      0.00030301019468697524
    ]
  }, 
  "h": 2.794044108924866, 
  "t": 0.4999023437500153, 
  "x": -0.050311611763349057, 
  "y": 0.18167229385279199
}