{
  "covariance": {
    "row_0": [
      2.5480363334347258e-05, 
      -3.3802999673797325e-06, 
      -5.7191364645522445e-07
    ], 
    "row_1": [
      -3.3802999673797325e-06, 
      4.9093298742966385e-05, 
      1.6969127970128807e-05
    ], 
    "row_2": [
      -5.7191364645527866e-07, 
      1.6969127970128699e-05, 
      0.0011702507265306909
    ]
  }, 
  "h": 2.7761949182500079, 
  "t": 0.14999999999999999, 
  "x": -0.054486042696042035, 
  "y": 0.18929562702259078
}