{
  "t": 0.37000000000000016, 
  "vh": 0.0027338544747529682, 
  "vx": -0.00063915687531878836, 
  "vy": 0.00055247066175661977
}