{
  "covariance": {
    "row_0": [
      1.8676323298579442e-05, 
      -1.1498084079482649e-06, 
      -1.4593197294883169e-07
    ], 
    "row_1": [
      -1.1498084079482641e-06, 
      3.0064937005078371e-05, 
      6.8642046710145715e-06
    ], 
    "row_2": [
      -1.4593197294883147e-07, 
      6.8642046710144893e-06, 
      0.00048752711135425966
    ]
  }, 
  "h": 2.7913405101157753, 
  "t": 0.40000000000000019, 
  "x": -0.047227766584867957, 
  "y": 0.18514722421111424
}