{
  "covariance": {
    "row_0": [
      1.1029804223109681e-05, 
      -9.1505968577479651e-07, 
      -1.3708018787477854e-07
    ], 
    "row_1": [
      -9.1505968577479566e-07, 
      2.0103727025552988e-05, 
      6.3655345398227573e-06
    ], 
    "row_2": [
      -1.3708018787477833e-07, 
      6.3655345398226752e-06, 
      0.00044432872198982125
    ]
  }, 
  "h": 2.7914491867910756, 
  "t": 0.2999023437499963, 
  "x": -0.047245706690126711, 
  "y": 0.18506913356692298
}