{
  "covariance": {
    "row_0": [
      1.0356351036241442e-05, 
      -7.909950155860018e-07, 
      -1.0189318561324515e-07
    ], 
    "row_1": [
      -7.9099501558600349e-07, 
      1.8185970517868971e-05, 
      5.041531207341905e-06
    ], 
    "row_2": [
      -1.0189318561324515e-07, 
      5.0415312073418279e-06, 
      0.00035516790035874723
    ]
  }, 
  "h": 2.7936568493230296, 
  "t": 0.39990234375001527, 
  "x": -0.04935730063509737, 
  "y": 0.1843606948322816
}