{
  "covariance": {
    "row_0": [
      1.6150419276692476e-05, 
      -9.6036743167948947e-07, 
      -1.0761682046281712e-07
    ], 
    "row_1": [
      -9.6036743167949117e-07, 
      2.5648013044391965e-05, 
      5.3910943875148402e-06
    ], 
    "row_2": [
      -1.0761682046281712e-07, 
      5.3910943875147631e-06, 
      0.00038599768588620993
    ]
  }, 
  "h": 2.7934203810410616, 
  "t": 0.48000000000000026, 
  "x": -0.049358032912633083, 
  "y": 0.18439264415375106
}