{
  "t": 0.35, 
  "vh": 0.01030929310513394, 
  "vx": 0.00038486712110765683, 
  "vy": -0.00037167375897057822
}