{
  "covariance": {
    "raw_0": [
      1.9720984464779202e-05, 
      -2.0791319374522168e-06, 
      7.2176300302527182e-07
    ], 
    "raw_1": [
      -2.0791319374522163e-06, 
      1.7672796835491185e-05, 
      1.7883240895035449e-06
    ], 
    "raw_2": [
      7.2176300302527204e-07, 
      1.788324089503546e-06, 
      0.00046144849031056574
    ]
  }, 
  "h": 2.0927088812516357, 
  "t": 0.29000000000000009, 
  "x": -0.96619789841254677, 
  "y": -0.28991817464848363
}