{
  "covariance": {
    "raw_0": [
      1.3266283030848154e-05, 
      -1.6933181847815449e-06, 
      6.7616101335350349e-07
    ], 
    "raw_1": [
      -1.6933181847815449e-06, 
      1.1598558617698046e-05, 
      1.6764634537379758e-06
    ], 
    "raw_2": [
      6.761610133535037e-07, 
      1.6764634537379769e-06, 
      0.0004277185391489515
    ]
  }, 
  "h": 2.0930421029776998, 
  "t": 0.21000000000000002, 
  "x": -0.96624565438224685, 
  "y": -0.28989620083522544
}