{
  "t": 0.36000000000000015, 
  "vh": 0.0037183034523735627, 
  "vx": -0.00034892104517749936, 
  "vy": 0.001186612668441526
}