{
  "t": 0.43, 
  "vh": 0.0093234970127810089, 
  "vx": 0.00061766525110713204, 
  "vy": 0.0013457689960724953
}