{
  "covariance": {
    "raw_0": [
      2.0733939064279831e-05, 
      -4.1603127609328225e-06, 
      1.1038986375552898e-06
    ], 
    "raw_1": [
      -4.1603127609328242e-06, 
      1.8584292073163307e-05, 
      2.9020555873140964e-06
    ], 
    "raw_2": [
      1.1038986375552898e-06, 
      2.9020555873140972e-06, 
      0.00078623378385951073
    ]
  }, 
  "h": 2.0945655113054116, 
  "t": 0.11, 
  "x": -0.96933498615135982, 
  "y": -0.29054944165160446
}