{
  "covariance": {
    "raw_0": [
      1.7478030611551598e-05, 
      -1.4275068577939095e-06, 
      4.7508949644949818e-07
    ], 
    "raw_1": [
      -1.4275068577939095e-06, 
      1.5528909717182242e-05, 
      1.0956522628410919e-06
    ], 
    "raw_2": [
      4.750894964494986e-07, 
      1.0956522628410923e-06, 
      0.0002757315407274044
    ]
  }, 
  "h": 2.0936141326705253, 
  "t": 0.50000000000000011, 
  "x": -0.96766774675543932, 
  "y": -0.28581991736253942
}