{
  "covariance": {
    "row_0": [
      1.6988316174707584e-05, 
      -1.1029044681422894e-06, 
      -1.4416334311159656e-07
    ], 
    "row_1": [
      -1.1029044681422886e-06, 
      2.7914443347401072e-05, 
      6.7645679462652255e-06
    ], 
    "row_2": [
      -1.4416334311159634e-07, 
      6.7645679462651433e-06, 
      0.00047873566712289462
    ]
  }, 
  "h": 2.7912894618047921, 
  "t": 0.38000000000000017, 
  "x": -0.04723205523724823, 
  "y": 0.18512812283701532
}