{
  "covariance": {
    "raw_0": [
      0.0025704900000000025, 
      0.0, 
      0.0
    ], 
    "raw_1": [
      0.0, 
      0.0025704900000000025, 
      0.0
    ], 
    "raw_2": [
      0.0, 
      0.0, 
      0.010140490000000005
    ]
  }, 
  "h": 2.108646482743405, 
  "t": 0.070000000000000007, 
  "x": -0.96586360953847261, 
  "y": -0.32636471396421263
}