{
  "t": 0.31000000000000005, 
  "vh": -0.0035781259299492293, 
  "vx": -0.00074654426764301422, 
  "vy": -0.0015534475723087515
}