{
  "covariance": {
    "row_0": [
      1.1689580319278173e-05, 
      -8.3349299562991876e-07, 
      -1.0332932808098621e-07
    ], 
    "row_1": [
      -8.3349299562992045e-07, 
      1.9937718586657252e-05, 
      5.1292416468439146e-06
    ], 
    "row_2": [
      -1.0332932808098621e-07, 
      5.1292416468438376e-06, 
      0.00036278295190179867
    ]
  }, 
  "h": 2.7936556291357335, 
  "t": 0.42000000000000021, 
  "x": -0.049375267191509316, 
  "y": 0.18438028042681848
}