{
  "covariance": {
    "row_0": [
      1.4471865009764418e-05, 
      -1.3226212342950423e-06, 
      -2.1937225198926852e-07
    ], 
    "row_1": [
      -1.3226212342950406e-06, 
      2.6964282338953071e-05, 
      9.125238395393949e-06
    ], 
    "row_2": [
      -2.1937225198927064e-07, 
      9.1252383953938609e-06, 
      0.00063368035949401471
    ]
  }, 
  "h": 2.7874244432963966, 
  "t": 0.22000000000000006, 
  "x": -0.04790842832104851, 
  "y": 0.18702510339066239
}