{
  "t": 0.040000000000000001, 
  "vh": -0.011872779946323794, 
  "vx": 3.0880307358171442e-05, 
  "vy": 0.002346535473276839
}