{
  "t": 0.43000000000000022, 
  "vh": 0.0075903279871891872, 
  "vx": 0.0014894136203705498, 
  "vy": 0.00036990656591475265
}