{
  "t": 0.13999999999999999, 
  "vh": -0.0067375167401117512, 
  "vx": -0.00010883735408859213, 
  "vy": -0.00018804628982744615
}