{
  "t": 0.34000000000000014, 
  "vh": -0.0034272986541832211, 
  "vx": -6.948313857937142e-05, 
  "vy": 0.00011287937273027588
}