{
  "covariance": {
    "row_0": [
      0.002601000000000003, 
      0.0, 
      0.0
    ], 
    "row_1": [
      0.0, 
      0.002601000000000003, 
      0.0
    ], 
    "row_2": [
      0.0, 
      0.0, 
      0.010201000000000007
    ]
  }, 
  "h": 2.7660866446725008, 
  "t": 0.099999999999999992, 
  "x": -0.13295421444265265, 
  "y": 0.24630567048460134
}