{
  "covariance": {
    "row_0": [
      0.0025401600000000014, 
      0.0, 
      0.0
    ], 
    "row_1": [
      0.0, 
      0.0025401600000000014, 
      0.0
    ], 
    "row_2": [
      0.0, 
      0.0, 
      0.010080160000000003
    ]
  }, 
  "h": 2.7657124411844705, 
  "t": 0.040000000000000001, 
  "x": -0.13299101128402999, 
  "y": 0.24632161235854677
}