{
  "t": 0.22000000000000006, 
  "vh": 0.00015309066539701398, 
  "vx": 0.00013679325422223852, 
  "vy": 0.00026373804085655345
}