{
  "t": 0.36, 
  "vh": 0.0031745071801401888, 
  "vx": -0.00084068092917901217, 
  "vy": 0.0004495295071866945
}