{
  "t": 0.41, 
  "vh": -0.015383227515518426, 
  "vx": -0.00014789868077458342, 
  "vy": 0.001827149100443814
}