{
  "covariance": {
    "raw_0": [
      1.8282578154305832e-05, 
      -1.5963085306629821e-06, 
      5.6268723139777957e-07
    ], 
    "raw_1": [
      -1.5963085306629817e-06, 
      1.6300222069609412e-05, 
      1.3348221655889265e-06
    ], 
    "raw_2": [
      5.6268723139777978e-07, 
      1.3348221655889271e-06, 
      0.000338391383265861
    ]
  }, 
  "h": 2.0933047987743856, 
  "t": 0.40000000000000013, 
  "x": -0.96613912482371189, 
  "y": -0.28574356714472099
}