{
  "covariance": {
    "row_0": [
      2.8594356334558822e-05, 
      -3.548669982643245e-06, 
      -5.788902499741175e-07
    ], 
    "row_1": [
      -3.548669982643245e-06, 
      5.3376648112527674e-05, 
      1.7216231491407355e-05
    ], 
    "row_2": [
      -5.7889024997417171e-07, 
      1.7216231491407246e-05, 
      0.0011908645944100128
    ]
  }, 
  "h": 2.7764831487756623, 
  "t": 0.18000000000000002, 
  "x": -0.054476694301495508, 
  "y": 0.18929129379603923
}