{
  "covariance": {
    "raw_0": [
      1.506189191286346e-05, 
      -1.3218462592845613e-06, 
      4.6110089326767504e-07
    ], 
    "raw_1": [
      -1.3218462592845613e-06, 
      1.3257085963791339e-05, 
      1.0635291554762816e-06
    ], 
    "raw_2": [
      4.6110089326767546e-07, 
      1.0635291554762822e-06, 
      0.00026585850268236915
    ]
  }, 
  "h": 2.0934699746699974, 
  "t": 0.47000000000000008, 
  "x": -0.96765418940411008, 
  "y": -0.28580098688110278
}