{
  "t": 0.30, 
  "vh": -0.0022365591896948635, 
  "vx": -0.00054817819845749444, 
  "vy": 0.0019792676014159351
}