{
  "covariance": {
    "row_0": [
      0.0025806400000000025, 
      0.0, 
      0.0
    ], 
    "row_1": [
      0.0, 
      0.0025806400000000025, 
      0.0
    ], 
    "row_2": [
      0.0, 
      0.0, 
      0.010160640000000006
    ]
  }, 
  "h": 2.7659620385478099, 
  "t": 0.080000000000000002, 
  "x": -0.13295906548010294, 
  "y": 0.24630979768905531
}