{
  "t": 0.50, 
  "vh": 0.0042322243322416358, 
  "vx": -0.00024774618288585985, 
  "vy": -0.00022403690778828453
}