{
  "t": 0.11999999999999998, 
  "vh": 0.0013506518035061078, 
  "vx": -0.0012444817556109189, 
  "vy": -0.00059099154553464883
}