{
  "t": 0.20000000000000004, 
  "vh": 0.0071941867074270397, 
  "vx": -0.0017136429493649454, 
  "vy": 0.00018383302412130692
}