{
  "t": 0.19, 
  "vh": -0.0094656093831219715, 
  "vx": 0.00094366361909627953, 
  "vy": 0.0020159021730971863
}