{
  "t": 0.32, 
  "vh": -0.0029181993002705053, 
  "vx": 0.0013074287318372206, 
  "vy": -0.00089585406971876686
}