{
  "covariance": {
    "raw_0": [
      1.3516890820117109e-05, 
      -1.3654019063850934e-06, 
      5.3228944854388263e-07
    ], 
    "raw_1": [
      -1.3654019063850932e-06, 
      1.1821434645269252e-05, 
      1.2631411140494647e-06
    ], 
    "raw_2": [
      5.3228944854388284e-07, 
      1.2631411140494653e-06, 
      0.00031667701963506795
    ]
  }, 
  "h": 2.0928726897300893, 
  "t": 0.34000000000000008, 
  "x": -0.96610434655474398, 
  "y": -0.28570872221449684
}