{
  "covariance": {
    "raw_0": [
      1.3259185960310853e-05, 
      -1.692847220727973e-06, 
      6.7610534686220266e-07
    ], 
    "raw_1": [
      -1.692847220727973e-06, 
      1.159192597979765e-05, 
      1.6763269051103267e-06
    ], 
    "raw_2": [
      6.7610534686220287e-07, 
      1.6763269051103278e-06, 
      0.0004276781470958351
    ]
  }, 
  "h": 2.0930419710578314, 
  "t": 0.20990234374999622, 
  "x": -0.9662456745959056, 
  "y": -0.2898963825992858
}