{
  "t": 0.40000000000000019, 
  "vh": -0.0038708642963738772, 
  "vx": 0.00064487775719327496, 
  "vy": 0.0023708132442617586
}