{
  "covariance": {
    "row_0": [
      0.002560360000000002, 
      0.0, 
      0.0
    ], 
    "row_1": [
      0.0, 
      0.002560360000000002, 
      0.0
    ], 
    "row_2": [
      0.0, 
      0.0, 
      0.010120360000000005
    ]
  }, 
  "h": 2.7657755595055682, 
  "t": 0.060000000000000005, 
  "x": -0.13295843681559363, 
  "y": 0.24632842073463559
}