{
  "t": 0.46000000000000024, 
  "vh": 0.0017742157238101513, 
  "vx": -0.0013505665415726796, 
  "vy": -0.00016541697598382459
}