{
  "t": 0.39000000000000018, 
  "vh": 0.0089756953947229771, 
  "vx": -0.00021601251916580016, 
  "vy": -0.00046067583437016429
}