{
  "t": 0.47000000000000025, 
  "vh": 6.8888736043943265e-05, 
  "vx": 0.0013571850141810495, 
  "vy": 0.00016606516904047659
}