{
  "t": 0.17000000000000001, 
  "vh": 0.024830857192320491, 
  "vx": 0.00026401898457535368, 
  "vy": -0.0010343002304146844
}