{
  "covariance": {
    "raw_0": [
      1.4261172042481896e-05, 
      -1.4038863437647417e-06, 
      5.3735574568619877e-07
    ], 
    "raw_1": [
      -1.4038863437647415e-06, 
      1.2517899215992612e-05, 
      1.2750879559727084e-06
    ], 
    "raw_2": [
      5.3735574568619898e-07, 
      1.275087955972709e-06, 
      0.00032024608024020011
    ]
  }, 
  "h": 2.0929757826611408, 
  "t": 0.35000000000000009, 
  "x": -0.96610049788353292, 
  "y": -0.28571243895208653
}