{
  "t": 0.31000000000000005, 
  "vh": -0.0083670518086781907, 
  "vx": -0.00032660816561611266, 
  "vy": -0.00093390711640290662
}