{
  "covariance": {
    "row_0": [
      1.6963892436261524e-05, 
      -9.8151317102108463e-07, 
      -1.0833140252645559e-07
    ], 
    "row_1": [
      -9.8151317102108632e-07, 
      2.666972878734775e-05, 
      5.4347365109599936e-06
    ], 
    "row_2": [
      -1.0833140252645559e-07, 
      5.4347365109599165e-06, 
      0.0003899368082169451
    ]
  }, 
  "h": 2.7932873445056354, 
  "t": 0.49000000000000027, 
  "x": -0.049361430949610548, 
  "y": 0.18439169312551051
}