{
  "covariance": {
    "raw_0": [
      2.061782214402058e-05, 
      -2.12735865653605e-06, 
      7.274632517342428e-07
    ], 
    "raw_1": [
      -2.1273586565360496e-06, 
      1.8522076612715324e-05, 
      1.8023066689742403e-06
    ], 
    "raw_2": [
      7.2746325173424301e-07, 
      1.8023066689742413e-06, 
      0.00046575473420576744
    ]
  }, 
  "h": 2.0926865156597385, 
  "t": 0.3000000000000001, 
  "x": -0.96620338019453134, 
  "y": -0.28989838197246948
}