{
  "t": 0.01, 
  "vh": 0.0036295319111497048, 
  "vx": -0.0011543717911945571, 
  "vy": 0.00046995275574858881
}