{
  "covariance": {
    "raw_0": [
      0.0025806400000000025, 
      0.0, 
      0.0
    ], 
    "raw_1": [
      0.0, 
      0.0025806400000000025, 
      0.0
    ], 
    "raw_2": [
      0.0, 
      0.0, 
      0.010160640000000006
    ]
  }, 
  "h": 2.1086182688646247, 
  "t": 0.080000000000000002, 
  "x": -0.96585853110739339, 
  "y": -0.32637240100959525
}