{
  "t": 0.41000000000000003, 
  "vh": 0.00029080597968913769, 
  "vx": 0.00094392932434214411, 
  "vy": -0.00036156952081705681
}