{
  "t": 0.21000000000000002, 
  "vh": -0.0065450106728682164, 
  "vx": 0.000288549335530458, 
  "vy": 0.00092914284680657038
}