{
  "t": 0.070000000000000007, 
  "vh": 0.0041852550102649136, 
  "vx": 0.00081093288661580453, 
  "vy": -0.00098637340241695308
}