{
  "covariance": {
    "raw_0": [
      1.3551132780404708e-05, 
      -1.2514058602783315e-06, 
      4.5177515781312632e-07
    ], 
    "raw_1": [
      -1.2514058602783315e-06, 
      1.1842536794864072e-05, 
      1.0421137505664087e-06
    ], 
    "raw_2": [
      4.5177515781312674e-07, 
      1.0421137505664093e-06, 
      0.00025937647731901235
    ]
  }, 
  "h": 2.0931550355688286, 
  "t": 0.45000000000000007, 
  "x": -0.96765599014321491, 
  "y": -0.28577470131626087
}