{
  "t": 0.26000000000000006, 
  "vh": -0.0043618629483167734, 
  "vx": 0.00083230138410231031, 
  "vy": -0.00087801225951622194
}