{
  "covariance": {
    "raw_0": [
      1.0769614515487193e-05, 
      -1.1105250622658693e-06, 
      4.3312368690402893e-07
    ], 
    "raw_1": [
      -1.1105250622658693e-06, 
      9.2534384570095311e-06, 
      9.9928294074666193e-07
    ], 
    "raw_2": [
      4.3312368690402935e-07, 
      9.9928294074666257e-07, 
      0.00024665242659229874
    ]
  }, 
  "h": 2.0929066434656871, 
  "t": 0.41000000000000003, 
  "x": -0.96767174259784194, 
  "y": -0.28578931306117861
}