{
  "covariance": {
    "raw_0": [
      1.1397463329134655e-05, 
      -1.2495727696623498e-06, 
      5.1704108155890138e-07
    ], 
    "raw_1": [
      -1.2495727696623496e-06, 
      9.8459240686997836e-06, 
      1.227183919901572e-06
    ], 
    "raw_2": [
      5.1704108155890159e-07, 
      1.2271839199015726e-06, 
      0.00030605566825962218
    ]
  }, 
  "h": 2.0929217758108516, 
  "t": 0.30990234374999626, 
  "x": -0.96611919887752273, 
  "y": -0.28569447150041832
}