{
  "t": 0.41000000000000003, 
  "vh": 0.0076797801952885802, 
  "vx": -0.00080980734662267247, 
  "vy": -0.00014395314556423086
}