{
  "t": 0.10999999999999999, 
  "vh": -0.01755825637836083, 
  "vx": 0.0021322885262702301, 
  "vy": 0.0011485526102753341
}