{
  "initialHPosition": 0.95804954929918473, 
  "initialXPosition": 0.2930735407456232, 
  "initialYPosition": 0.22876426944920092, 
  "trueH": 1.0945917805595595, 
  "trueX": 0.33638120869768051, 
  "trueY": 0.22981882173535917
}