{
  "covariance": {
    "row_0": [
      9.279308278558163e-05, 
      0.00024121269027789288, 
      -3.7379766826684178e-05
    ], 
    "row_1": [
      0.0002412126902778928, 
      0.00078847086471937303, 
      -0.00012024480482418769
    ], 
    "row_2": [
      -3.7379766826684178e-05, 
      -0.00012024480482418747, 
      0.0011773751738030573
    ]
  }, 
  "h": 1.0812093424642173, 
  "t": 0.13999999999999999, 
  "x": 0.34392567985841294, 
  "y": 0.26184836877153672
}