{
  "t": 0.40000000000000019, 
  "vh": 0.0055583111241685875, 
  "vx": 0.00071038876927030235, 
  "vy": 0.001613852328354306
}