{
  "t": 0.11999999999999998, 
  "vh": -0.0069711050201064174, 
  "vx": -0.0012929100543925894, 
  "vy": 0.00071216762232235086
}