{
  "t": 0.49000000000000027, 
  "vh": -0.0016571294206418695, 
  "vx": 0.00055524656603643736, 
  "vy": -0.00033108164699768698
}