{
  "t": 0.060000000000000005, 
  "vh": -0.016436072986961085, 
  "vx": -7.1167421602870038e-05, 
  "vy": 0.00021764506819434737
}