{
  "covariance": {
    "row_0": [
      9.0270299434326714e-05, 
      0.00023834491272885019, 
      -3.7145487784875789e-05
    ], 
    "row_1": [
      0.00023834491272885011, 
      0.00077767765120049267, 
      -0.00011948805180063429
    ], 
    "row_2": [
      -3.7145487784875789e-05, 
      -0.00011948805180063407, 
      0.0011637128942116749
    ]
  }, 
  "h": 1.0812578616733466, 
  "t": 0.11999999999999998, 
  "x": 0.343939678480083, 
  "y": 0.26184199623824206
}