{
  "covariance": {
    "row_0": [
      0.002601000000000003, 
      0.0, 
      0.0
    ], 
    "row_1": [
      0.0, 
      0.002601000000000003, 
      0.0
    ], 
    "row_2": [
      0.0, 
      0.0, 
      0.010201000000000007
    ]
  }, 
  "h": 0.95761533153054745, 
  "t": 0.099999999999999992, 
  "x": 0.29311674636734003, 
  "y": 0.22878568762800955
}