{
  "t": 0.12999999999999998, 
  "vh": 0.0022675918142920203, 
  "vx": 0.00021583520620158393, 
  "vy": 0.0016062533476049491
}