{
  "t": 0.39000000000000018, 
  "vh": -0.0045852721261200402, 
  "vx": 0.00051061807448581987, 
  "vy": 0.0013930361222103467
}