{
  "t": 0.22000000000000006, 
  "vh": 0.017046088481788142, 
  "vx": 0.00014594851934753578, 
  "vy": -0.00039142881900301654
}