{
  "covariance": {
    "row_0": [
      6.7761030682670005e-05, 
      0.00016295247783699955, 
      -1.3061231726794639e-05
    ], 
    "row_1": [
      0.00016295247783699947, 
      0.00051621867986643922, 
      -4.0259244497331075e-05
    ], 
    "row_2": [
      -1.3061231726794626e-05, 
      -4.0259244497331075e-05, 
      0.0006704086870140773
    ]
  }, 
  "h": 1.0867626985470544, 
  "t": 0.28000000000000008, 
  "x": 0.34328855767650912, 
  "y": 0.23733250774284062
}