{
  "t": 0.25000000000000006, 
  "vh": -0.010571120780989372, 
  "vx": -0.00014477000592722969, 
  "vy": -0.00022336221420797797
}