{
  "covariance": {
    "row_0": [
      5.9179176953897008e-05, 
      0.00015353739109910425, 
      -1.2640850145754908e-05
    ], 
    "row_1": [
      0.00015353739109910417, 
      0.00048172590960098363, 
      -3.8961981125443633e-05
    ], 
    "row_2": [
      -1.2640850145754895e-05, 
      -3.8961981125443633e-05, 
      0.00062959450011238469
    ]
  }, 
  "h": 1.0866441671596181, 
  "t": 0.19990234374999627, 
  "x": 0.3432628148651739, 
  "y": 0.23735921918530953
}