{
  "covariance": {
    "row_0": [
      8.7815784696163948e-05, 
      0.00023546313235974401, 
      -3.6910064802433578e-05
    ], 
    "row_1": [
      0.00023546313235974393, 
      0.00076691232333490217, 
      -0.00011872760369395808
    ], 
    "row_2": [
      -3.6910064802433578e-05, 
      -0.00011872760369395786, 
      0.0011500644911619001
    ]
  }, 
  "h": 1.0813066187460494, 
  "t": 0.099902343750000927, 
  "x": 0.34396593849919799, 
  "y": 0.26182838672593095
}