{
  "t": 0.32000000000000012, 
  "vh": 0.029102565030438898, 
  "vx": 0.00035116755918874126, 
  "vy": 0.0002942510354809734
}