{
  "t": 0.34000000000000014, 
  "vh": -0.0030525683325504627, 
  "vx": 0.0011200273154581915, 
  "vy": 0.0014779437798024013
}