{
  "t": 0.21000000000000005, 
  "vh": -0.002773008777155468, 
  "vx": 0.0006306756535810489, 
  "vy": -0.0024043439206848779
}