{
  "covariance": {
    "row_0": [
      3.1311488473184108e-05, 
      7.259202640053421e-05, 
      -2.8587129853386516e-06
    ], 
    "row_1": [
      7.2592026400534129e-05, 
      0.00023037714799677012, 
      -8.7120246361037029e-06
    ], 
    "row_2": [
      -2.8587129853386491e-06, 
      -8.7120246361036927e-06, 
      0.00030473362358298696
    ]
  }, 
  "h": 1.0906972632390399, 
  "t": 0.4999023437500153, 
  "x": 0.33959966641249623, 
  "y": 0.23439093908555417
}