{
  "covariance": {
    "row_0": [
      3.7471865359421565e-05, 
      8.7541886237182918e-05, 
      -4.0637747878131534e-06
    ], 
    "row_1": [
      8.7541886237182837e-05, 
      0.00027750727742930227, 
      -1.2406409900167681e-05
    ], 
    "row_2": [
      -4.0637747878131483e-06, 
      -1.2406409900167671e-05, 
      0.00036515895131498575
    ]
  }, 
  "h": 1.0897682996928273, 
  "t": 0.42000000000000021, 
  "x": 0.34010537486783976, 
  "y": 0.23505056993625328
}