{
  "covariance": {
    "row_0": [
      5.2147043572595517e-05, 
      0.00011703736353142597, 
      -6.7308011590108256e-06
    ], 
    "row_1": [
      0.00011703736353142589, 
      0.00037400764319323336, 
      -2.0639852872393579e-05
    ], 
    "row_2": [
      -6.7308011590108188e-06, 
      -2.0639852872393545e-05, 
      0.00048676369049444811
    ]
  }, 
  "h": 1.0888994741638047, 
  "t": 0.39000000000000018, 
  "x": 0.34233580247763284, 
  "y": 0.2367046039963818
}