{
  "covariance": {
    "row_0": [
      5.10900080908225e-05, 
      0.00011606458232305905, 
      -6.6989618093092945e-06
    ], 
    "row_1": [
      0.00011606458232305897, 
      0.00037027538388820496, 
      -2.0542396511361862e-05
    ], 
    "row_2": [
      -6.6989618093092877e-06, 
      -2.0542396511361828e-05, 
      0.00048236233739893606
    ]
  }, 
  "h": 1.088945326885066, 
  "t": 0.38000000000000017, 
  "x": 0.342330696296888, 
  "y": 0.23669067363515969
}