{
  "t": 0.099999999999999992, 
  "vh": 0.0077630290283906668, 
  "vx": 0.0012877398951434756, 
  "vy": 0.0014323383615128659
}