{
  "t": 0.23000000000000007, 
  "vh": 0.010925726329850284, 
  "vx": 0.0020268870171747683, 
  "vy": 8.8236309896046121e-05
}