{
  "covariance": {
    "row_0": [
      6.0190380309129456e-05, 
      0.00015472432107801028, 
      -1.2693846311908917e-05
    ], 
    "row_1": [
      0.0001547243210780102, 
      0.00048600361962519186, 
      -3.9125522984323412e-05
    ], 
    "row_2": [
      -1.2693846311908903e-05, 
      -3.9125522984323412e-05, 
      0.00063466913098539455
    ]
  }, 
  "h": 1.0866161662702081, 
  "t": 0.21000000000000005, 
  "x": 0.34326918321112904, 
  "y": 0.23733494094689167
}