{
  "covariance": {
    "row_0": [
      4.5167795200184424e-05, 
      0.00011022789507285756, 
      -6.5079257111001639e-06
    ], 
    "row_1": [
      0.00011022789507285748, 
      0.0003483018280580346, 
      -1.9957658345171718e-05
    ], 
    "row_2": [
      -6.5079257111001572e-06, 
      -1.9957658345171685e-05, 
      0.00045637421882586455
    ]
  }, 
  "h": 1.0890716993435243, 
  "t": 0.32000000000000012, 
  "x": 0.34230819672506785, 
  "y": 0.23665448639703893
}