{
  "t": 0.27000000000000007, 
  "vh": 0.003588678246970262, 
  "vx": -0.00059323228551624277, 
  "vy": 5.2877181378604575e-05
}