{
  "t": 0.3000000000000001, 
  "vh": -0.02121236859866369, 
  "vx": 0.0012364352336602282, 
  "vy": 0.0002758054849413256
}