{
  "covariance": {
    "row_0": [
      9.5395866136836546e-05, 
      0.00024408046782693554, 
      -3.7614045868492567e-05
    ], 
    "row_1": [
      0.00024408046782693546, 
      0.00079934407823825334, 
      -0.00012100155784774108
    ], 
    "row_2": [
      -3.7614045868492567e-05, 
      -0.00012100155784774086, 
      0.0011911174533944396
    ]
  }, 
  "h": 1.0813346246611404, 
  "t": 0.16, 
  "x": 0.34391739953553829, 
  "y": 0.26183524373667211
}