{
  "t": 0.01, 
  "vh": 0.0085600010126992507, 
  "vx": -0.0012534974734282553, 
  "vy": 0.001837536828746597
}