{
  "t": 0.44000000000000022, 
  "vh": -0.0016671365613444653, 
  "vx": -0.00060220718100230299, 
  "vy": -0.0021211325190545662
}