{
  "covariance": {
    "row_0": [
      0.002560360000000002, 
      0.0, 
      0.0
    ], 
    "row_1": [
      0.0, 
      0.002560360000000002, 
      0.0
    ], 
    "row_2": [
      0.0, 
      0.0, 
      0.010120360000000005
    ]
  }, 
  "h": 0.95766779179094352, 
  "t": 0.060000000000000005, 
  "x": 0.29308587131020603, 
  "y": 0.2287697921124705
}