{
  "covariance": {
    "row_0": [
      4.3345062734435681e-05, 
      0.0001082728328396354, 
      -6.4439360805476778e-06
    ], 
    "row_1": [
      0.00010827283283963532, 
      0.00034110252271312509, 
      -1.9761793900832599e-05
    ], 
    "row_2": [
      -6.443936080547671e-06, 
      -1.9761793900832565e-05, 
      0.00044783019178094001
    ]
  }, 
  "h": 1.0886885378934961, 
  "t": 0.2999023437499963, 
  "x": 0.34232393575744408, 
  "y": 0.23666247870663551
}