{
  "t": 0.02, 
  "vh": -0.016389013604330153, 
  "vx": 0.0016090344830742393, 
  "vy": -0.0018352113105068475
}