{
  "covariance": {
    "row_0": [
      6.6619509200735647e-05, 
      0.00016177702687142966, 
      -1.3008748096096677e-05
    ], 
    "row_1": [
      0.00016177702687142958, 
      0.00051184224268911824, 
      -4.0097284281187118e-05
    ], 
    "row_2": [
      -1.3008748096096663e-05, 
      -4.0097284281187118e-05, 
      0.00066524303615283695
    ]
  }, 
  "h": 1.0868586274295571, 
  "t": 0.27000000000000007, 
  "x": 0.34328143680418233, 
  "y": 0.23733541683366699
}