{
  "covariance": {
    "row_0": [
      4.2104064535312433e-05, 
      9.1814566132886622e-05, 
      -4.1751401823139582e-06
    ], 
    "row_1": [
      9.1814566132886527e-05, 
      0.0002938549986552476, 
      -1.2745312939245952e-05
    ], 
    "row_2": [
      -4.1751401823139531e-06, 
      -1.2745312939245942e-05, 
      0.00038451475393602182
    ]
  }, 
  "h": 1.0897328636407393, 
  "t": 0.47000000000000025, 
  "x": 0.34010094198873669, 
  "y": 0.23503857639416711
}