{
  "t": 0.36000000000000015, 
  "vh": 0.0010034927491166779, 
  "vx": 0.00089872379101094298, 
  "vy": -0.001523563225574755
}