{
  "covariance": {
    "row_0": [
      5.3224079054368531e-05, 
      0.00011801014473979289, 
      -6.7626405087123567e-06
    ], 
    "row_1": [
      0.00011801014473979281, 
      0.00037775990249826175, 
      -2.0737309233425296e-05
    ], 
    "row_2": [
      -6.7626405087123499e-06, 
      -2.0737309233425262e-05, 
      0.00049118504358996009
    ]
  }, 
  "h": 1.0889550572750464, 
  "t": 0.40000000000000019, 
  "x": 0.34234290636532555, 
  "y": 0.23672074251966535
}