{
  "t": 0.43000000000000022, 
  "vh": -0.013656647494913843, 
  "vx": 0.001545824352136176, 
  "vy": -0.00049154206241644265
}