{
  "t": 0.31000000000000011, 
  "vh": 0.0091244737830911277, 
  "vx": -0.0019064530908430794, 
  "vy": -0.0010829067340659513
}