{
  "covariance": {
    "row_0": [
      4.0191184864956088e-05, 
      9.0105494174605159e-05, 
      -4.1305940245136376e-06
    ], 
    "row_1": [
      9.0105494174605065e-05, 
      0.00028725591016486951, 
      -1.2609751723614648e-05
    ], 
    "row_2": [
      -4.1305940245136325e-06, 
      -1.2609751723614638e-05, 
      0.00037671243288760745
    ]
  }, 
  "h": 1.089710819251863, 
  "t": 0.45000000000000023, 
  "x": 0.34009842336327378, 
  "y": 0.23504042748538706
}