{
  "t": 0.48000000000000026, 
  "vh": 0.025244371310628195, 
  "vx": -6.3366407762800755e-05, 
  "vy": -0.0023499377227570489
}