{
  "covariance": {
    "row_0": [
      4.4250759718411409e-05, 
      0.00010925511386449065, 
      -6.4760863613986371e-06
    ], 
    "row_1": [
      0.00010925511386449057, 
      0.00034470956875300624, 
      -1.9860201984140015e-05
    ], 
    "row_2": [
      -6.4760863613986303e-06, 
      -1.9860201984139981e-05, 
      0.0004521128657303526
    ]
  }, 
  "h": 1.08878067369322, 
  "t": 0.31000000000000011, 
  "x": 0.34230468504947598, 
  "y": 0.23665154388668411
}