{
  "t": 0.50000000000000022, 
  "vh": 0.0019874956860128946, 
  "vx": -0.00033665127082237661, 
  "vy": 0.00085693818789443592
}