{
  "covariance": {
    "row_0": [
      6.4396466236866915e-05, 
      0.00015942612494028983, 
      -1.2903780834700764e-05
    ], 
    "row_1": [
      0.00015942612494028975, 
      0.00050314936833447603, 
      -3.9773363848899239e-05
    ], 
    "row_2": [
      -1.2903780834700751e-05, 
      -3.9773363848899239e-05, 
      0.00065497173443035612
    ]
  }, 
  "h": 1.0867559783771705, 
  "t": 0.25000000000000006, 
  "x": 0.34327991191447116, 
  "y": 0.23733095820649766
}