{
  "covariance": {
    "row_0": [
      5.0052972609049486e-05, 
      0.00011509180111469213, 
      -6.6671224596077761e-06
    ], 
    "row_1": [
      0.00011509180111469205, 
      0.00036656312458317655, 
      -2.0444940150330182e-05
    ], 
    "row_2": [
      -6.6671224596077694e-06, 
      -2.0444940150330148e-05, 
      0.00047798098430342417
    ]
  }, 
  "h": 1.0889677290918034, 
  "t": 0.37000000000000016, 
  "x": 0.34232229534802455, 
  "y": 0.23666601053193914
}