{
  "t": 0.13999999999999999, 
  "vh": -0.0071195127272246075, 
  "vx": -0.0016156973732061419, 
  "vy": -0.00096900001813851155
}