{
  "t": 0.070000000000000007, 
  "vh": -0.0036236180840272577, 
  "vx": 0.00036757893619826656, 
  "vy": -0.0009479578768987044
}