{
  "covariance": {
    "row_0": [
      4.9035937127276476e-05, 
      0.00011411901990632523, 
      -6.6352831099062493e-06
    ], 
    "row_1": [
      0.00011411901990632515, 
      0.00036287086527814818, 
      -2.0347483789298475e-05
    ], 
    "row_2": [
      -6.6352831099062425e-06, 
      -2.0347483789298441e-05, 
      0.00047361963120791221
    ]
  }, 
  "h": 1.0889895682414568, 
  "t": 0.36000000000000015, 
  "x": 0.3423275061965726, 
  "y": 0.23665835531444734
}