{
  "t": 0.24000000000000007, 
  "vh": -0.0034194833343885217, 
  "vx": -0.00095519519638350087, 
  "vy": 0.0001282806839146433
}