{
  "t": 0.45000000000000023, 
  "vh": 0.009575739959810127, 
  "vx": -0.0016387676277309984, 
  "vy": 0.0015984294948467822
}