{
  "covariance": {
    "row_0": [
      6.549798771880128e-05, 
      0.00016060157590585975, 
      -1.2956264465398715e-05
    ], 
    "row_1": [
      0.00016060157590585967, 
      0.00050748580551179714, 
      -3.9935324065043161e-05
    ], 
    "row_2": [
      -1.2956264465398702e-05, 
      -3.9935324065043161e-05, 
      0.00066009738529159648
    ]
  }, 
  "h": 1.0868227406470874, 
  "t": 0.26000000000000006, 
  "x": 0.3432873691270375, 
  "y": 0.23733488806185321
}