{
  "t": 0.050000000000000003, 
  "vh": -0.002719852814385778, 
  "vx": 0.0010026733930061245, 
  "vy": -0.0014447638344616462
}