{
  "covariance": {
    "row_0": [
      6.8922552164604365e-05, 
      0.00016412792880256944, 
      -1.311371535749259e-05
    ], 
    "row_1": [
      0.00016412792880256938, 
      0.00052061511704376031, 
      -4.0421204713474997e-05
    ], 
    "row_2": [
      -1.3113715357492577e-05, 
      -4.0421204713474997e-05, 
      0.00067559433787531763
    ]
  }, 
  "h": 1.0867833724565887, 
  "t": 0.29000000000000009, 
  "x": 0.34328999936258414, 
  "y": 0.23732402991975962
}