{
  "t": 0.35000000000000014, 
  "vh": 0.013797033052184807, 
  "vx": -0.00041726131984925108, 
  "vy": 0.00010354563627106876
}