{
  "covariance": {
    "row_0": [
      0.0025300900000000013, 
      0.0, 
      0.0
    ], 
    "row_1": [
      0.0, 
      0.0025300900000000013, 
      0.0
    ], 
    "row_2": [
      0.0, 
      0.0, 
      0.010060090000000002
    ]
  }, 
  "h": 0.95784207943755639, 
  "t": 0.029999999999999999, 
  "x": 0.29307878438406193, 
  "y": 0.22877209603283249
}