{
  "covariance": {
    "row_0": [
      6.1211901791063814e-05, 
      0.00015589977204358017, 
      -1.2746329942606879e-05
    ], 
    "row_1": [
      0.00015589977204358009, 
      0.00049026005680251296, 
      -3.9287483200467369e-05
    ], 
    "row_2": [
      -1.2746329942606866e-05, 
      -3.9287483200467369e-05, 
      0.00063971478184663495
    ]
  }, 
  "h": 1.0867866271550259, 
  "t": 0.22000000000000006, 
  "x": 0.34327064269632251, 
  "y": 0.23733102665870165
}