{
  "t": 0.089999999999999997, 
  "vh": -0.013840404608979518, 
  "vx": 0.0017890373975727725, 
  "vy": 0.0017654519393673121
}