{
  "t": 0.4100000000000002, 
  "vh": -0.015837380297797111, 
  "vx": -0.0016765035865844425, 
  "vy": 0.0006081982564698934
}