{
  "t": 0.14999999999999999, 
  "vh": 0.0002614775868689621, 
  "vx": 0.0012437194246255215, 
  "vy": -0.00093690735341188597
}