{
  "covariance": {
    "row_0": [
      3.5750818284975391e-05, 
      8.5824469200981436e-05, 
      -4.0190111194767323e-06
    ], 
    "row_1": [
      8.5824469200981355e-05, 
      0.00027107713965583377, 
      -1.2270186764538279e-05
    ], 
    "row_2": [
      -4.0190111194767273e-06, 
      -1.2270186764538269e-05, 
      0.00035751970582450712
    ]
  }, 
  "h": 1.0899262908192249, 
  "t": 0.39990234375001527, 
  "x": 0.34012889407146096, 
  "y": 0.23505099414162478
}