{
  "covariance": {
    "row_0": [
      6.3314944754932554e-05, 
      0.00015825067397471994, 
      -1.2851297204002803e-05
    ], 
    "row_1": [
      0.00015825067397471986, 
      0.00049883293115715501, 
      -3.9611403632755282e-05
    ], 
    "row_2": [
      -1.285129720400279e-05, 
      -3.9611403632755282e-05, 
      0.00064986608356911574
    ]
  }, 
  "h": 1.0868616895849805, 
  "t": 0.24000000000000007, 
  "x": 0.34328135961453043, 
  "y": 0.23733319182863974
}