{
  "covariance": {
    "row_0": [
      0.0025908100000000029, 
      0.0, 
      0.0
    ], 
    "row_1": [
      0.0, 
      0.0025908100000000029, 
      0.0
    ], 
    "row_2": [
      0.0, 
      0.0, 
      0.010180810000000007
    ]
  }, 
  "h": 0.95753770124026349, 
  "t": 0.089999999999999997, 
  "x": 0.29310386896838858, 
  "y": 0.22877136424439443
}