{
  "covariance": {
    "row_0": [
      4.1137624700134262e-05, 
      9.0960030153745898e-05, 
      -4.1528671034137979e-06
    ], 
    "row_1": [
      9.0960030153745803e-05, 
      0.00029054545441005859, 
      -1.26775323314303e-05
    ], 
    "row_2": [
      -4.1528671034137928e-06, 
      -1.267753233143029e-05, 
      0.00038060359341181467
    ]
  }, 
  "h": 1.0897085793595178, 
  "t": 0.46000000000000024, 
  "x": 0.34009365774178241, 
  "y": 0.23506017283000349
}