{
  "covariance": {
    "row_0": [
      4.7061866163730443e-05, 
      0.00011217345748959139, 
      -6.5716044105032125e-06
    ], 
    "row_1": [
      0.00011217345748959131, 
      0.00035554634666809136, 
      -2.0152571067235115e-05
    ], 
    "row_2": [
      -6.5716044105032058e-06, 
      -2.0152571067235081e-05, 
      0.00046495692501688843
    ]
  }, 
  "h": 1.0888415629834438, 
  "t": 0.34000000000000014, 
  "x": 0.34232269157186102, 
  "y": 0.23667255549034039
}