{
  "covariance": {
    "row_0": [
      4.6104830681957435e-05, 
      0.00011120067628122448, 
      -6.5397650608016866e-06
    ], 
    "row_1": [
      0.0001112006762812244, 
      0.00035191408736306301, 
      -2.0055114706203412e-05
    ], 
    "row_2": [
      -6.5397650608016798e-06, 
      -2.0055114706203378e-05, 
      0.0004606555719213765
    ]
  }, 
  "h": 1.0888720886667693, 
  "t": 0.33000000000000013, 
  "x": 0.34231149129870642, 
  "y": 0.23665777605254237
}