{
  "t": 0.080000000000000002, 
  "vh": 0.0044549676250006612, 
  "vx": -0.00035685051551568415, 
  "vy": -0.00066028087007782756
}