{
  "covariance": {
    "row_0": [
      9.9450041163718923e-05, 
      0.00024838213415049953, 
      -3.7965464431205184e-05
    ], 
    "row_1": [
      0.00024838213415049947, 
      0.0008158038985165739, 
      -0.00012213668738307132
    ], 
    "row_2": [
      -3.7965464431205184e-05, 
      -0.0001221366873830711, 
      0.0012118808727815135
    ]
  }, 
  "h": 1.0809799229682835, 
  "t": 0.19000000000000003, 
  "x": 0.34393407443895074, 
  "y": 0.26185381996845791
}