{
  "t": 0.18000000000000002, 
  "vh": -0.0081619108076854668, 
  "vx": 0.00018403982036010362, 
  "vy": -2.4403096027186904e-05
}