{
  "t": 0.47000000000000025, 
  "vh": 0.0024284281221459633, 
  "vx": 0.00072842469543059015, 
  "vy": -0.0021596435836385491
}