{
  "covariance": {
    "row_0": [
      9.408447446120908e-05, 
      0.00024264657905241421, 
      -3.7496906347588359e-05
    ], 
    "row_1": [
      0.00024264657905241413, 
      0.00079389747147881314, 
      -0.00012062318133596434
    ], 
    "row_2": [
      -3.7496906347588359e-05, 
      -0.00012062318133596412, 
      0.0011842363135987483
    ]
  }, 
  "h": 1.081211957240086, 
  "t": 0.14999999999999999, 
  "x": 0.3439381170526592, 
  "y": 0.26183899969800262
}