{
  "t": 0.33000000000000013, 
  "vh": -0.019961067675490881, 
  "vx": 0.00032945736385528251, 
  "vy": 0.00032896555034528575
}