{
  "t": 0.42000000000000021, 
  "vh": 0.00019292957499078306, 
  "vx": -0.00065904467019578191, 
  "vy": -0.00065655822971617209
}