{
  "t": 0.20000000000000004, 
  "vh": -0.0054791688325240328, 
  "vx": -0.00038894490289095737, 
  "vy": 0.00074460377105983787
}