{
  "t": 0.29000000000000009, 
  "vh": 0.0020673909534261433, 
  "vx": 0.0001441686075023701, 
  "vy": -0.00084778230810090833
}