{
  "covariance": {
    "row_0": [
      7.0104073646538715e-05, 
      0.00016530337976813933, 
      -1.3166198988190563e-05
    ], 
    "row_1": [
      0.00016530337976813927, 
      0.00052503155422108127, 
      -4.0583164929618988e-05
    ], 
    "row_2": [
      -1.316619898819055e-05, 
      -4.0583164929618988e-05, 
      0.00068079998873655807
    ]
  }, 
  "h": 1.0865712487706021, 
  "t": 0.3000000000000001, 
  "x": 0.34330236371492073, 
  "y": 0.23732678797460904
}