{
  "covariance": {
    "row_0": [
      4.3090504370490606e-05, 
      9.266910211202736e-05, 
      -4.1974132612141218e-06
    ], 
    "row_1": [
      9.2669102112027265e-05, 
      0.00029718454290043666, 
      -1.2813093547061615e-05
    ], 
    "row_2": [
      -4.1974132612141168e-06, 
      -1.2813093547061604e-05, 
      0.00038844591446022907
    ]
  }, 
  "h": 1.0899853073538455, 
  "t": 0.48000000000000026, 
  "x": 0.34010030832465904, 
  "y": 0.23501507701693955
}