{
  "covariance": {
    "row_0": [
      9.1521691109954171e-05, 
      0.00023977880150337155, 
      -3.726262730577999e-05
    ], 
    "row_1": [
      0.00023977880150337147, 
      0.00078306425795993291, 
      -0.000119866428312411
    ], 
    "row_2": [
      -3.726262730577999e-05, 
      -0.00011986642831241079, 
      0.0011705340340073661
    ]
  }, 
  "h": 1.0812805375914896, 
  "t": 0.12999999999999998, 
  "x": 0.34394183683214502, 
  "y": 0.26185805877171808
}