{
  "covariance": {
    "row_0": [
      4.5123384040846943e-05, 
      9.4378174070308836e-05, 
      -4.2419594190144526e-06
    ], 
    "row_1": [
      9.4378174070308742e-05, 
      0.00030390363139081475, 
      -1.2948654762692949e-05
    ], 
    "row_2": [
      -4.2419594190144466e-06, 
      -1.2948654762692939e-05, 
      0.00039636823550864359
    ]
  }, 
  "h": 1.0899886110164991, 
  "t": 0.50000000000000022, 
  "x": 0.34010249427761119, 
  "y": 0.2350203355823485
}