{
  "covariance": {
    "row_0": [
      3.9264745029777911e-05, 
      8.9250958195464408e-05, 
      -4.1083209456134773e-06
    ], 
    "row_1": [
      8.9250958195464326e-05, 
      0.00028398636591968042, 
      -1.2541971115798996e-05
    ], 
    "row_2": [
      -4.1083209456134723e-06, 
      -1.2541971115798986e-05, 
      0.00037284127236340023
    ]
  }, 
  "h": 1.0896150618522649, 
  "t": 0.44000000000000022, 
  "x": 0.3401148110395511, 
  "y": 0.23502444319043858
}