{
  "t": 0.19000000000000003, 
  "vh": -0.022800963589426911, 
  "vx": 0.00069193378666751871, 
  "vy": 7.3142258443816138e-05
}