{
  "t": 0.26000000000000006, 
  "vh": 0.0066762269916970573, 
  "vx": 0.00074572125663256597, 
  "vy": 0.00039298553555544471
}