{
  "t": 0.37000000000000016, 
  "vh": -0.0021839149653419335, 
  "vx": -0.00052108485480685475, 
  "vy": 0.00076552174917937578
}