{
  "covariance": {
    "row_0": [
      3.8358305194599743e-05, 
      8.839642221632367e-05, 
      -4.0860478667133137e-06
    ], 
    "row_1": [
      8.8396422216323588e-05, 
      0.00028073682167449138, 
      -1.2474190507983334e-05
    ], 
    "row_2": [
      -4.0860478667133086e-06, 
      -1.2474190507983323e-05, 
      0.00036899011183919299
    ]
  }, 
  "h": 1.0896317332178782, 
  "t": 0.43000000000000022, 
  "x": 0.3401208331113611, 
  "y": 0.23504565451562912
}