{
  "t": 0.17000000000000001, 
  "vh": -0.0045072948885938003, 
  "vx": 0.00079151673421606981, 
  "vy": 0.0018088840161622952
}