{
  "t": 0.16, 
  "vh": 0.012266742105432793, 
  "vx": -0.002071751712091772, 
  "vy": -0.00037559613304976691
}