{
  "covariance": {
    "row_0": [
      3.6605425524243391e-05, 
      8.6687350258042166e-05, 
      -4.0415017089129974e-06
    ], 
    "row_1": [
      8.6687350258042085e-05, 
      0.00027429773318411315, 
      -1.2338629292352041e-05
    ], 
    "row_2": [
      -4.0415017089129923e-06, 
      -1.2338629292352031e-05, 
      0.00036134779079077854
    ]
  }, 
  "h": 1.0897663703970775, 
  "t": 0.4100000000000002, 
  "x": 0.34011196531454174, 
  "y": 0.23505713551855045
}