{
  "covariance": {
    "row_0": [
      8.9038907758699274e-05, 
      0.00023691102395432889, 
      -3.7028348263971561e-05
    ], 
    "row_1": [
      0.0002369110239543288, 
      0.00077231104444105264, 
      -0.00011910967528885748
    ], 
    "row_2": [
      -3.7028348263971561e-05, 
      -0.00011910967528885726, 
      0.0011569117544159835
    ]
  }, 
  "h": 1.0813275727235476, 
  "t": 0.10999999999999999, 
  "x": 0.3439526075806269, 
  "y": 0.26183487456201882
}