{
  "t": 0.46000000000000024, 
  "vh": -0.0002239892345267764, 
  "vx": -0.00047656214913987009, 
  "vy": 0.0019745344616431204
}