{
  "t": 0.28000000000000008, 
  "vh": -0.0095928882502571353, 
  "vx": 0.00071208723267835979, 
  "vy": -0.00029090908263617183
}