{
  "t": 0.38000000000000017, 
  "vh": -0.0022402206737415047, 
  "vx": 0.00084009488634637357, 
  "vy": 0.002466310322055834
}