{
  "covariance": {
    "row_0": [
      9.6727257812464002e-05, 
      0.00024551435660145687, 
      -3.7731185389396782e-05
    ], 
    "row_1": [
      0.00024551435660145681, 
      0.00080481068499769354, 
      -0.00012137993435951786
    ], 
    "row_2": [
      -3.7731185389396782e-05, 
      -0.00012137993435951765, 
      0.001198018593190131
    ]
  }, 
  "h": 1.0812895517122545, 
  "t": 0.17000000000000001, 
  "x": 0.34392531470288046, 
  "y": 0.26185333257683374
}