{
  "covariance": {
    "row_0": [
      4.8038901645503461e-05, 
      0.00011314623869795832, 
      -6.6034437602047267e-06
    ], 
    "row_1": [
      0.00011314623869795824, 
      0.0003591986059731198, 
      -2.0250027428266782e-05
    ], 
    "row_2": [
      -6.6034437602047199e-06, 
      -2.0250027428266748e-05, 
      0.0004692782781124003
    ]
  }, 
  "h": 1.0889795333139656, 
  "t": 0.35000000000000014, 
  "x": 0.3423185189586625, 
  "y": 0.23667359094670309
}