{
  "covariance": {
    "row_0": [
      0.00010084143283934637, 
      0.00024981602292502086, 
      -3.8082603952109392e-05
    ], 
    "row_1": [
      0.0002498160229250208, 
      0.00082133050527601406, 
      -0.00012251506389484806
    ], 
    "row_2": [
      -3.8082603952109392e-05, 
      -0.00012251506389484784, 
      0.0012188420125772048
    ]
  }, 
  "h": 1.0809251312799582, 
  "t": 0.20000000000000004, 
  "x": 0.34393018498992184, 
  "y": 0.26186126600616849
}