{
  "covariance": {
    "row_0": [
      6.2253423272998182e-05, 
      0.00015707522300915006, 
      -1.2798813573304841e-05
    ], 
    "row_1": [
      0.00015707522300914997, 
      0.00049453649397983399, 
      -3.9449443416611325e-05
    ], 
    "row_2": [
      -1.2798813573304827e-05, 
      -3.9449443416611325e-05, 
      0.00064478043270787535
    ]
  }, 
  "h": 1.0868958844183245, 
  "t": 0.23000000000000007, 
  "x": 0.34329091156649427, 
  "y": 0.2373319090218006
}