{
  "covariance": {
    "row_0": [
      4.4096944205668776e-05, 
      9.3523638091168085e-05, 
      -4.2196863401142923e-06
    ], 
    "row_1": [
      9.352363809116799e-05, 
      0.00030053408714562566, 
      -1.2880874154877297e-05
    ], 
    "row_2": [
      -4.2196863401142864e-06, 
      -1.2880874154877287e-05, 
      0.00039239707498443636
    ]
  }, 
  "h": 1.0899687360596391, 
  "t": 0.49000000000000027, 
  "x": 0.3401058607903194, 
  "y": 0.23501176620046957
}