{
  "t": 0.10999999999999999, 
  "vh": 0.0020751327812609981, 
  "vx": -0.0013201992859568777, 
  "vy": 0.00064250910579924587
}