{
  "covariance": {
    "row_0": [
      0.0025100100000000005, 
      0.0, 
      0.0
    ], 
    "row_1": [
      0.0, 
      0.0025100100000000005, 
      0.0
    ], 
    "row_2": [
      0.0, 
      0.0, 
      0.010020010000000001
    ]
  }, 
  "h": 0.95813514930931176, 
  "t": 0.01, 
  "x": 0.29306100577088889, 
  "y": 0.22878264481748839
}