{
  "t": 0.040000000000000001, 
  "vh": 0.0017271611400561334, 
  "vx": -0.00022281335699613836, 
  "vy": 0.00099672673006914107
}