{
  "covariance": {
    "row_0": [
      9.8078649488091461e-05, 
      0.0002469482453759782, 
      -3.784832491030099e-05
    ], 
    "row_1": [
      0.00024694824537597814, 
      0.00081029729175713372, 
      -0.0001217583108712946
    ], 
    "row_2": [
      -3.784832491030099e-05, 
      -0.00012175831087129439, 
      0.0012049397329858224
    ]
  }, 
  "h": 1.0812079326041777, 
  "t": 0.18000000000000002, 
  "x": 0.34392715510108407, 
  "y": 0.26185308854587347
}