{
  "t": 0.029999999999999999, 
  "vh": -0.012917973571199549, 
  "vx": 0.00016882683423080787, 
  "vy": 0.00078033284491763023
}