{
  "covariance": {
    "row_0": [
      0.0025704900000000025, 
      0.0, 
      0.0
    ], 
    "row_1": [
      0.0, 
      0.0025704900000000025, 
      0.0
    ], 
    "row_2": [
      0.0, 
      0.0, 
      0.010140490000000005
    ]
  }, 
  "h": 0.95763155561010327, 
  "t": 0.070000000000000007, 
  "x": 0.29308954709956803, 
  "y": 0.22876031253370152
}