{
  "h": 1.5978125745215903, 
  "x": 1.1572397079653218, 
  "y": -0.16456749538189008
}