{
  "h": 4.4319172668821869, 
  "x": 0.88351642807618336, 
  "y": -0.045873734882157735
}