{
  "h": 1.2488850617600757, 
  "x": -0.8422241278953877, 
  "y": -0.025032699961404559
}