{
  "h": 2.3291734129888177, 
  "x": 0.81427626046537926, 
  "y": -0.55182469369511655
}